=== ruby/network stats ===
system.ruby.network.ext_links0.credit_links0.power_state.pwrStateResidencyTicks::UNDEFINED         1000                       # Cumulative time (in ticks) in various power states (Tick)
system.ruby.network.ext_links0.credit_links1.power_state.pwrStateResidencyTicks::UNDEFINED         1000                       # Cumulative time (in ticks) in various power states (Tick)
system.ruby.network.ext_links0.ext_cred_bridge0.power_state.pwrStateResidencyTicks::UNDEFINED         1000                       # Cumulative time (in ticks) in various power states (Tick)
system.ruby.network.ext_links0.ext_cred_bridge1.power_state.pwrStateResidencyTicks::UNDEFINED         1000                       # Cumulative time (in ticks) in various power states (Tick)
system.ruby.network.ext_links0.ext_net_bridge0.power_state.pwrStateResidencyTicks::UNDEFINED         1000                       # Cumulative time (in ticks) in various power states (Tick)
system.ruby.network.ext_links0.ext_net_bridge1.power_state.pwrStateResidencyTicks::UNDEFINED         1000                       # Cumulative time (in ticks) in various power states (Tick)
system.ruby.network.ext_links0.int_cred_bridge0.power_state.pwrStateResidencyTicks::UNDEFINED         1000                       # Cumulative time (in ticks) in various power states (Tick)
system.ruby.network.ext_links0.int_cred_bridge1.power_state.pwrStateResidencyTicks::UNDEFINED         1000                       # Cumulative time (in ticks) in various power states (Tick)
system.ruby.network.ext_links0.int_net_bridge0.power_state.pwrStateResidencyTicks::UNDEFINED         1000                       # Cumulative time (in ticks) in various power states (Tick)
system.ruby.network.ext_links0.int_net_bridge1.power_state.pwrStateResidencyTicks::UNDEFINED         1000                       # Cumulative time (in ticks) in various power states (Tick)
system.ruby.network.ext_links0.network_links0.power_state.pwrStateResidencyTicks::UNDEFINED         1000                       # Cumulative time (in ticks) in various power states (Tick)
system.ruby.network.ext_links0.network_links1.power_state.pwrStateResidencyTicks::UNDEFINED         1000                       # Cumulative time (in ticks) in various power states (Tick)
system.ruby.network.ext_links1.credit_links0.power_state.pwrStateResidencyTicks::UNDEFINED         1000                       # Cumulative time (in ticks) in various power states (Tick)
system.ruby.network.ext_links1.credit_links1.power_state.pwrStateResidencyTicks::UNDEFINED         1000                       # Cumulative time (in ticks) in various power states (Tick)
system.ruby.network.ext_links1.ext_cred_bridge0.power_state.pwrStateResidencyTicks::UNDEFINED         1000                       # Cumulative time (in ticks) in various power states (Tick)
system.ruby.network.ext_links1.ext_cred_bridge1.power_state.pwrStateResidencyTicks::UNDEFINED         1000                       # Cumulative time (in ticks) in various power states (Tick)
system.ruby.network.ext_links1.ext_net_bridge0.power_state.pwrStateResidencyTicks::UNDEFINED         1000                       # Cumulative time (in ticks) in various power states (Tick)
system.ruby.network.ext_links1.ext_net_bridge1.power_state.pwrStateResidencyTicks::UNDEFINED         1000                       # Cumulative time (in ticks) in various power states (Tick)
system.ruby.network.ext_links1.int_cred_bridge0.power_state.pwrStateResidencyTicks::UNDEFINED         1000                       # Cumulative time (in ticks) in various power states (Tick)
system.ruby.network.ext_links1.int_cred_bridge1.power_state.pwrStateResidencyTicks::UNDEFINED         1000                       # Cumulative time (in ticks) in various power states (Tick)
system.ruby.network.ext_links1.int_net_bridge0.power_state.pwrStateResidencyTicks::UNDEFINED         1000                       # Cumulative time (in ticks) in various power states (Tick)
system.ruby.network.ext_links1.int_net_bridge1.power_state.pwrStateResidencyTicks::UNDEFINED         1000                       # Cumulative time (in ticks) in various power states (Tick)
system.ruby.network.ext_links1.network_links0.power_state.pwrStateResidencyTicks::UNDEFINED         1000                       # Cumulative time (in ticks) in various power states (Tick)
system.ruby.network.ext_links1.network_links1.power_state.pwrStateResidencyTicks::UNDEFINED         1000                       # Cumulative time (in ticks) in various power states (Tick)
system.ruby.network.ext_links10.credit_links0.power_state.pwrStateResidencyTicks::UNDEFINED         1000                       # Cumulative time (in ticks) in various power states (Tick)
system.ruby.network.ext_links10.credit_links1.power_state.pwrStateResidencyTicks::UNDEFINED         1000                       # Cumulative time (in ticks) in various power states (Tick)
system.ruby.network.ext_links10.ext_cred_bridge0.power_state.pwrStateResidencyTicks::UNDEFINED         1000                       # Cumulative time (in ticks) in various power states (Tick)
system.ruby.network.ext_links10.ext_cred_bridge1.power_state.pwrStateResidencyTicks::UNDEFINED         1000                       # Cumulative time (in ticks) in various power states (Tick)
system.ruby.network.ext_links10.ext_net_bridge0.power_state.pwrStateResidencyTicks::UNDEFINED         1000                       # Cumulative time (in ticks) in various power states (Tick)
system.ruby.network.ext_links10.ext_net_bridge1.power_state.pwrStateResidencyTicks::UNDEFINED         1000                       # Cumulative time (in ticks) in various power states (Tick)
system.ruby.network.ext_links10.int_cred_bridge0.power_state.pwrStateResidencyTicks::UNDEFINED         1000                       # Cumulative time (in ticks) in various power states (Tick)
system.ruby.network.ext_links10.int_cred_bridge1.power_state.pwrStateResidencyTicks::UNDEFINED         1000                       # Cumulative time (in ticks) in various power states (Tick)
system.ruby.network.ext_links10.int_net_bridge0.power_state.pwrStateResidencyTicks::UNDEFINED         1000                       # Cumulative time (in ticks) in various power states (Tick)
system.ruby.network.ext_links10.int_net_bridge1.power_state.pwrStateResidencyTicks::UNDEFINED         1000                       # Cumulative time (in ticks) in various power states (Tick)
system.ruby.network.ext_links10.network_links0.power_state.pwrStateResidencyTicks::UNDEFINED         1000                       # Cumulative time (in ticks) in various power states (Tick)
system.ruby.network.ext_links10.network_links1.power_state.pwrStateResidencyTicks::UNDEFINED         1000                       # Cumulative time (in ticks) in various power states (Tick)
system.ruby.network.ext_links11.credit_links0.power_state.pwrStateResidencyTicks::UNDEFINED         1000                       # Cumulative time (in ticks) in various power states (Tick)
system.ruby.network.ext_links11.credit_links1.power_state.pwrStateResidencyTicks::UNDEFINED         1000                       # Cumulative time (in ticks) in various power states (Tick)
system.ruby.network.ext_links11.ext_cred_bridge0.power_state.pwrStateResidencyTicks::UNDEFINED         1000                       # Cumulative time (in ticks) in various power states (Tick)
system.ruby.network.ext_links11.ext_cred_bridge1.power_state.pwrStateResidencyTicks::UNDEFINED         1000                       # Cumulative time (in ticks) in various power states (Tick)
system.ruby.network.ext_links11.ext_net_bridge0.power_state.pwrStateResidencyTicks::UNDEFINED         1000                       # Cumulative time (in ticks) in various power states (Tick)
system.ruby.network.ext_links11.ext_net_bridge1.power_state.pwrStateResidencyTicks::UNDEFINED         1000                       # Cumulative time (in ticks) in various power states (Tick)
system.ruby.network.ext_links11.int_cred_bridge0.power_state.pwrStateResidencyTicks::UNDEFINED         1000                       # Cumulative time (in ticks) in various power states (Tick)
system.ruby.network.ext_links11.int_cred_bridge1.power_state.pwrStateResidencyTicks::UNDEFINED         1000                       # Cumulative time (in ticks) in various power states (Tick)
system.ruby.network.ext_links11.int_net_bridge0.power_state.pwrStateResidencyTicks::UNDEFINED         1000                       # Cumulative time (in ticks) in various power states (Tick)
system.ruby.network.ext_links11.int_net_bridge1.power_state.pwrStateResidencyTicks::UNDEFINED         1000                       # Cumulative time (in ticks) in various power states (Tick)
system.ruby.network.ext_links11.network_links0.power_state.pwrStateResidencyTicks::UNDEFINED         1000                       # Cumulative time (in ticks) in various power states (Tick)
system.ruby.network.ext_links11.network_links1.power_state.pwrStateResidencyTicks::UNDEFINED         1000                       # Cumulative time (in ticks) in various power states (Tick)
system.ruby.network.ext_links12.credit_links0.power_state.pwrStateResidencyTicks::UNDEFINED         1000                       # Cumulative time (in ticks) in various power states (Tick)
system.ruby.network.ext_links12.credit_links1.power_state.pwrStateResidencyTicks::UNDEFINED         1000                       # Cumulative time (in ticks) in various power states (Tick)
system.ruby.network.ext_links12.ext_cred_bridge0.power_state.pwrStateResidencyTicks::UNDEFINED         1000                       # Cumulative time (in ticks) in various power states (Tick)
system.ruby.network.ext_links12.ext_cred_bridge1.power_state.pwrStateResidencyTicks::UNDEFINED         1000                       # Cumulative time (in ticks) in various power states (Tick)
system.ruby.network.ext_links12.ext_net_bridge0.power_state.pwrStateResidencyTicks::UNDEFINED         1000                       # Cumulative time (in ticks) in various power states (Tick)
system.ruby.network.ext_links12.ext_net_bridge1.power_state.pwrStateResidencyTicks::UNDEFINED         1000                       # Cumulative time (in ticks) in various power states (Tick)
system.ruby.network.ext_links12.int_cred_bridge0.power_state.pwrStateResidencyTicks::UNDEFINED         1000                       # Cumulative time (in ticks) in various power states (Tick)
system.ruby.network.ext_links12.int_cred_bridge1.power_state.pwrStateResidencyTicks::UNDEFINED         1000                       # Cumulative time (in ticks) in various power states (Tick)
system.ruby.network.ext_links12.int_net_bridge0.power_state.pwrStateResidencyTicks::UNDEFINED         1000                       # Cumulative time (in ticks) in various power states (Tick)
system.ruby.network.ext_links12.int_net_bridge1.power_state.pwrStateResidencyTicks::UNDEFINED         1000                       # Cumulative time (in ticks) in various power states (Tick)
system.ruby.network.ext_links12.network_links0.power_state.pwrStateResidencyTicks::UNDEFINED         1000                       # Cumulative time (in ticks) in various power states (Tick)
system.ruby.network.ext_links12.network_links1.power_state.pwrStateResidencyTicks::UNDEFINED         1000                       # Cumulative time (in ticks) in various power states (Tick)
system.ruby.network.ext_links13.credit_links0.power_state.pwrStateResidencyTicks::UNDEFINED         1000                       # Cumulative time (in ticks) in various power states (Tick)
system.ruby.network.ext_links13.credit_links1.power_state.pwrStateResidencyTicks::UNDEFINED         1000                       # Cumulative time (in ticks) in various power states (Tick)
system.ruby.network.ext_links13.ext_cred_bridge0.power_state.pwrStateResidencyTicks::UNDEFINED         1000                       # Cumulative time (in ticks) in various power states (Tick)
system.ruby.network.ext_links13.ext_cred_bridge1.power_state.pwrStateResidencyTicks::UNDEFINED         1000                       # Cumulative time (in ticks) in various power states (Tick)
system.ruby.network.ext_links13.ext_net_bridge0.power_state.pwrStateResidencyTicks::UNDEFINED         1000                       # Cumulative time (in ticks) in various power states (Tick)
system.ruby.network.ext_links13.ext_net_bridge1.power_state.pwrStateResidencyTicks::UNDEFINED         1000                       # Cumulative time (in ticks) in various power states (Tick)
system.ruby.network.ext_links13.int_cred_bridge0.power_state.pwrStateResidencyTicks::UNDEFINED         1000                       # Cumulative time (in ticks) in various power states (Tick)
system.ruby.network.ext_links13.int_cred_bridge1.power_state.pwrStateResidencyTicks::UNDEFINED         1000                       # Cumulative time (in ticks) in various power states (Tick)
system.ruby.network.ext_links13.int_net_bridge0.power_state.pwrStateResidencyTicks::UNDEFINED         1000                       # Cumulative time (in ticks) in various power states (Tick)
system.ruby.network.ext_links13.int_net_bridge1.power_state.pwrStateResidencyTicks::UNDEFINED         1000                       # Cumulative time (in ticks) in various power states (Tick)
system.ruby.network.ext_links13.network_links0.power_state.pwrStateResidencyTicks::UNDEFINED         1000                       # Cumulative time (in ticks) in various power states (Tick)
system.ruby.network.ext_links13.network_links1.power_state.pwrStateResidencyTicks::UNDEFINED         1000                       # Cumulative time (in ticks) in various power states (Tick)
system.ruby.network.ext_links14.credit_links0.power_state.pwrStateResidencyTicks::UNDEFINED         1000                       # Cumulative time (in ticks) in various power states (Tick)
system.ruby.network.ext_links14.credit_links1.power_state.pwrStateResidencyTicks::UNDEFINED         1000                       # Cumulative time (in ticks) in various power states (Tick)
system.ruby.network.ext_links14.ext_cred_bridge0.power_state.pwrStateResidencyTicks::UNDEFINED         1000                       # Cumulative time (in ticks) in various power states (Tick)
system.ruby.network.ext_links14.ext_cred_bridge1.power_state.pwrStateResidencyTicks::UNDEFINED         1000                       # Cumulative time (in ticks) in various power states (Tick)
system.ruby.network.ext_links14.ext_net_bridge0.power_state.pwrStateResidencyTicks::UNDEFINED         1000                       # Cumulative time (in ticks) in various power states (Tick)
system.ruby.network.ext_links14.ext_net_bridge1.power_state.pwrStateResidencyTicks::UNDEFINED         1000                       # Cumulative time (in ticks) in various power states (Tick)
system.ruby.network.ext_links14.int_cred_bridge0.power_state.pwrStateResidencyTicks::UNDEFINED         1000                       # Cumulative time (in ticks) in various power states (Tick)
system.ruby.network.ext_links14.int_cred_bridge1.power_state.pwrStateResidencyTicks::UNDEFINED         1000                       # Cumulative time (in ticks) in various power states (Tick)
system.ruby.network.ext_links14.int_net_bridge0.power_state.pwrStateResidencyTicks::UNDEFINED         1000                       # Cumulative time (in ticks) in various power states (Tick)
system.ruby.network.ext_links14.int_net_bridge1.power_state.pwrStateResidencyTicks::UNDEFINED         1000                       # Cumulative time (in ticks) in various power states (Tick)
system.ruby.network.ext_links14.network_links0.power_state.pwrStateResidencyTicks::UNDEFINED         1000                       # Cumulative time (in ticks) in various power states (Tick)
system.ruby.network.ext_links14.network_links1.power_state.pwrStateResidencyTicks::UNDEFINED         1000                       # Cumulative time (in ticks) in various power states (Tick)
system.ruby.network.ext_links15.credit_links0.power_state.pwrStateResidencyTicks::UNDEFINED         1000                       # Cumulative time (in ticks) in various power states (Tick)
system.ruby.network.ext_links15.credit_links1.power_state.pwrStateResidencyTicks::UNDEFINED         1000                       # Cumulative time (in ticks) in various power states (Tick)
system.ruby.network.ext_links15.ext_cred_bridge0.power_state.pwrStateResidencyTicks::UNDEFINED         1000                       # Cumulative time (in ticks) in various power states (Tick)
system.ruby.network.ext_links15.ext_cred_bridge1.power_state.pwrStateResidencyTicks::UNDEFINED         1000                       # Cumulative time (in ticks) in various power states (Tick)
system.ruby.network.ext_links15.ext_net_bridge0.power_state.pwrStateResidencyTicks::UNDEFINED         1000                       # Cumulative time (in ticks) in various power states (Tick)
system.ruby.network.ext_links15.ext_net_bridge1.power_state.pwrStateResidencyTicks::UNDEFINED         1000                       # Cumulative time (in ticks) in various power states (Tick)
system.ruby.network.ext_links15.int_cred_bridge0.power_state.pwrStateResidencyTicks::UNDEFINED         1000                       # Cumulative time (in ticks) in various power states (Tick)
system.ruby.network.ext_links15.int_cred_bridge1.power_state.pwrStateResidencyTicks::UNDEFINED         1000                       # Cumulative time (in ticks) in various power states (Tick)
system.ruby.network.ext_links15.int_net_bridge0.power_state.pwrStateResidencyTicks::UNDEFINED         1000                       # Cumulative time (in ticks) in various power states (Tick)
system.ruby.network.ext_links15.int_net_bridge1.power_state.pwrStateResidencyTicks::UNDEFINED         1000                       # Cumulative time (in ticks) in various power states (Tick)
system.ruby.network.ext_links15.network_links0.power_state.pwrStateResidencyTicks::UNDEFINED         1000                       # Cumulative time (in ticks) in various power states (Tick)
system.ruby.network.ext_links15.network_links1.power_state.pwrStateResidencyTicks::UNDEFINED         1000                       # Cumulative time (in ticks) in various power states (Tick)
system.ruby.network.ext_links16.credit_links0.power_state.pwrStateResidencyTicks::UNDEFINED         1000                       # Cumulative time (in ticks) in various power states (Tick)
system.ruby.network.ext_links16.credit_links1.power_state.pwrStateResidencyTicks::UNDEFINED         1000                       # Cumulative time (in ticks) in various power states (Tick)
system.ruby.network.ext_links16.ext_cred_bridge0.power_state.pwrStateResidencyTicks::UNDEFINED         1000                       # Cumulative time (in ticks) in various power states (Tick)
system.ruby.network.ext_links16.ext_cred_bridge1.power_state.pwrStateResidencyTicks::UNDEFINED         1000                       # Cumulative time (in ticks) in various power states (Tick)
system.ruby.network.ext_links16.ext_net_bridge0.power_state.pwrStateResidencyTicks::UNDEFINED         1000                       # Cumulative time (in ticks) in various power states (Tick)
system.ruby.network.ext_links16.ext_net_bridge1.power_state.pwrStateResidencyTicks::UNDEFINED         1000                       # Cumulative time (in ticks) in various power states (Tick)
system.ruby.network.ext_links16.int_cred_bridge0.power_state.pwrStateResidencyTicks::UNDEFINED         1000                       # Cumulative time (in ticks) in various power states (Tick)
system.ruby.network.ext_links16.int_cred_bridge1.power_state.pwrStateResidencyTicks::UNDEFINED         1000                       # Cumulative time (in ticks) in various power states (Tick)
system.ruby.network.ext_links16.int_net_bridge0.power_state.pwrStateResidencyTicks::UNDEFINED         1000                       # Cumulative time (in ticks) in various power states (Tick)
system.ruby.network.ext_links16.int_net_bridge1.power_state.pwrStateResidencyTicks::UNDEFINED         1000                       # Cumulative time (in ticks) in various power states (Tick)
system.ruby.network.ext_links16.network_links0.power_state.pwrStateResidencyTicks::UNDEFINED         1000                       # Cumulative time (in ticks) in various power states (Tick)
system.ruby.network.ext_links16.network_links1.power_state.pwrStateResidencyTicks::UNDEFINED         1000                       # Cumulative time (in ticks) in various power states (Tick)
system.ruby.network.ext_links17.credit_links0.power_state.pwrStateResidencyTicks::UNDEFINED         1000                       # Cumulative time (in ticks) in various power states (Tick)
system.ruby.network.ext_links17.credit_links1.power_state.pwrStateResidencyTicks::UNDEFINED         1000                       # Cumulative time (in ticks) in various power states (Tick)
system.ruby.network.ext_links17.ext_cred_bridge0.power_state.pwrStateResidencyTicks::UNDEFINED         1000                       # Cumulative time (in ticks) in various power states (Tick)
system.ruby.network.ext_links17.ext_cred_bridge1.power_state.pwrStateResidencyTicks::UNDEFINED         1000                       # Cumulative time (in ticks) in various power states (Tick)
system.ruby.network.ext_links17.ext_net_bridge0.power_state.pwrStateResidencyTicks::UNDEFINED         1000                       # Cumulative time (in ticks) in various power states (Tick)
system.ruby.network.ext_links17.ext_net_bridge1.power_state.pwrStateResidencyTicks::UNDEFINED         1000                       # Cumulative time (in ticks) in various power states (Tick)
system.ruby.network.ext_links17.int_cred_bridge0.power_state.pwrStateResidencyTicks::UNDEFINED         1000                       # Cumulative time (in ticks) in various power states (Tick)
system.ruby.network.ext_links17.int_cred_bridge1.power_state.pwrStateResidencyTicks::UNDEFINED         1000                       # Cumulative time (in ticks) in various power states (Tick)
system.ruby.network.ext_links17.int_net_bridge0.power_state.pwrStateResidencyTicks::UNDEFINED         1000                       # Cumulative time (in ticks) in various power states (Tick)
system.ruby.network.ext_links17.int_net_bridge1.power_state.pwrStateResidencyTicks::UNDEFINED         1000                       # Cumulative time (in ticks) in various power states (Tick)
system.ruby.network.ext_links17.network_links0.power_state.pwrStateResidencyTicks::UNDEFINED         1000                       # Cumulative time (in ticks) in various power states (Tick)
system.ruby.network.ext_links17.network_links1.power_state.pwrStateResidencyTicks::UNDEFINED         1000                       # Cumulative time (in ticks) in various power states (Tick)
system.ruby.network.ext_links18.credit_links0.power_state.pwrStateResidencyTicks::UNDEFINED         1000                       # Cumulative time (in ticks) in various power states (Tick)
system.ruby.network.ext_links18.credit_links1.power_state.pwrStateResidencyTicks::UNDEFINED         1000                       # Cumulative time (in ticks) in various power states (Tick)
system.ruby.network.ext_links18.ext_cred_bridge0.power_state.pwrStateResidencyTicks::UNDEFINED         1000                       # Cumulative time (in ticks) in various power states (Tick)
system.ruby.network.ext_links18.ext_cred_bridge1.power_state.pwrStateResidencyTicks::UNDEFINED         1000                       # Cumulative time (in ticks) in various power states (Tick)
system.ruby.network.ext_links18.ext_net_bridge0.power_state.pwrStateResidencyTicks::UNDEFINED         1000                       # Cumulative time (in ticks) in various power states (Tick)
system.ruby.network.ext_links18.ext_net_bridge1.power_state.pwrStateResidencyTicks::UNDEFINED         1000                       # Cumulative time (in ticks) in various power states (Tick)
system.ruby.network.ext_links18.int_cred_bridge0.power_state.pwrStateResidencyTicks::UNDEFINED         1000                       # Cumulative time (in ticks) in various power states (Tick)
system.ruby.network.ext_links18.int_cred_bridge1.power_state.pwrStateResidencyTicks::UNDEFINED         1000                       # Cumulative time (in ticks) in various power states (Tick)
system.ruby.network.ext_links18.int_net_bridge0.power_state.pwrStateResidencyTicks::UNDEFINED         1000                       # Cumulative time (in ticks) in various power states (Tick)
system.ruby.network.ext_links18.int_net_bridge1.power_state.pwrStateResidencyTicks::UNDEFINED         1000                       # Cumulative time (in ticks) in various power states (Tick)
system.ruby.network.ext_links18.network_links0.power_state.pwrStateResidencyTicks::UNDEFINED         1000                       # Cumulative time (in ticks) in various power states (Tick)
system.ruby.network.ext_links18.network_links1.power_state.pwrStateResidencyTicks::UNDEFINED         1000                       # Cumulative time (in ticks) in various power states (Tick)
system.ruby.network.ext_links19.credit_links0.power_state.pwrStateResidencyTicks::UNDEFINED         1000                       # Cumulative time (in ticks) in various power states (Tick)
system.ruby.network.ext_links19.credit_links1.power_state.pwrStateResidencyTicks::UNDEFINED         1000                       # Cumulative time (in ticks) in various power states (Tick)
system.ruby.network.ext_links19.ext_cred_bridge0.power_state.pwrStateResidencyTicks::UNDEFINED         1000                       # Cumulative time (in ticks) in various power states (Tick)
system.ruby.network.ext_links19.ext_cred_bridge1.power_state.pwrStateResidencyTicks::UNDEFINED         1000                       # Cumulative time (in ticks) in various power states (Tick)
system.ruby.network.ext_links19.ext_net_bridge0.power_state.pwrStateResidencyTicks::UNDEFINED         1000                       # Cumulative time (in ticks) in various power states (Tick)
system.ruby.network.ext_links19.ext_net_bridge1.power_state.pwrStateResidencyTicks::UNDEFINED         1000                       # Cumulative time (in ticks) in various power states (Tick)
system.ruby.network.ext_links19.int_cred_bridge0.power_state.pwrStateResidencyTicks::UNDEFINED         1000                       # Cumulative time (in ticks) in various power states (Tick)
system.ruby.network.ext_links19.int_cred_bridge1.power_state.pwrStateResidencyTicks::UNDEFINED         1000                       # Cumulative time (in ticks) in various power states (Tick)
system.ruby.network.ext_links19.int_net_bridge0.power_state.pwrStateResidencyTicks::UNDEFINED         1000                       # Cumulative time (in ticks) in various power states (Tick)
system.ruby.network.ext_links19.int_net_bridge1.power_state.pwrStateResidencyTicks::UNDEFINED         1000                       # Cumulative time (in ticks) in various power states (Tick)
system.ruby.network.ext_links19.network_links0.power_state.pwrStateResidencyTicks::UNDEFINED         1000                       # Cumulative time (in ticks) in various power states (Tick)
system.ruby.network.ext_links19.network_links1.power_state.pwrStateResidencyTicks::UNDEFINED         1000                       # Cumulative time (in ticks) in various power states (Tick)
system.ruby.network.ext_links2.credit_links0.power_state.pwrStateResidencyTicks::UNDEFINED         1000                       # Cumulative time (in ticks) in various power states (Tick)
system.ruby.network.ext_links2.credit_links1.power_state.pwrStateResidencyTicks::UNDEFINED         1000                       # Cumulative time (in ticks) in various power states (Tick)
system.ruby.network.ext_links2.ext_cred_bridge0.power_state.pwrStateResidencyTicks::UNDEFINED         1000                       # Cumulative time (in ticks) in various power states (Tick)
system.ruby.network.ext_links2.ext_cred_bridge1.power_state.pwrStateResidencyTicks::UNDEFINED         1000                       # Cumulative time (in ticks) in various power states (Tick)
system.ruby.network.ext_links2.ext_net_bridge0.power_state.pwrStateResidencyTicks::UNDEFINED         1000                       # Cumulative time (in ticks) in various power states (Tick)
system.ruby.network.ext_links2.ext_net_bridge1.power_state.pwrStateResidencyTicks::UNDEFINED         1000                       # Cumulative time (in ticks) in various power states (Tick)
system.ruby.network.ext_links2.int_cred_bridge0.power_state.pwrStateResidencyTicks::UNDEFINED         1000                       # Cumulative time (in ticks) in various power states (Tick)
system.ruby.network.ext_links2.int_cred_bridge1.power_state.pwrStateResidencyTicks::UNDEFINED         1000                       # Cumulative time (in ticks) in various power states (Tick)
system.ruby.network.ext_links2.int_net_bridge0.power_state.pwrStateResidencyTicks::UNDEFINED         1000                       # Cumulative time (in ticks) in various power states (Tick)
system.ruby.network.ext_links2.int_net_bridge1.power_state.pwrStateResidencyTicks::UNDEFINED         1000                       # Cumulative time (in ticks) in various power states (Tick)
system.ruby.network.ext_links2.network_links0.power_state.pwrStateResidencyTicks::UNDEFINED         1000                       # Cumulative time (in ticks) in various power states (Tick)
system.ruby.network.ext_links2.network_links1.power_state.pwrStateResidencyTicks::UNDEFINED         1000                       # Cumulative time (in ticks) in various power states (Tick)
system.ruby.network.ext_links20.credit_links0.power_state.pwrStateResidencyTicks::UNDEFINED         1000                       # Cumulative time (in ticks) in various power states (Tick)
system.ruby.network.ext_links20.credit_links1.power_state.pwrStateResidencyTicks::UNDEFINED         1000                       # Cumulative time (in ticks) in various power states (Tick)
system.ruby.network.ext_links20.ext_cred_bridge0.power_state.pwrStateResidencyTicks::UNDEFINED         1000                       # Cumulative time (in ticks) in various power states (Tick)
system.ruby.network.ext_links20.ext_cred_bridge1.power_state.pwrStateResidencyTicks::UNDEFINED         1000                       # Cumulative time (in ticks) in various power states (Tick)
system.ruby.network.ext_links20.ext_net_bridge0.power_state.pwrStateResidencyTicks::UNDEFINED         1000                       # Cumulative time (in ticks) in various power states (Tick)
system.ruby.network.ext_links20.ext_net_bridge1.power_state.pwrStateResidencyTicks::UNDEFINED         1000                       # Cumulative time (in ticks) in various power states (Tick)
system.ruby.network.ext_links20.int_cred_bridge0.power_state.pwrStateResidencyTicks::UNDEFINED         1000                       # Cumulative time (in ticks) in various power states (Tick)
system.ruby.network.ext_links20.int_cred_bridge1.power_state.pwrStateResidencyTicks::UNDEFINED         1000                       # Cumulative time (in ticks) in various power states (Tick)
system.ruby.network.ext_links20.int_net_bridge0.power_state.pwrStateResidencyTicks::UNDEFINED         1000                       # Cumulative time (in ticks) in various power states (Tick)
system.ruby.network.ext_links20.int_net_bridge1.power_state.pwrStateResidencyTicks::UNDEFINED         1000                       # Cumulative time (in ticks) in various power states (Tick)
system.ruby.network.ext_links20.network_links0.power_state.pwrStateResidencyTicks::UNDEFINED         1000                       # Cumulative time (in ticks) in various power states (Tick)
system.ruby.network.ext_links20.network_links1.power_state.pwrStateResidencyTicks::UNDEFINED         1000                       # Cumulative time (in ticks) in various power states (Tick)
system.ruby.network.ext_links21.credit_links0.power_state.pwrStateResidencyTicks::UNDEFINED         1000                       # Cumulative time (in ticks) in various power states (Tick)
system.ruby.network.ext_links21.credit_links1.power_state.pwrStateResidencyTicks::UNDEFINED         1000                       # Cumulative time (in ticks) in various power states (Tick)
system.ruby.network.ext_links21.ext_cred_bridge0.power_state.pwrStateResidencyTicks::UNDEFINED         1000                       # Cumulative time (in ticks) in various power states (Tick)
system.ruby.network.ext_links21.ext_cred_bridge1.power_state.pwrStateResidencyTicks::UNDEFINED         1000                       # Cumulative time (in ticks) in various power states (Tick)
system.ruby.network.ext_links21.ext_net_bridge0.power_state.pwrStateResidencyTicks::UNDEFINED         1000                       # Cumulative time (in ticks) in various power states (Tick)
system.ruby.network.ext_links21.ext_net_bridge1.power_state.pwrStateResidencyTicks::UNDEFINED         1000                       # Cumulative time (in ticks) in various power states (Tick)
system.ruby.network.ext_links21.int_cred_bridge0.power_state.pwrStateResidencyTicks::UNDEFINED         1000                       # Cumulative time (in ticks) in various power states (Tick)
system.ruby.network.ext_links21.int_cred_bridge1.power_state.pwrStateResidencyTicks::UNDEFINED         1000                       # Cumulative time (in ticks) in various power states (Tick)
system.ruby.network.ext_links21.int_net_bridge0.power_state.pwrStateResidencyTicks::UNDEFINED         1000                       # Cumulative time (in ticks) in various power states (Tick)
system.ruby.network.ext_links21.int_net_bridge1.power_state.pwrStateResidencyTicks::UNDEFINED         1000                       # Cumulative time (in ticks) in various power states (Tick)
system.ruby.network.ext_links21.network_links0.power_state.pwrStateResidencyTicks::UNDEFINED         1000                       # Cumulative time (in ticks) in various power states (Tick)
system.ruby.network.ext_links21.network_links1.power_state.pwrStateResidencyTicks::UNDEFINED         1000                       # Cumulative time (in ticks) in various power states (Tick)
system.ruby.network.ext_links22.credit_links0.power_state.pwrStateResidencyTicks::UNDEFINED         1000                       # Cumulative time (in ticks) in various power states (Tick)
system.ruby.network.ext_links22.credit_links1.power_state.pwrStateResidencyTicks::UNDEFINED         1000                       # Cumulative time (in ticks) in various power states (Tick)
system.ruby.network.ext_links22.ext_cred_bridge0.power_state.pwrStateResidencyTicks::UNDEFINED         1000                       # Cumulative time (in ticks) in various power states (Tick)
system.ruby.network.ext_links22.ext_cred_bridge1.power_state.pwrStateResidencyTicks::UNDEFINED         1000                       # Cumulative time (in ticks) in various power states (Tick)
system.ruby.network.ext_links22.ext_net_bridge0.power_state.pwrStateResidencyTicks::UNDEFINED         1000                       # Cumulative time (in ticks) in various power states (Tick)
system.ruby.network.ext_links22.ext_net_bridge1.power_state.pwrStateResidencyTicks::UNDEFINED         1000                       # Cumulative time (in ticks) in various power states (Tick)
system.ruby.network.ext_links22.int_cred_bridge0.power_state.pwrStateResidencyTicks::UNDEFINED         1000                       # Cumulative time (in ticks) in various power states (Tick)
system.ruby.network.ext_links22.int_cred_bridge1.power_state.pwrStateResidencyTicks::UNDEFINED         1000                       # Cumulative time (in ticks) in various power states (Tick)
system.ruby.network.ext_links22.int_net_bridge0.power_state.pwrStateResidencyTicks::UNDEFINED         1000                       # Cumulative time (in ticks) in various power states (Tick)
system.ruby.network.ext_links22.int_net_bridge1.power_state.pwrStateResidencyTicks::UNDEFINED         1000                       # Cumulative time (in ticks) in various power states (Tick)
system.ruby.network.ext_links22.network_links0.power_state.pwrStateResidencyTicks::UNDEFINED         1000                       # Cumulative time (in ticks) in various power states (Tick)
system.ruby.network.ext_links22.network_links1.power_state.pwrStateResidencyTicks::UNDEFINED         1000                       # Cumulative time (in ticks) in various power states (Tick)
system.ruby.network.ext_links23.credit_links0.power_state.pwrStateResidencyTicks::UNDEFINED         1000                       # Cumulative time (in ticks) in various power states (Tick)
system.ruby.network.ext_links23.credit_links1.power_state.pwrStateResidencyTicks::UNDEFINED         1000                       # Cumulative time (in ticks) in various power states (Tick)
system.ruby.network.ext_links23.ext_cred_bridge0.power_state.pwrStateResidencyTicks::UNDEFINED         1000                       # Cumulative time (in ticks) in various power states (Tick)
system.ruby.network.ext_links23.ext_cred_bridge1.power_state.pwrStateResidencyTicks::UNDEFINED         1000                       # Cumulative time (in ticks) in various power states (Tick)
system.ruby.network.ext_links23.ext_net_bridge0.power_state.pwrStateResidencyTicks::UNDEFINED         1000                       # Cumulative time (in ticks) in various power states (Tick)
system.ruby.network.ext_links23.ext_net_bridge1.power_state.pwrStateResidencyTicks::UNDEFINED         1000                       # Cumulative time (in ticks) in various power states (Tick)
system.ruby.network.ext_links23.int_cred_bridge0.power_state.pwrStateResidencyTicks::UNDEFINED         1000                       # Cumulative time (in ticks) in various power states (Tick)
system.ruby.network.ext_links23.int_cred_bridge1.power_state.pwrStateResidencyTicks::UNDEFINED         1000                       # Cumulative time (in ticks) in various power states (Tick)
system.ruby.network.ext_links23.int_net_bridge0.power_state.pwrStateResidencyTicks::UNDEFINED         1000                       # Cumulative time (in ticks) in various power states (Tick)
system.ruby.network.ext_links23.int_net_bridge1.power_state.pwrStateResidencyTicks::UNDEFINED         1000                       # Cumulative time (in ticks) in various power states (Tick)
system.ruby.network.ext_links23.network_links0.power_state.pwrStateResidencyTicks::UNDEFINED         1000                       # Cumulative time (in ticks) in various power states (Tick)
system.ruby.network.ext_links23.network_links1.power_state.pwrStateResidencyTicks::UNDEFINED         1000                       # Cumulative time (in ticks) in various power states (Tick)
system.ruby.network.ext_links24.credit_links0.power_state.pwrStateResidencyTicks::UNDEFINED         1000                       # Cumulative time (in ticks) in various power states (Tick)
system.ruby.network.ext_links24.credit_links1.power_state.pwrStateResidencyTicks::UNDEFINED         1000                       # Cumulative time (in ticks) in various power states (Tick)
system.ruby.network.ext_links24.ext_cred_bridge0.power_state.pwrStateResidencyTicks::UNDEFINED         1000                       # Cumulative time (in ticks) in various power states (Tick)
system.ruby.network.ext_links24.ext_cred_bridge1.power_state.pwrStateResidencyTicks::UNDEFINED         1000                       # Cumulative time (in ticks) in various power states (Tick)
system.ruby.network.ext_links24.ext_net_bridge0.power_state.pwrStateResidencyTicks::UNDEFINED         1000                       # Cumulative time (in ticks) in various power states (Tick)
system.ruby.network.ext_links24.ext_net_bridge1.power_state.pwrStateResidencyTicks::UNDEFINED         1000                       # Cumulative time (in ticks) in various power states (Tick)
system.ruby.network.ext_links24.int_cred_bridge0.power_state.pwrStateResidencyTicks::UNDEFINED         1000                       # Cumulative time (in ticks) in various power states (Tick)
system.ruby.network.ext_links24.int_cred_bridge1.power_state.pwrStateResidencyTicks::UNDEFINED         1000                       # Cumulative time (in ticks) in various power states (Tick)
system.ruby.network.ext_links24.int_net_bridge0.power_state.pwrStateResidencyTicks::UNDEFINED         1000                       # Cumulative time (in ticks) in various power states (Tick)
system.ruby.network.ext_links24.int_net_bridge1.power_state.pwrStateResidencyTicks::UNDEFINED         1000                       # Cumulative time (in ticks) in various power states (Tick)
system.ruby.network.ext_links24.network_links0.power_state.pwrStateResidencyTicks::UNDEFINED         1000                       # Cumulative time (in ticks) in various power states (Tick)
system.ruby.network.ext_links24.network_links1.power_state.pwrStateResidencyTicks::UNDEFINED         1000                       # Cumulative time (in ticks) in various power states (Tick)
system.ruby.network.ext_links25.credit_links0.power_state.pwrStateResidencyTicks::UNDEFINED         1000                       # Cumulative time (in ticks) in various power states (Tick)
system.ruby.network.ext_links25.credit_links1.power_state.pwrStateResidencyTicks::UNDEFINED         1000                       # Cumulative time (in ticks) in various power states (Tick)
system.ruby.network.ext_links25.ext_cred_bridge0.power_state.pwrStateResidencyTicks::UNDEFINED         1000                       # Cumulative time (in ticks) in various power states (Tick)
system.ruby.network.ext_links25.ext_cred_bridge1.power_state.pwrStateResidencyTicks::UNDEFINED         1000                       # Cumulative time (in ticks) in various power states (Tick)
system.ruby.network.ext_links25.ext_net_bridge0.power_state.pwrStateResidencyTicks::UNDEFINED         1000                       # Cumulative time (in ticks) in various power states (Tick)
system.ruby.network.ext_links25.ext_net_bridge1.power_state.pwrStateResidencyTicks::UNDEFINED         1000                       # Cumulative time (in ticks) in various power states (Tick)
system.ruby.network.ext_links25.int_cred_bridge0.power_state.pwrStateResidencyTicks::UNDEFINED         1000                       # Cumulative time (in ticks) in various power states (Tick)
system.ruby.network.ext_links25.int_cred_bridge1.power_state.pwrStateResidencyTicks::UNDEFINED         1000                       # Cumulative time (in ticks) in various power states (Tick)
system.ruby.network.ext_links25.int_net_bridge0.power_state.pwrStateResidencyTicks::UNDEFINED         1000                       # Cumulative time (in ticks) in various power states (Tick)
system.ruby.network.ext_links25.int_net_bridge1.power_state.pwrStateResidencyTicks::UNDEFINED         1000                       # Cumulative time (in ticks) in various power states (Tick)
system.ruby.network.ext_links25.network_links0.power_state.pwrStateResidencyTicks::UNDEFINED         1000                       # Cumulative time (in ticks) in various power states (Tick)
system.ruby.network.ext_links25.network_links1.power_state.pwrStateResidencyTicks::UNDEFINED         1000                       # Cumulative time (in ticks) in various power states (Tick)
system.ruby.network.ext_links26.credit_links0.power_state.pwrStateResidencyTicks::UNDEFINED         1000                       # Cumulative time (in ticks) in various power states (Tick)
system.ruby.network.ext_links26.credit_links1.power_state.pwrStateResidencyTicks::UNDEFINED         1000                       # Cumulative time (in ticks) in various power states (Tick)
system.ruby.network.ext_links26.ext_cred_bridge0.power_state.pwrStateResidencyTicks::UNDEFINED         1000                       # Cumulative time (in ticks) in various power states (Tick)
system.ruby.network.ext_links26.ext_cred_bridge1.power_state.pwrStateResidencyTicks::UNDEFINED         1000                       # Cumulative time (in ticks) in various power states (Tick)
system.ruby.network.ext_links26.ext_net_bridge0.power_state.pwrStateResidencyTicks::UNDEFINED         1000                       # Cumulative time (in ticks) in various power states (Tick)
system.ruby.network.ext_links26.ext_net_bridge1.power_state.pwrStateResidencyTicks::UNDEFINED         1000                       # Cumulative time (in ticks) in various power states (Tick)
system.ruby.network.ext_links26.int_cred_bridge0.power_state.pwrStateResidencyTicks::UNDEFINED         1000                       # Cumulative time (in ticks) in various power states (Tick)
system.ruby.network.ext_links26.int_cred_bridge1.power_state.pwrStateResidencyTicks::UNDEFINED         1000                       # Cumulative time (in ticks) in various power states (Tick)
system.ruby.network.ext_links26.int_net_bridge0.power_state.pwrStateResidencyTicks::UNDEFINED         1000                       # Cumulative time (in ticks) in various power states (Tick)
system.ruby.network.ext_links26.int_net_bridge1.power_state.pwrStateResidencyTicks::UNDEFINED         1000                       # Cumulative time (in ticks) in various power states (Tick)
system.ruby.network.ext_links26.network_links0.power_state.pwrStateResidencyTicks::UNDEFINED         1000                       # Cumulative time (in ticks) in various power states (Tick)
system.ruby.network.ext_links26.network_links1.power_state.pwrStateResidencyTicks::UNDEFINED         1000                       # Cumulative time (in ticks) in various power states (Tick)
system.ruby.network.ext_links27.credit_links0.power_state.pwrStateResidencyTicks::UNDEFINED         1000                       # Cumulative time (in ticks) in various power states (Tick)
system.ruby.network.ext_links27.credit_links1.power_state.pwrStateResidencyTicks::UNDEFINED         1000                       # Cumulative time (in ticks) in various power states (Tick)
system.ruby.network.ext_links27.ext_cred_bridge0.power_state.pwrStateResidencyTicks::UNDEFINED         1000                       # Cumulative time (in ticks) in various power states (Tick)
system.ruby.network.ext_links27.ext_cred_bridge1.power_state.pwrStateResidencyTicks::UNDEFINED         1000                       # Cumulative time (in ticks) in various power states (Tick)
system.ruby.network.ext_links27.ext_net_bridge0.power_state.pwrStateResidencyTicks::UNDEFINED         1000                       # Cumulative time (in ticks) in various power states (Tick)
system.ruby.network.ext_links27.ext_net_bridge1.power_state.pwrStateResidencyTicks::UNDEFINED         1000                       # Cumulative time (in ticks) in various power states (Tick)
system.ruby.network.ext_links27.int_cred_bridge0.power_state.pwrStateResidencyTicks::UNDEFINED         1000                       # Cumulative time (in ticks) in various power states (Tick)
system.ruby.network.ext_links27.int_cred_bridge1.power_state.pwrStateResidencyTicks::UNDEFINED         1000                       # Cumulative time (in ticks) in various power states (Tick)
system.ruby.network.ext_links27.int_net_bridge0.power_state.pwrStateResidencyTicks::UNDEFINED         1000                       # Cumulative time (in ticks) in various power states (Tick)
system.ruby.network.ext_links27.int_net_bridge1.power_state.pwrStateResidencyTicks::UNDEFINED         1000                       # Cumulative time (in ticks) in various power states (Tick)
system.ruby.network.ext_links27.network_links0.power_state.pwrStateResidencyTicks::UNDEFINED         1000                       # Cumulative time (in ticks) in various power states (Tick)
system.ruby.network.ext_links27.network_links1.power_state.pwrStateResidencyTicks::UNDEFINED         1000                       # Cumulative time (in ticks) in various power states (Tick)
system.ruby.network.ext_links28.credit_links0.power_state.pwrStateResidencyTicks::UNDEFINED         1000                       # Cumulative time (in ticks) in various power states (Tick)
system.ruby.network.ext_links28.credit_links1.power_state.pwrStateResidencyTicks::UNDEFINED         1000                       # Cumulative time (in ticks) in various power states (Tick)
system.ruby.network.ext_links28.ext_cred_bridge0.power_state.pwrStateResidencyTicks::UNDEFINED         1000                       # Cumulative time (in ticks) in various power states (Tick)
system.ruby.network.ext_links28.ext_cred_bridge1.power_state.pwrStateResidencyTicks::UNDEFINED         1000                       # Cumulative time (in ticks) in various power states (Tick)
system.ruby.network.ext_links28.ext_net_bridge0.power_state.pwrStateResidencyTicks::UNDEFINED         1000                       # Cumulative time (in ticks) in various power states (Tick)
system.ruby.network.ext_links28.ext_net_bridge1.power_state.pwrStateResidencyTicks::UNDEFINED         1000                       # Cumulative time (in ticks) in various power states (Tick)
system.ruby.network.ext_links28.int_cred_bridge0.power_state.pwrStateResidencyTicks::UNDEFINED         1000                       # Cumulative time (in ticks) in various power states (Tick)
system.ruby.network.ext_links28.int_cred_bridge1.power_state.pwrStateResidencyTicks::UNDEFINED         1000                       # Cumulative time (in ticks) in various power states (Tick)
system.ruby.network.ext_links28.int_net_bridge0.power_state.pwrStateResidencyTicks::UNDEFINED         1000                       # Cumulative time (in ticks) in various power states (Tick)
system.ruby.network.ext_links28.int_net_bridge1.power_state.pwrStateResidencyTicks::UNDEFINED         1000                       # Cumulative time (in ticks) in various power states (Tick)
system.ruby.network.ext_links28.network_links0.power_state.pwrStateResidencyTicks::UNDEFINED         1000                       # Cumulative time (in ticks) in various power states (Tick)
system.ruby.network.ext_links28.network_links1.power_state.pwrStateResidencyTicks::UNDEFINED         1000                       # Cumulative time (in ticks) in various power states (Tick)
system.ruby.network.ext_links29.credit_links0.power_state.pwrStateResidencyTicks::UNDEFINED         1000                       # Cumulative time (in ticks) in various power states (Tick)
system.ruby.network.ext_links29.credit_links1.power_state.pwrStateResidencyTicks::UNDEFINED         1000                       # Cumulative time (in ticks) in various power states (Tick)
system.ruby.network.ext_links29.ext_cred_bridge0.power_state.pwrStateResidencyTicks::UNDEFINED         1000                       # Cumulative time (in ticks) in various power states (Tick)
system.ruby.network.ext_links29.ext_cred_bridge1.power_state.pwrStateResidencyTicks::UNDEFINED         1000                       # Cumulative time (in ticks) in various power states (Tick)
system.ruby.network.ext_links29.ext_net_bridge0.power_state.pwrStateResidencyTicks::UNDEFINED         1000                       # Cumulative time (in ticks) in various power states (Tick)
system.ruby.network.ext_links29.ext_net_bridge1.power_state.pwrStateResidencyTicks::UNDEFINED         1000                       # Cumulative time (in ticks) in various power states (Tick)
system.ruby.network.ext_links29.int_cred_bridge0.power_state.pwrStateResidencyTicks::UNDEFINED         1000                       # Cumulative time (in ticks) in various power states (Tick)
system.ruby.network.ext_links29.int_cred_bridge1.power_state.pwrStateResidencyTicks::UNDEFINED         1000                       # Cumulative time (in ticks) in various power states (Tick)
system.ruby.network.ext_links29.int_net_bridge0.power_state.pwrStateResidencyTicks::UNDEFINED         1000                       # Cumulative time (in ticks) in various power states (Tick)
system.ruby.network.ext_links29.int_net_bridge1.power_state.pwrStateResidencyTicks::UNDEFINED         1000                       # Cumulative time (in ticks) in various power states (Tick)
system.ruby.network.ext_links29.network_links0.power_state.pwrStateResidencyTicks::UNDEFINED         1000                       # Cumulative time (in ticks) in various power states (Tick)
system.ruby.network.ext_links29.network_links1.power_state.pwrStateResidencyTicks::UNDEFINED         1000                       # Cumulative time (in ticks) in various power states (Tick)
system.ruby.network.ext_links3.credit_links0.power_state.pwrStateResidencyTicks::UNDEFINED         1000                       # Cumulative time (in ticks) in various power states (Tick)
system.ruby.network.ext_links3.credit_links1.power_state.pwrStateResidencyTicks::UNDEFINED         1000                       # Cumulative time (in ticks) in various power states (Tick)
system.ruby.network.ext_links3.ext_cred_bridge0.power_state.pwrStateResidencyTicks::UNDEFINED         1000                       # Cumulative time (in ticks) in various power states (Tick)
system.ruby.network.ext_links3.ext_cred_bridge1.power_state.pwrStateResidencyTicks::UNDEFINED         1000                       # Cumulative time (in ticks) in various power states (Tick)
system.ruby.network.ext_links3.ext_net_bridge0.power_state.pwrStateResidencyTicks::UNDEFINED         1000                       # Cumulative time (in ticks) in various power states (Tick)
system.ruby.network.ext_links3.ext_net_bridge1.power_state.pwrStateResidencyTicks::UNDEFINED         1000                       # Cumulative time (in ticks) in various power states (Tick)
system.ruby.network.ext_links3.int_cred_bridge0.power_state.pwrStateResidencyTicks::UNDEFINED         1000                       # Cumulative time (in ticks) in various power states (Tick)
system.ruby.network.ext_links3.int_cred_bridge1.power_state.pwrStateResidencyTicks::UNDEFINED         1000                       # Cumulative time (in ticks) in various power states (Tick)
system.ruby.network.ext_links3.int_net_bridge0.power_state.pwrStateResidencyTicks::UNDEFINED         1000                       # Cumulative time (in ticks) in various power states (Tick)
system.ruby.network.ext_links3.int_net_bridge1.power_state.pwrStateResidencyTicks::UNDEFINED         1000                       # Cumulative time (in ticks) in various power states (Tick)
system.ruby.network.ext_links3.network_links0.power_state.pwrStateResidencyTicks::UNDEFINED         1000                       # Cumulative time (in ticks) in various power states (Tick)
system.ruby.network.ext_links3.network_links1.power_state.pwrStateResidencyTicks::UNDEFINED         1000                       # Cumulative time (in ticks) in various power states (Tick)
system.ruby.network.ext_links30.credit_links0.power_state.pwrStateResidencyTicks::UNDEFINED         1000                       # Cumulative time (in ticks) in various power states (Tick)
system.ruby.network.ext_links30.credit_links1.power_state.pwrStateResidencyTicks::UNDEFINED         1000                       # Cumulative time (in ticks) in various power states (Tick)
system.ruby.network.ext_links30.ext_cred_bridge0.power_state.pwrStateResidencyTicks::UNDEFINED         1000                       # Cumulative time (in ticks) in various power states (Tick)
system.ruby.network.ext_links30.ext_cred_bridge1.power_state.pwrStateResidencyTicks::UNDEFINED         1000                       # Cumulative time (in ticks) in various power states (Tick)
system.ruby.network.ext_links30.ext_net_bridge0.power_state.pwrStateResidencyTicks::UNDEFINED         1000                       # Cumulative time (in ticks) in various power states (Tick)
system.ruby.network.ext_links30.ext_net_bridge1.power_state.pwrStateResidencyTicks::UNDEFINED         1000                       # Cumulative time (in ticks) in various power states (Tick)
system.ruby.network.ext_links30.int_cred_bridge0.power_state.pwrStateResidencyTicks::UNDEFINED         1000                       # Cumulative time (in ticks) in various power states (Tick)
system.ruby.network.ext_links30.int_cred_bridge1.power_state.pwrStateResidencyTicks::UNDEFINED         1000                       # Cumulative time (in ticks) in various power states (Tick)
system.ruby.network.ext_links30.int_net_bridge0.power_state.pwrStateResidencyTicks::UNDEFINED         1000                       # Cumulative time (in ticks) in various power states (Tick)
system.ruby.network.ext_links30.int_net_bridge1.power_state.pwrStateResidencyTicks::UNDEFINED         1000                       # Cumulative time (in ticks) in various power states (Tick)
system.ruby.network.ext_links30.network_links0.power_state.pwrStateResidencyTicks::UNDEFINED         1000                       # Cumulative time (in ticks) in various power states (Tick)
system.ruby.network.ext_links30.network_links1.power_state.pwrStateResidencyTicks::UNDEFINED         1000                       # Cumulative time (in ticks) in various power states (Tick)
system.ruby.network.ext_links31.credit_links0.power_state.pwrStateResidencyTicks::UNDEFINED         1000                       # Cumulative time (in ticks) in various power states (Tick)
system.ruby.network.ext_links31.credit_links1.power_state.pwrStateResidencyTicks::UNDEFINED         1000                       # Cumulative time (in ticks) in various power states (Tick)
system.ruby.network.ext_links31.ext_cred_bridge0.power_state.pwrStateResidencyTicks::UNDEFINED         1000                       # Cumulative time (in ticks) in various power states (Tick)
system.ruby.network.ext_links31.ext_cred_bridge1.power_state.pwrStateResidencyTicks::UNDEFINED         1000                       # Cumulative time (in ticks) in various power states (Tick)
system.ruby.network.ext_links31.ext_net_bridge0.power_state.pwrStateResidencyTicks::UNDEFINED         1000                       # Cumulative time (in ticks) in various power states (Tick)
system.ruby.network.ext_links31.ext_net_bridge1.power_state.pwrStateResidencyTicks::UNDEFINED         1000                       # Cumulative time (in ticks) in various power states (Tick)
system.ruby.network.ext_links31.int_cred_bridge0.power_state.pwrStateResidencyTicks::UNDEFINED         1000                       # Cumulative time (in ticks) in various power states (Tick)
system.ruby.network.ext_links31.int_cred_bridge1.power_state.pwrStateResidencyTicks::UNDEFINED         1000                       # Cumulative time (in ticks) in various power states (Tick)
system.ruby.network.ext_links31.int_net_bridge0.power_state.pwrStateResidencyTicks::UNDEFINED         1000                       # Cumulative time (in ticks) in various power states (Tick)
system.ruby.network.ext_links31.int_net_bridge1.power_state.pwrStateResidencyTicks::UNDEFINED         1000                       # Cumulative time (in ticks) in various power states (Tick)
system.ruby.network.ext_links31.network_links0.power_state.pwrStateResidencyTicks::UNDEFINED         1000                       # Cumulative time (in ticks) in various power states (Tick)
system.ruby.network.ext_links31.network_links1.power_state.pwrStateResidencyTicks::UNDEFINED         1000                       # Cumulative time (in ticks) in various power states (Tick)
system.ruby.network.ext_links4.credit_links0.power_state.pwrStateResidencyTicks::UNDEFINED         1000                       # Cumulative time (in ticks) in various power states (Tick)
system.ruby.network.ext_links4.credit_links1.power_state.pwrStateResidencyTicks::UNDEFINED         1000                       # Cumulative time (in ticks) in various power states (Tick)
system.ruby.network.ext_links4.ext_cred_bridge0.power_state.pwrStateResidencyTicks::UNDEFINED         1000                       # Cumulative time (in ticks) in various power states (Tick)
system.ruby.network.ext_links4.ext_cred_bridge1.power_state.pwrStateResidencyTicks::UNDEFINED         1000                       # Cumulative time (in ticks) in various power states (Tick)
system.ruby.network.ext_links4.ext_net_bridge0.power_state.pwrStateResidencyTicks::UNDEFINED         1000                       # Cumulative time (in ticks) in various power states (Tick)
system.ruby.network.ext_links4.ext_net_bridge1.power_state.pwrStateResidencyTicks::UNDEFINED         1000                       # Cumulative time (in ticks) in various power states (Tick)
system.ruby.network.ext_links4.int_cred_bridge0.power_state.pwrStateResidencyTicks::UNDEFINED         1000                       # Cumulative time (in ticks) in various power states (Tick)
system.ruby.network.ext_links4.int_cred_bridge1.power_state.pwrStateResidencyTicks::UNDEFINED         1000                       # Cumulative time (in ticks) in various power states (Tick)
system.ruby.network.ext_links4.int_net_bridge0.power_state.pwrStateResidencyTicks::UNDEFINED         1000                       # Cumulative time (in ticks) in various power states (Tick)
system.ruby.network.ext_links4.int_net_bridge1.power_state.pwrStateResidencyTicks::UNDEFINED         1000                       # Cumulative time (in ticks) in various power states (Tick)
system.ruby.network.ext_links4.network_links0.power_state.pwrStateResidencyTicks::UNDEFINED         1000                       # Cumulative time (in ticks) in various power states (Tick)
system.ruby.network.ext_links4.network_links1.power_state.pwrStateResidencyTicks::UNDEFINED         1000                       # Cumulative time (in ticks) in various power states (Tick)
system.ruby.network.ext_links5.credit_links0.power_state.pwrStateResidencyTicks::UNDEFINED         1000                       # Cumulative time (in ticks) in various power states (Tick)
system.ruby.network.ext_links5.credit_links1.power_state.pwrStateResidencyTicks::UNDEFINED         1000                       # Cumulative time (in ticks) in various power states (Tick)
system.ruby.network.ext_links5.ext_cred_bridge0.power_state.pwrStateResidencyTicks::UNDEFINED         1000                       # Cumulative time (in ticks) in various power states (Tick)
system.ruby.network.ext_links5.ext_cred_bridge1.power_state.pwrStateResidencyTicks::UNDEFINED         1000                       # Cumulative time (in ticks) in various power states (Tick)
system.ruby.network.ext_links5.ext_net_bridge0.power_state.pwrStateResidencyTicks::UNDEFINED         1000                       # Cumulative time (in ticks) in various power states (Tick)
system.ruby.network.ext_links5.ext_net_bridge1.power_state.pwrStateResidencyTicks::UNDEFINED         1000                       # Cumulative time (in ticks) in various power states (Tick)
system.ruby.network.ext_links5.int_cred_bridge0.power_state.pwrStateResidencyTicks::UNDEFINED         1000                       # Cumulative time (in ticks) in various power states (Tick)
system.ruby.network.ext_links5.int_cred_bridge1.power_state.pwrStateResidencyTicks::UNDEFINED         1000                       # Cumulative time (in ticks) in various power states (Tick)
system.ruby.network.ext_links5.int_net_bridge0.power_state.pwrStateResidencyTicks::UNDEFINED         1000                       # Cumulative time (in ticks) in various power states (Tick)
system.ruby.network.ext_links5.int_net_bridge1.power_state.pwrStateResidencyTicks::UNDEFINED         1000                       # Cumulative time (in ticks) in various power states (Tick)
system.ruby.network.ext_links5.network_links0.power_state.pwrStateResidencyTicks::UNDEFINED         1000                       # Cumulative time (in ticks) in various power states (Tick)
system.ruby.network.ext_links5.network_links1.power_state.pwrStateResidencyTicks::UNDEFINED         1000                       # Cumulative time (in ticks) in various power states (Tick)
system.ruby.network.ext_links6.credit_links0.power_state.pwrStateResidencyTicks::UNDEFINED         1000                       # Cumulative time (in ticks) in various power states (Tick)
system.ruby.network.ext_links6.credit_links1.power_state.pwrStateResidencyTicks::UNDEFINED         1000                       # Cumulative time (in ticks) in various power states (Tick)
system.ruby.network.ext_links6.ext_cred_bridge0.power_state.pwrStateResidencyTicks::UNDEFINED         1000                       # Cumulative time (in ticks) in various power states (Tick)
system.ruby.network.ext_links6.ext_cred_bridge1.power_state.pwrStateResidencyTicks::UNDEFINED         1000                       # Cumulative time (in ticks) in various power states (Tick)
system.ruby.network.ext_links6.ext_net_bridge0.power_state.pwrStateResidencyTicks::UNDEFINED         1000                       # Cumulative time (in ticks) in various power states (Tick)
system.ruby.network.ext_links6.ext_net_bridge1.power_state.pwrStateResidencyTicks::UNDEFINED         1000                       # Cumulative time (in ticks) in various power states (Tick)
system.ruby.network.ext_links6.int_cred_bridge0.power_state.pwrStateResidencyTicks::UNDEFINED         1000                       # Cumulative time (in ticks) in various power states (Tick)
system.ruby.network.ext_links6.int_cred_bridge1.power_state.pwrStateResidencyTicks::UNDEFINED         1000                       # Cumulative time (in ticks) in various power states (Tick)
system.ruby.network.ext_links6.int_net_bridge0.power_state.pwrStateResidencyTicks::UNDEFINED         1000                       # Cumulative time (in ticks) in various power states (Tick)
system.ruby.network.ext_links6.int_net_bridge1.power_state.pwrStateResidencyTicks::UNDEFINED         1000                       # Cumulative time (in ticks) in various power states (Tick)
system.ruby.network.ext_links6.network_links0.power_state.pwrStateResidencyTicks::UNDEFINED         1000                       # Cumulative time (in ticks) in various power states (Tick)
system.ruby.network.ext_links6.network_links1.power_state.pwrStateResidencyTicks::UNDEFINED         1000                       # Cumulative time (in ticks) in various power states (Tick)
system.ruby.network.ext_links7.credit_links0.power_state.pwrStateResidencyTicks::UNDEFINED         1000                       # Cumulative time (in ticks) in various power states (Tick)
system.ruby.network.ext_links7.credit_links1.power_state.pwrStateResidencyTicks::UNDEFINED         1000                       # Cumulative time (in ticks) in various power states (Tick)
system.ruby.network.ext_links7.ext_cred_bridge0.power_state.pwrStateResidencyTicks::UNDEFINED         1000                       # Cumulative time (in ticks) in various power states (Tick)
system.ruby.network.ext_links7.ext_cred_bridge1.power_state.pwrStateResidencyTicks::UNDEFINED         1000                       # Cumulative time (in ticks) in various power states (Tick)
system.ruby.network.ext_links7.ext_net_bridge0.power_state.pwrStateResidencyTicks::UNDEFINED         1000                       # Cumulative time (in ticks) in various power states (Tick)
system.ruby.network.ext_links7.ext_net_bridge1.power_state.pwrStateResidencyTicks::UNDEFINED         1000                       # Cumulative time (in ticks) in various power states (Tick)
system.ruby.network.ext_links7.int_cred_bridge0.power_state.pwrStateResidencyTicks::UNDEFINED         1000                       # Cumulative time (in ticks) in various power states (Tick)
system.ruby.network.ext_links7.int_cred_bridge1.power_state.pwrStateResidencyTicks::UNDEFINED         1000                       # Cumulative time (in ticks) in various power states (Tick)
system.ruby.network.ext_links7.int_net_bridge0.power_state.pwrStateResidencyTicks::UNDEFINED         1000                       # Cumulative time (in ticks) in various power states (Tick)
system.ruby.network.ext_links7.int_net_bridge1.power_state.pwrStateResidencyTicks::UNDEFINED         1000                       # Cumulative time (in ticks) in various power states (Tick)
system.ruby.network.ext_links7.network_links0.power_state.pwrStateResidencyTicks::UNDEFINED         1000                       # Cumulative time (in ticks) in various power states (Tick)
system.ruby.network.ext_links7.network_links1.power_state.pwrStateResidencyTicks::UNDEFINED         1000                       # Cumulative time (in ticks) in various power states (Tick)
system.ruby.network.ext_links8.credit_links0.power_state.pwrStateResidencyTicks::UNDEFINED         1000                       # Cumulative time (in ticks) in various power states (Tick)
system.ruby.network.ext_links8.credit_links1.power_state.pwrStateResidencyTicks::UNDEFINED         1000                       # Cumulative time (in ticks) in various power states (Tick)
system.ruby.network.ext_links8.ext_cred_bridge0.power_state.pwrStateResidencyTicks::UNDEFINED         1000                       # Cumulative time (in ticks) in various power states (Tick)
system.ruby.network.ext_links8.ext_cred_bridge1.power_state.pwrStateResidencyTicks::UNDEFINED         1000                       # Cumulative time (in ticks) in various power states (Tick)
system.ruby.network.ext_links8.ext_net_bridge0.power_state.pwrStateResidencyTicks::UNDEFINED         1000                       # Cumulative time (in ticks) in various power states (Tick)
system.ruby.network.ext_links8.ext_net_bridge1.power_state.pwrStateResidencyTicks::UNDEFINED         1000                       # Cumulative time (in ticks) in various power states (Tick)
system.ruby.network.ext_links8.int_cred_bridge0.power_state.pwrStateResidencyTicks::UNDEFINED         1000                       # Cumulative time (in ticks) in various power states (Tick)
system.ruby.network.ext_links8.int_cred_bridge1.power_state.pwrStateResidencyTicks::UNDEFINED         1000                       # Cumulative time (in ticks) in various power states (Tick)
system.ruby.network.ext_links8.int_net_bridge0.power_state.pwrStateResidencyTicks::UNDEFINED         1000                       # Cumulative time (in ticks) in various power states (Tick)
system.ruby.network.ext_links8.int_net_bridge1.power_state.pwrStateResidencyTicks::UNDEFINED         1000                       # Cumulative time (in ticks) in various power states (Tick)
system.ruby.network.ext_links8.network_links0.power_state.pwrStateResidencyTicks::UNDEFINED         1000                       # Cumulative time (in ticks) in various power states (Tick)
system.ruby.network.ext_links8.network_links1.power_state.pwrStateResidencyTicks::UNDEFINED         1000                       # Cumulative time (in ticks) in various power states (Tick)
system.ruby.network.ext_links9.credit_links0.power_state.pwrStateResidencyTicks::UNDEFINED         1000                       # Cumulative time (in ticks) in various power states (Tick)
system.ruby.network.ext_links9.credit_links1.power_state.pwrStateResidencyTicks::UNDEFINED         1000                       # Cumulative time (in ticks) in various power states (Tick)
system.ruby.network.ext_links9.ext_cred_bridge0.power_state.pwrStateResidencyTicks::UNDEFINED         1000                       # Cumulative time (in ticks) in various power states (Tick)
system.ruby.network.ext_links9.ext_cred_bridge1.power_state.pwrStateResidencyTicks::UNDEFINED         1000                       # Cumulative time (in ticks) in various power states (Tick)
system.ruby.network.ext_links9.ext_net_bridge0.power_state.pwrStateResidencyTicks::UNDEFINED         1000                       # Cumulative time (in ticks) in various power states (Tick)
system.ruby.network.ext_links9.ext_net_bridge1.power_state.pwrStateResidencyTicks::UNDEFINED         1000                       # Cumulative time (in ticks) in various power states (Tick)
system.ruby.network.ext_links9.int_cred_bridge0.power_state.pwrStateResidencyTicks::UNDEFINED         1000                       # Cumulative time (in ticks) in various power states (Tick)
system.ruby.network.ext_links9.int_cred_bridge1.power_state.pwrStateResidencyTicks::UNDEFINED         1000                       # Cumulative time (in ticks) in various power states (Tick)
system.ruby.network.ext_links9.int_net_bridge0.power_state.pwrStateResidencyTicks::UNDEFINED         1000                       # Cumulative time (in ticks) in various power states (Tick)
system.ruby.network.ext_links9.int_net_bridge1.power_state.pwrStateResidencyTicks::UNDEFINED         1000                       # Cumulative time (in ticks) in various power states (Tick)
system.ruby.network.ext_links9.network_links0.power_state.pwrStateResidencyTicks::UNDEFINED         1000                       # Cumulative time (in ticks) in various power states (Tick)
system.ruby.network.ext_links9.network_links1.power_state.pwrStateResidencyTicks::UNDEFINED         1000                       # Cumulative time (in ticks) in various power states (Tick)
system.ruby.network.int_links0.credit_link.power_state.pwrStateResidencyTicks::UNDEFINED         1000                       # Cumulative time (in ticks) in various power states (Tick)
system.ruby.network.int_links0.dst_cred_bridge.power_state.pwrStateResidencyTicks::UNDEFINED         1000                       # Cumulative time (in ticks) in various power states (Tick)
system.ruby.network.int_links0.dst_net_bridge.power_state.pwrStateResidencyTicks::UNDEFINED         1000                       # Cumulative time (in ticks) in various power states (Tick)
system.ruby.network.int_links0.network_link.power_state.pwrStateResidencyTicks::UNDEFINED         1000                       # Cumulative time (in ticks) in various power states (Tick)
system.ruby.network.int_links0.src_cred_bridge.power_state.pwrStateResidencyTicks::UNDEFINED         1000                       # Cumulative time (in ticks) in various power states (Tick)
system.ruby.network.int_links0.src_net_bridge.power_state.pwrStateResidencyTicks::UNDEFINED         1000                       # Cumulative time (in ticks) in various power states (Tick)
system.ruby.network.int_links1.credit_link.power_state.pwrStateResidencyTicks::UNDEFINED         1000                       # Cumulative time (in ticks) in various power states (Tick)
system.ruby.network.int_links1.dst_cred_bridge.power_state.pwrStateResidencyTicks::UNDEFINED         1000                       # Cumulative time (in ticks) in various power states (Tick)
system.ruby.network.int_links1.dst_net_bridge.power_state.pwrStateResidencyTicks::UNDEFINED         1000                       # Cumulative time (in ticks) in various power states (Tick)
system.ruby.network.int_links1.network_link.power_state.pwrStateResidencyTicks::UNDEFINED         1000                       # Cumulative time (in ticks) in various power states (Tick)
system.ruby.network.int_links1.src_cred_bridge.power_state.pwrStateResidencyTicks::UNDEFINED         1000                       # Cumulative time (in ticks) in various power states (Tick)
system.ruby.network.int_links1.src_net_bridge.power_state.pwrStateResidencyTicks::UNDEFINED         1000                       # Cumulative time (in ticks) in various power states (Tick)
system.ruby.network.int_links10.credit_link.power_state.pwrStateResidencyTicks::UNDEFINED         1000                       # Cumulative time (in ticks) in various power states (Tick)
system.ruby.network.int_links10.dst_cred_bridge.power_state.pwrStateResidencyTicks::UNDEFINED         1000                       # Cumulative time (in ticks) in various power states (Tick)
system.ruby.network.int_links10.dst_net_bridge.power_state.pwrStateResidencyTicks::UNDEFINED         1000                       # Cumulative time (in ticks) in various power states (Tick)
system.ruby.network.int_links10.network_link.power_state.pwrStateResidencyTicks::UNDEFINED         1000                       # Cumulative time (in ticks) in various power states (Tick)
system.ruby.network.int_links10.src_cred_bridge.power_state.pwrStateResidencyTicks::UNDEFINED         1000                       # Cumulative time (in ticks) in various power states (Tick)
system.ruby.network.int_links10.src_net_bridge.power_state.pwrStateResidencyTicks::UNDEFINED         1000                       # Cumulative time (in ticks) in various power states (Tick)
system.ruby.network.int_links11.credit_link.power_state.pwrStateResidencyTicks::UNDEFINED         1000                       # Cumulative time (in ticks) in various power states (Tick)
system.ruby.network.int_links11.dst_cred_bridge.power_state.pwrStateResidencyTicks::UNDEFINED         1000                       # Cumulative time (in ticks) in various power states (Tick)
system.ruby.network.int_links11.dst_net_bridge.power_state.pwrStateResidencyTicks::UNDEFINED         1000                       # Cumulative time (in ticks) in various power states (Tick)
system.ruby.network.int_links11.network_link.power_state.pwrStateResidencyTicks::UNDEFINED         1000                       # Cumulative time (in ticks) in various power states (Tick)
system.ruby.network.int_links11.src_cred_bridge.power_state.pwrStateResidencyTicks::UNDEFINED         1000                       # Cumulative time (in ticks) in various power states (Tick)
system.ruby.network.int_links11.src_net_bridge.power_state.pwrStateResidencyTicks::UNDEFINED         1000                       # Cumulative time (in ticks) in various power states (Tick)
system.ruby.network.int_links12.credit_link.power_state.pwrStateResidencyTicks::UNDEFINED         1000                       # Cumulative time (in ticks) in various power states (Tick)
system.ruby.network.int_links12.dst_cred_bridge.power_state.pwrStateResidencyTicks::UNDEFINED         1000                       # Cumulative time (in ticks) in various power states (Tick)
system.ruby.network.int_links12.dst_net_bridge.power_state.pwrStateResidencyTicks::UNDEFINED         1000                       # Cumulative time (in ticks) in various power states (Tick)
system.ruby.network.int_links12.network_link.power_state.pwrStateResidencyTicks::UNDEFINED         1000                       # Cumulative time (in ticks) in various power states (Tick)
system.ruby.network.int_links12.src_cred_bridge.power_state.pwrStateResidencyTicks::UNDEFINED         1000                       # Cumulative time (in ticks) in various power states (Tick)
system.ruby.network.int_links12.src_net_bridge.power_state.pwrStateResidencyTicks::UNDEFINED         1000                       # Cumulative time (in ticks) in various power states (Tick)
system.ruby.network.int_links13.credit_link.power_state.pwrStateResidencyTicks::UNDEFINED         1000                       # Cumulative time (in ticks) in various power states (Tick)
system.ruby.network.int_links13.dst_cred_bridge.power_state.pwrStateResidencyTicks::UNDEFINED         1000                       # Cumulative time (in ticks) in various power states (Tick)
system.ruby.network.int_links13.dst_net_bridge.power_state.pwrStateResidencyTicks::UNDEFINED         1000                       # Cumulative time (in ticks) in various power states (Tick)
system.ruby.network.int_links13.network_link.power_state.pwrStateResidencyTicks::UNDEFINED         1000                       # Cumulative time (in ticks) in various power states (Tick)
system.ruby.network.int_links13.src_cred_bridge.power_state.pwrStateResidencyTicks::UNDEFINED         1000                       # Cumulative time (in ticks) in various power states (Tick)
system.ruby.network.int_links13.src_net_bridge.power_state.pwrStateResidencyTicks::UNDEFINED         1000                       # Cumulative time (in ticks) in various power states (Tick)
system.ruby.network.int_links14.credit_link.power_state.pwrStateResidencyTicks::UNDEFINED         1000                       # Cumulative time (in ticks) in various power states (Tick)
system.ruby.network.int_links14.dst_cred_bridge.power_state.pwrStateResidencyTicks::UNDEFINED         1000                       # Cumulative time (in ticks) in various power states (Tick)
system.ruby.network.int_links14.dst_net_bridge.power_state.pwrStateResidencyTicks::UNDEFINED         1000                       # Cumulative time (in ticks) in various power states (Tick)
system.ruby.network.int_links14.network_link.power_state.pwrStateResidencyTicks::UNDEFINED         1000                       # Cumulative time (in ticks) in various power states (Tick)
system.ruby.network.int_links14.src_cred_bridge.power_state.pwrStateResidencyTicks::UNDEFINED         1000                       # Cumulative time (in ticks) in various power states (Tick)
system.ruby.network.int_links14.src_net_bridge.power_state.pwrStateResidencyTicks::UNDEFINED         1000                       # Cumulative time (in ticks) in various power states (Tick)
system.ruby.network.int_links15.credit_link.power_state.pwrStateResidencyTicks::UNDEFINED         1000                       # Cumulative time (in ticks) in various power states (Tick)
system.ruby.network.int_links15.dst_cred_bridge.power_state.pwrStateResidencyTicks::UNDEFINED         1000                       # Cumulative time (in ticks) in various power states (Tick)
system.ruby.network.int_links15.dst_net_bridge.power_state.pwrStateResidencyTicks::UNDEFINED         1000                       # Cumulative time (in ticks) in various power states (Tick)
system.ruby.network.int_links15.network_link.power_state.pwrStateResidencyTicks::UNDEFINED         1000                       # Cumulative time (in ticks) in various power states (Tick)
system.ruby.network.int_links15.src_cred_bridge.power_state.pwrStateResidencyTicks::UNDEFINED         1000                       # Cumulative time (in ticks) in various power states (Tick)
system.ruby.network.int_links15.src_net_bridge.power_state.pwrStateResidencyTicks::UNDEFINED         1000                       # Cumulative time (in ticks) in various power states (Tick)
system.ruby.network.int_links16.credit_link.power_state.pwrStateResidencyTicks::UNDEFINED         1000                       # Cumulative time (in ticks) in various power states (Tick)
system.ruby.network.int_links16.dst_cred_bridge.power_state.pwrStateResidencyTicks::UNDEFINED         1000                       # Cumulative time (in ticks) in various power states (Tick)
system.ruby.network.int_links16.dst_net_bridge.power_state.pwrStateResidencyTicks::UNDEFINED         1000                       # Cumulative time (in ticks) in various power states (Tick)
system.ruby.network.int_links16.network_link.power_state.pwrStateResidencyTicks::UNDEFINED         1000                       # Cumulative time (in ticks) in various power states (Tick)
system.ruby.network.int_links16.src_cred_bridge.power_state.pwrStateResidencyTicks::UNDEFINED         1000                       # Cumulative time (in ticks) in various power states (Tick)
system.ruby.network.int_links16.src_net_bridge.power_state.pwrStateResidencyTicks::UNDEFINED         1000                       # Cumulative time (in ticks) in various power states (Tick)
system.ruby.network.int_links17.credit_link.power_state.pwrStateResidencyTicks::UNDEFINED         1000                       # Cumulative time (in ticks) in various power states (Tick)
system.ruby.network.int_links17.dst_cred_bridge.power_state.pwrStateResidencyTicks::UNDEFINED         1000                       # Cumulative time (in ticks) in various power states (Tick)
system.ruby.network.int_links17.dst_net_bridge.power_state.pwrStateResidencyTicks::UNDEFINED         1000                       # Cumulative time (in ticks) in various power states (Tick)
system.ruby.network.int_links17.network_link.power_state.pwrStateResidencyTicks::UNDEFINED         1000                       # Cumulative time (in ticks) in various power states (Tick)
system.ruby.network.int_links17.src_cred_bridge.power_state.pwrStateResidencyTicks::UNDEFINED         1000                       # Cumulative time (in ticks) in various power states (Tick)
system.ruby.network.int_links17.src_net_bridge.power_state.pwrStateResidencyTicks::UNDEFINED         1000                       # Cumulative time (in ticks) in various power states (Tick)
system.ruby.network.int_links18.credit_link.power_state.pwrStateResidencyTicks::UNDEFINED         1000                       # Cumulative time (in ticks) in various power states (Tick)
system.ruby.network.int_links18.dst_cred_bridge.power_state.pwrStateResidencyTicks::UNDEFINED         1000                       # Cumulative time (in ticks) in various power states (Tick)
system.ruby.network.int_links18.dst_net_bridge.power_state.pwrStateResidencyTicks::UNDEFINED         1000                       # Cumulative time (in ticks) in various power states (Tick)
system.ruby.network.int_links18.network_link.power_state.pwrStateResidencyTicks::UNDEFINED         1000                       # Cumulative time (in ticks) in various power states (Tick)
system.ruby.network.int_links18.src_cred_bridge.power_state.pwrStateResidencyTicks::UNDEFINED         1000                       # Cumulative time (in ticks) in various power states (Tick)
system.ruby.network.int_links18.src_net_bridge.power_state.pwrStateResidencyTicks::UNDEFINED         1000                       # Cumulative time (in ticks) in various power states (Tick)
system.ruby.network.int_links19.credit_link.power_state.pwrStateResidencyTicks::UNDEFINED         1000                       # Cumulative time (in ticks) in various power states (Tick)
system.ruby.network.int_links19.dst_cred_bridge.power_state.pwrStateResidencyTicks::UNDEFINED         1000                       # Cumulative time (in ticks) in various power states (Tick)
system.ruby.network.int_links19.dst_net_bridge.power_state.pwrStateResidencyTicks::UNDEFINED         1000                       # Cumulative time (in ticks) in various power states (Tick)
system.ruby.network.int_links19.network_link.power_state.pwrStateResidencyTicks::UNDEFINED         1000                       # Cumulative time (in ticks) in various power states (Tick)
system.ruby.network.int_links19.src_cred_bridge.power_state.pwrStateResidencyTicks::UNDEFINED         1000                       # Cumulative time (in ticks) in various power states (Tick)
system.ruby.network.int_links19.src_net_bridge.power_state.pwrStateResidencyTicks::UNDEFINED         1000                       # Cumulative time (in ticks) in various power states (Tick)
system.ruby.network.int_links2.credit_link.power_state.pwrStateResidencyTicks::UNDEFINED         1000                       # Cumulative time (in ticks) in various power states (Tick)
system.ruby.network.int_links2.dst_cred_bridge.power_state.pwrStateResidencyTicks::UNDEFINED         1000                       # Cumulative time (in ticks) in various power states (Tick)
system.ruby.network.int_links2.dst_net_bridge.power_state.pwrStateResidencyTicks::UNDEFINED         1000                       # Cumulative time (in ticks) in various power states (Tick)
system.ruby.network.int_links2.network_link.power_state.pwrStateResidencyTicks::UNDEFINED         1000                       # Cumulative time (in ticks) in various power states (Tick)
system.ruby.network.int_links2.src_cred_bridge.power_state.pwrStateResidencyTicks::UNDEFINED         1000                       # Cumulative time (in ticks) in various power states (Tick)
system.ruby.network.int_links2.src_net_bridge.power_state.pwrStateResidencyTicks::UNDEFINED         1000                       # Cumulative time (in ticks) in various power states (Tick)
system.ruby.network.int_links20.credit_link.power_state.pwrStateResidencyTicks::UNDEFINED         1000                       # Cumulative time (in ticks) in various power states (Tick)
system.ruby.network.int_links20.dst_cred_bridge.power_state.pwrStateResidencyTicks::UNDEFINED         1000                       # Cumulative time (in ticks) in various power states (Tick)
system.ruby.network.int_links20.dst_net_bridge.power_state.pwrStateResidencyTicks::UNDEFINED         1000                       # Cumulative time (in ticks) in various power states (Tick)
system.ruby.network.int_links20.network_link.power_state.pwrStateResidencyTicks::UNDEFINED         1000                       # Cumulative time (in ticks) in various power states (Tick)
system.ruby.network.int_links20.src_cred_bridge.power_state.pwrStateResidencyTicks::UNDEFINED         1000                       # Cumulative time (in ticks) in various power states (Tick)
system.ruby.network.int_links20.src_net_bridge.power_state.pwrStateResidencyTicks::UNDEFINED         1000                       # Cumulative time (in ticks) in various power states (Tick)
system.ruby.network.int_links21.credit_link.power_state.pwrStateResidencyTicks::UNDEFINED         1000                       # Cumulative time (in ticks) in various power states (Tick)
system.ruby.network.int_links21.dst_cred_bridge.power_state.pwrStateResidencyTicks::UNDEFINED         1000                       # Cumulative time (in ticks) in various power states (Tick)
system.ruby.network.int_links21.dst_net_bridge.power_state.pwrStateResidencyTicks::UNDEFINED         1000                       # Cumulative time (in ticks) in various power states (Tick)
system.ruby.network.int_links21.network_link.power_state.pwrStateResidencyTicks::UNDEFINED         1000                       # Cumulative time (in ticks) in various power states (Tick)
system.ruby.network.int_links21.src_cred_bridge.power_state.pwrStateResidencyTicks::UNDEFINED         1000                       # Cumulative time (in ticks) in various power states (Tick)
system.ruby.network.int_links21.src_net_bridge.power_state.pwrStateResidencyTicks::UNDEFINED         1000                       # Cumulative time (in ticks) in various power states (Tick)
system.ruby.network.int_links22.credit_link.power_state.pwrStateResidencyTicks::UNDEFINED         1000                       # Cumulative time (in ticks) in various power states (Tick)
system.ruby.network.int_links22.dst_cred_bridge.power_state.pwrStateResidencyTicks::UNDEFINED         1000                       # Cumulative time (in ticks) in various power states (Tick)
system.ruby.network.int_links22.dst_net_bridge.power_state.pwrStateResidencyTicks::UNDEFINED         1000                       # Cumulative time (in ticks) in various power states (Tick)
system.ruby.network.int_links22.network_link.power_state.pwrStateResidencyTicks::UNDEFINED         1000                       # Cumulative time (in ticks) in various power states (Tick)
system.ruby.network.int_links22.src_cred_bridge.power_state.pwrStateResidencyTicks::UNDEFINED         1000                       # Cumulative time (in ticks) in various power states (Tick)
system.ruby.network.int_links22.src_net_bridge.power_state.pwrStateResidencyTicks::UNDEFINED         1000                       # Cumulative time (in ticks) in various power states (Tick)
system.ruby.network.int_links23.credit_link.power_state.pwrStateResidencyTicks::UNDEFINED         1000                       # Cumulative time (in ticks) in various power states (Tick)
system.ruby.network.int_links23.dst_cred_bridge.power_state.pwrStateResidencyTicks::UNDEFINED         1000                       # Cumulative time (in ticks) in various power states (Tick)
system.ruby.network.int_links23.dst_net_bridge.power_state.pwrStateResidencyTicks::UNDEFINED         1000                       # Cumulative time (in ticks) in various power states (Tick)
system.ruby.network.int_links23.network_link.power_state.pwrStateResidencyTicks::UNDEFINED         1000                       # Cumulative time (in ticks) in various power states (Tick)
system.ruby.network.int_links23.src_cred_bridge.power_state.pwrStateResidencyTicks::UNDEFINED         1000                       # Cumulative time (in ticks) in various power states (Tick)
system.ruby.network.int_links23.src_net_bridge.power_state.pwrStateResidencyTicks::UNDEFINED         1000                       # Cumulative time (in ticks) in various power states (Tick)
system.ruby.network.int_links24.credit_link.power_state.pwrStateResidencyTicks::UNDEFINED         1000                       # Cumulative time (in ticks) in various power states (Tick)
system.ruby.network.int_links24.dst_cred_bridge.power_state.pwrStateResidencyTicks::UNDEFINED         1000                       # Cumulative time (in ticks) in various power states (Tick)
system.ruby.network.int_links24.dst_net_bridge.power_state.pwrStateResidencyTicks::UNDEFINED         1000                       # Cumulative time (in ticks) in various power states (Tick)
system.ruby.network.int_links24.network_link.power_state.pwrStateResidencyTicks::UNDEFINED         1000                       # Cumulative time (in ticks) in various power states (Tick)
system.ruby.network.int_links24.src_cred_bridge.power_state.pwrStateResidencyTicks::UNDEFINED         1000                       # Cumulative time (in ticks) in various power states (Tick)
system.ruby.network.int_links24.src_net_bridge.power_state.pwrStateResidencyTicks::UNDEFINED         1000                       # Cumulative time (in ticks) in various power states (Tick)
system.ruby.network.int_links25.credit_link.power_state.pwrStateResidencyTicks::UNDEFINED         1000                       # Cumulative time (in ticks) in various power states (Tick)
system.ruby.network.int_links25.dst_cred_bridge.power_state.pwrStateResidencyTicks::UNDEFINED         1000                       # Cumulative time (in ticks) in various power states (Tick)
system.ruby.network.int_links25.dst_net_bridge.power_state.pwrStateResidencyTicks::UNDEFINED         1000                       # Cumulative time (in ticks) in various power states (Tick)
system.ruby.network.int_links25.network_link.power_state.pwrStateResidencyTicks::UNDEFINED         1000                       # Cumulative time (in ticks) in various power states (Tick)
system.ruby.network.int_links25.src_cred_bridge.power_state.pwrStateResidencyTicks::UNDEFINED         1000                       # Cumulative time (in ticks) in various power states (Tick)
system.ruby.network.int_links25.src_net_bridge.power_state.pwrStateResidencyTicks::UNDEFINED         1000                       # Cumulative time (in ticks) in various power states (Tick)
system.ruby.network.int_links26.credit_link.power_state.pwrStateResidencyTicks::UNDEFINED         1000                       # Cumulative time (in ticks) in various power states (Tick)
system.ruby.network.int_links26.dst_cred_bridge.power_state.pwrStateResidencyTicks::UNDEFINED         1000                       # Cumulative time (in ticks) in various power states (Tick)
system.ruby.network.int_links26.dst_net_bridge.power_state.pwrStateResidencyTicks::UNDEFINED         1000                       # Cumulative time (in ticks) in various power states (Tick)
system.ruby.network.int_links26.network_link.power_state.pwrStateResidencyTicks::UNDEFINED         1000                       # Cumulative time (in ticks) in various power states (Tick)
system.ruby.network.int_links26.src_cred_bridge.power_state.pwrStateResidencyTicks::UNDEFINED         1000                       # Cumulative time (in ticks) in various power states (Tick)
system.ruby.network.int_links26.src_net_bridge.power_state.pwrStateResidencyTicks::UNDEFINED         1000                       # Cumulative time (in ticks) in various power states (Tick)
system.ruby.network.int_links27.credit_link.power_state.pwrStateResidencyTicks::UNDEFINED         1000                       # Cumulative time (in ticks) in various power states (Tick)
system.ruby.network.int_links27.dst_cred_bridge.power_state.pwrStateResidencyTicks::UNDEFINED         1000                       # Cumulative time (in ticks) in various power states (Tick)
system.ruby.network.int_links27.dst_net_bridge.power_state.pwrStateResidencyTicks::UNDEFINED         1000                       # Cumulative time (in ticks) in various power states (Tick)
system.ruby.network.int_links27.network_link.power_state.pwrStateResidencyTicks::UNDEFINED         1000                       # Cumulative time (in ticks) in various power states (Tick)
system.ruby.network.int_links27.src_cred_bridge.power_state.pwrStateResidencyTicks::UNDEFINED         1000                       # Cumulative time (in ticks) in various power states (Tick)
system.ruby.network.int_links27.src_net_bridge.power_state.pwrStateResidencyTicks::UNDEFINED         1000                       # Cumulative time (in ticks) in various power states (Tick)
system.ruby.network.int_links28.credit_link.power_state.pwrStateResidencyTicks::UNDEFINED         1000                       # Cumulative time (in ticks) in various power states (Tick)
system.ruby.network.int_links28.dst_cred_bridge.power_state.pwrStateResidencyTicks::UNDEFINED         1000                       # Cumulative time (in ticks) in various power states (Tick)
system.ruby.network.int_links28.dst_net_bridge.power_state.pwrStateResidencyTicks::UNDEFINED         1000                       # Cumulative time (in ticks) in various power states (Tick)
system.ruby.network.int_links28.network_link.power_state.pwrStateResidencyTicks::UNDEFINED         1000                       # Cumulative time (in ticks) in various power states (Tick)
system.ruby.network.int_links28.src_cred_bridge.power_state.pwrStateResidencyTicks::UNDEFINED         1000                       # Cumulative time (in ticks) in various power states (Tick)
system.ruby.network.int_links28.src_net_bridge.power_state.pwrStateResidencyTicks::UNDEFINED         1000                       # Cumulative time (in ticks) in various power states (Tick)
system.ruby.network.int_links29.credit_link.power_state.pwrStateResidencyTicks::UNDEFINED         1000                       # Cumulative time (in ticks) in various power states (Tick)
system.ruby.network.int_links29.dst_cred_bridge.power_state.pwrStateResidencyTicks::UNDEFINED         1000                       # Cumulative time (in ticks) in various power states (Tick)
system.ruby.network.int_links29.dst_net_bridge.power_state.pwrStateResidencyTicks::UNDEFINED         1000                       # Cumulative time (in ticks) in various power states (Tick)
system.ruby.network.int_links29.network_link.power_state.pwrStateResidencyTicks::UNDEFINED         1000                       # Cumulative time (in ticks) in various power states (Tick)
system.ruby.network.int_links29.src_cred_bridge.power_state.pwrStateResidencyTicks::UNDEFINED         1000                       # Cumulative time (in ticks) in various power states (Tick)
system.ruby.network.int_links29.src_net_bridge.power_state.pwrStateResidencyTicks::UNDEFINED         1000                       # Cumulative time (in ticks) in various power states (Tick)
system.ruby.network.int_links3.credit_link.power_state.pwrStateResidencyTicks::UNDEFINED         1000                       # Cumulative time (in ticks) in various power states (Tick)
system.ruby.network.int_links3.dst_cred_bridge.power_state.pwrStateResidencyTicks::UNDEFINED         1000                       # Cumulative time (in ticks) in various power states (Tick)
system.ruby.network.int_links3.dst_net_bridge.power_state.pwrStateResidencyTicks::UNDEFINED         1000                       # Cumulative time (in ticks) in various power states (Tick)
system.ruby.network.int_links3.network_link.power_state.pwrStateResidencyTicks::UNDEFINED         1000                       # Cumulative time (in ticks) in various power states (Tick)
system.ruby.network.int_links3.src_cred_bridge.power_state.pwrStateResidencyTicks::UNDEFINED         1000                       # Cumulative time (in ticks) in various power states (Tick)
system.ruby.network.int_links3.src_net_bridge.power_state.pwrStateResidencyTicks::UNDEFINED         1000                       # Cumulative time (in ticks) in various power states (Tick)
system.ruby.network.int_links30.credit_link.power_state.pwrStateResidencyTicks::UNDEFINED         1000                       # Cumulative time (in ticks) in various power states (Tick)
system.ruby.network.int_links30.dst_cred_bridge.power_state.pwrStateResidencyTicks::UNDEFINED         1000                       # Cumulative time (in ticks) in various power states (Tick)
system.ruby.network.int_links30.dst_net_bridge.power_state.pwrStateResidencyTicks::UNDEFINED         1000                       # Cumulative time (in ticks) in various power states (Tick)
system.ruby.network.int_links30.network_link.power_state.pwrStateResidencyTicks::UNDEFINED         1000                       # Cumulative time (in ticks) in various power states (Tick)
system.ruby.network.int_links30.src_cred_bridge.power_state.pwrStateResidencyTicks::UNDEFINED         1000                       # Cumulative time (in ticks) in various power states (Tick)
system.ruby.network.int_links30.src_net_bridge.power_state.pwrStateResidencyTicks::UNDEFINED         1000                       # Cumulative time (in ticks) in various power states (Tick)
system.ruby.network.int_links31.credit_link.power_state.pwrStateResidencyTicks::UNDEFINED         1000                       # Cumulative time (in ticks) in various power states (Tick)
system.ruby.network.int_links31.dst_cred_bridge.power_state.pwrStateResidencyTicks::UNDEFINED         1000                       # Cumulative time (in ticks) in various power states (Tick)
system.ruby.network.int_links31.dst_net_bridge.power_state.pwrStateResidencyTicks::UNDEFINED         1000                       # Cumulative time (in ticks) in various power states (Tick)
system.ruby.network.int_links31.network_link.power_state.pwrStateResidencyTicks::UNDEFINED         1000                       # Cumulative time (in ticks) in various power states (Tick)
system.ruby.network.int_links31.src_cred_bridge.power_state.pwrStateResidencyTicks::UNDEFINED         1000                       # Cumulative time (in ticks) in various power states (Tick)
system.ruby.network.int_links31.src_net_bridge.power_state.pwrStateResidencyTicks::UNDEFINED         1000                       # Cumulative time (in ticks) in various power states (Tick)
system.ruby.network.int_links32.credit_link.power_state.pwrStateResidencyTicks::UNDEFINED         1000                       # Cumulative time (in ticks) in various power states (Tick)
system.ruby.network.int_links32.dst_cred_bridge.power_state.pwrStateResidencyTicks::UNDEFINED         1000                       # Cumulative time (in ticks) in various power states (Tick)
system.ruby.network.int_links32.dst_net_bridge.power_state.pwrStateResidencyTicks::UNDEFINED         1000                       # Cumulative time (in ticks) in various power states (Tick)
system.ruby.network.int_links32.network_link.power_state.pwrStateResidencyTicks::UNDEFINED         1000                       # Cumulative time (in ticks) in various power states (Tick)
system.ruby.network.int_links32.src_cred_bridge.power_state.pwrStateResidencyTicks::UNDEFINED         1000                       # Cumulative time (in ticks) in various power states (Tick)
system.ruby.network.int_links32.src_net_bridge.power_state.pwrStateResidencyTicks::UNDEFINED         1000                       # Cumulative time (in ticks) in various power states (Tick)
system.ruby.network.int_links33.credit_link.power_state.pwrStateResidencyTicks::UNDEFINED         1000                       # Cumulative time (in ticks) in various power states (Tick)
system.ruby.network.int_links33.dst_cred_bridge.power_state.pwrStateResidencyTicks::UNDEFINED         1000                       # Cumulative time (in ticks) in various power states (Tick)
system.ruby.network.int_links33.dst_net_bridge.power_state.pwrStateResidencyTicks::UNDEFINED         1000                       # Cumulative time (in ticks) in various power states (Tick)
system.ruby.network.int_links33.network_link.power_state.pwrStateResidencyTicks::UNDEFINED         1000                       # Cumulative time (in ticks) in various power states (Tick)
system.ruby.network.int_links33.src_cred_bridge.power_state.pwrStateResidencyTicks::UNDEFINED         1000                       # Cumulative time (in ticks) in various power states (Tick)
system.ruby.network.int_links33.src_net_bridge.power_state.pwrStateResidencyTicks::UNDEFINED         1000                       # Cumulative time (in ticks) in various power states (Tick)
system.ruby.network.int_links34.credit_link.power_state.pwrStateResidencyTicks::UNDEFINED         1000                       # Cumulative time (in ticks) in various power states (Tick)
system.ruby.network.int_links34.dst_cred_bridge.power_state.pwrStateResidencyTicks::UNDEFINED         1000                       # Cumulative time (in ticks) in various power states (Tick)
system.ruby.network.int_links34.dst_net_bridge.power_state.pwrStateResidencyTicks::UNDEFINED         1000                       # Cumulative time (in ticks) in various power states (Tick)
system.ruby.network.int_links34.network_link.power_state.pwrStateResidencyTicks::UNDEFINED         1000                       # Cumulative time (in ticks) in various power states (Tick)
system.ruby.network.int_links34.src_cred_bridge.power_state.pwrStateResidencyTicks::UNDEFINED         1000                       # Cumulative time (in ticks) in various power states (Tick)
system.ruby.network.int_links34.src_net_bridge.power_state.pwrStateResidencyTicks::UNDEFINED         1000                       # Cumulative time (in ticks) in various power states (Tick)
system.ruby.network.int_links35.credit_link.power_state.pwrStateResidencyTicks::UNDEFINED         1000                       # Cumulative time (in ticks) in various power states (Tick)
system.ruby.network.int_links35.dst_cred_bridge.power_state.pwrStateResidencyTicks::UNDEFINED         1000                       # Cumulative time (in ticks) in various power states (Tick)
system.ruby.network.int_links35.dst_net_bridge.power_state.pwrStateResidencyTicks::UNDEFINED         1000                       # Cumulative time (in ticks) in various power states (Tick)
system.ruby.network.int_links35.network_link.power_state.pwrStateResidencyTicks::UNDEFINED         1000                       # Cumulative time (in ticks) in various power states (Tick)
system.ruby.network.int_links35.src_cred_bridge.power_state.pwrStateResidencyTicks::UNDEFINED         1000                       # Cumulative time (in ticks) in various power states (Tick)
system.ruby.network.int_links35.src_net_bridge.power_state.pwrStateResidencyTicks::UNDEFINED         1000                       # Cumulative time (in ticks) in various power states (Tick)
system.ruby.network.int_links36.credit_link.power_state.pwrStateResidencyTicks::UNDEFINED         1000                       # Cumulative time (in ticks) in various power states (Tick)
system.ruby.network.int_links36.dst_cred_bridge.power_state.pwrStateResidencyTicks::UNDEFINED         1000                       # Cumulative time (in ticks) in various power states (Tick)
system.ruby.network.int_links36.dst_net_bridge.power_state.pwrStateResidencyTicks::UNDEFINED         1000                       # Cumulative time (in ticks) in various power states (Tick)
system.ruby.network.int_links36.network_link.power_state.pwrStateResidencyTicks::UNDEFINED         1000                       # Cumulative time (in ticks) in various power states (Tick)
system.ruby.network.int_links36.src_cred_bridge.power_state.pwrStateResidencyTicks::UNDEFINED         1000                       # Cumulative time (in ticks) in various power states (Tick)
system.ruby.network.int_links36.src_net_bridge.power_state.pwrStateResidencyTicks::UNDEFINED         1000                       # Cumulative time (in ticks) in various power states (Tick)
system.ruby.network.int_links37.credit_link.power_state.pwrStateResidencyTicks::UNDEFINED         1000                       # Cumulative time (in ticks) in various power states (Tick)
system.ruby.network.int_links37.dst_cred_bridge.power_state.pwrStateResidencyTicks::UNDEFINED         1000                       # Cumulative time (in ticks) in various power states (Tick)
system.ruby.network.int_links37.dst_net_bridge.power_state.pwrStateResidencyTicks::UNDEFINED         1000                       # Cumulative time (in ticks) in various power states (Tick)
system.ruby.network.int_links37.network_link.power_state.pwrStateResidencyTicks::UNDEFINED         1000                       # Cumulative time (in ticks) in various power states (Tick)
system.ruby.network.int_links37.src_cred_bridge.power_state.pwrStateResidencyTicks::UNDEFINED         1000                       # Cumulative time (in ticks) in various power states (Tick)
system.ruby.network.int_links37.src_net_bridge.power_state.pwrStateResidencyTicks::UNDEFINED         1000                       # Cumulative time (in ticks) in various power states (Tick)
system.ruby.network.int_links38.credit_link.power_state.pwrStateResidencyTicks::UNDEFINED         1000                       # Cumulative time (in ticks) in various power states (Tick)
system.ruby.network.int_links38.dst_cred_bridge.power_state.pwrStateResidencyTicks::UNDEFINED         1000                       # Cumulative time (in ticks) in various power states (Tick)
system.ruby.network.int_links38.dst_net_bridge.power_state.pwrStateResidencyTicks::UNDEFINED         1000                       # Cumulative time (in ticks) in various power states (Tick)
system.ruby.network.int_links38.network_link.power_state.pwrStateResidencyTicks::UNDEFINED         1000                       # Cumulative time (in ticks) in various power states (Tick)
system.ruby.network.int_links38.src_cred_bridge.power_state.pwrStateResidencyTicks::UNDEFINED         1000                       # Cumulative time (in ticks) in various power states (Tick)
system.ruby.network.int_links38.src_net_bridge.power_state.pwrStateResidencyTicks::UNDEFINED         1000                       # Cumulative time (in ticks) in various power states (Tick)
system.ruby.network.int_links39.credit_link.power_state.pwrStateResidencyTicks::UNDEFINED         1000                       # Cumulative time (in ticks) in various power states (Tick)
system.ruby.network.int_links39.dst_cred_bridge.power_state.pwrStateResidencyTicks::UNDEFINED         1000                       # Cumulative time (in ticks) in various power states (Tick)
system.ruby.network.int_links39.dst_net_bridge.power_state.pwrStateResidencyTicks::UNDEFINED         1000                       # Cumulative time (in ticks) in various power states (Tick)
system.ruby.network.int_links39.network_link.power_state.pwrStateResidencyTicks::UNDEFINED         1000                       # Cumulative time (in ticks) in various power states (Tick)
system.ruby.network.int_links39.src_cred_bridge.power_state.pwrStateResidencyTicks::UNDEFINED         1000                       # Cumulative time (in ticks) in various power states (Tick)
system.ruby.network.int_links39.src_net_bridge.power_state.pwrStateResidencyTicks::UNDEFINED         1000                       # Cumulative time (in ticks) in various power states (Tick)
system.ruby.network.int_links4.credit_link.power_state.pwrStateResidencyTicks::UNDEFINED         1000                       # Cumulative time (in ticks) in various power states (Tick)
system.ruby.network.int_links4.dst_cred_bridge.power_state.pwrStateResidencyTicks::UNDEFINED         1000                       # Cumulative time (in ticks) in various power states (Tick)
system.ruby.network.int_links4.dst_net_bridge.power_state.pwrStateResidencyTicks::UNDEFINED         1000                       # Cumulative time (in ticks) in various power states (Tick)
system.ruby.network.int_links4.network_link.power_state.pwrStateResidencyTicks::UNDEFINED         1000                       # Cumulative time (in ticks) in various power states (Tick)
system.ruby.network.int_links4.src_cred_bridge.power_state.pwrStateResidencyTicks::UNDEFINED         1000                       # Cumulative time (in ticks) in various power states (Tick)
system.ruby.network.int_links4.src_net_bridge.power_state.pwrStateResidencyTicks::UNDEFINED         1000                       # Cumulative time (in ticks) in various power states (Tick)
system.ruby.network.int_links40.credit_link.power_state.pwrStateResidencyTicks::UNDEFINED         1000                       # Cumulative time (in ticks) in various power states (Tick)
system.ruby.network.int_links40.dst_cred_bridge.power_state.pwrStateResidencyTicks::UNDEFINED         1000                       # Cumulative time (in ticks) in various power states (Tick)
system.ruby.network.int_links40.dst_net_bridge.power_state.pwrStateResidencyTicks::UNDEFINED         1000                       # Cumulative time (in ticks) in various power states (Tick)
system.ruby.network.int_links40.network_link.power_state.pwrStateResidencyTicks::UNDEFINED         1000                       # Cumulative time (in ticks) in various power states (Tick)
system.ruby.network.int_links40.src_cred_bridge.power_state.pwrStateResidencyTicks::UNDEFINED         1000                       # Cumulative time (in ticks) in various power states (Tick)
system.ruby.network.int_links40.src_net_bridge.power_state.pwrStateResidencyTicks::UNDEFINED         1000                       # Cumulative time (in ticks) in various power states (Tick)
system.ruby.network.int_links41.credit_link.power_state.pwrStateResidencyTicks::UNDEFINED         1000                       # Cumulative time (in ticks) in various power states (Tick)
system.ruby.network.int_links41.dst_cred_bridge.power_state.pwrStateResidencyTicks::UNDEFINED         1000                       # Cumulative time (in ticks) in various power states (Tick)
system.ruby.network.int_links41.dst_net_bridge.power_state.pwrStateResidencyTicks::UNDEFINED         1000                       # Cumulative time (in ticks) in various power states (Tick)
system.ruby.network.int_links41.network_link.power_state.pwrStateResidencyTicks::UNDEFINED         1000                       # Cumulative time (in ticks) in various power states (Tick)
system.ruby.network.int_links41.src_cred_bridge.power_state.pwrStateResidencyTicks::UNDEFINED         1000                       # Cumulative time (in ticks) in various power states (Tick)
system.ruby.network.int_links41.src_net_bridge.power_state.pwrStateResidencyTicks::UNDEFINED         1000                       # Cumulative time (in ticks) in various power states (Tick)
system.ruby.network.int_links42.credit_link.power_state.pwrStateResidencyTicks::UNDEFINED         1000                       # Cumulative time (in ticks) in various power states (Tick)
system.ruby.network.int_links42.dst_cred_bridge.power_state.pwrStateResidencyTicks::UNDEFINED         1000                       # Cumulative time (in ticks) in various power states (Tick)
system.ruby.network.int_links42.dst_net_bridge.power_state.pwrStateResidencyTicks::UNDEFINED         1000                       # Cumulative time (in ticks) in various power states (Tick)
system.ruby.network.int_links42.network_link.power_state.pwrStateResidencyTicks::UNDEFINED         1000                       # Cumulative time (in ticks) in various power states (Tick)
system.ruby.network.int_links42.src_cred_bridge.power_state.pwrStateResidencyTicks::UNDEFINED         1000                       # Cumulative time (in ticks) in various power states (Tick)
system.ruby.network.int_links42.src_net_bridge.power_state.pwrStateResidencyTicks::UNDEFINED         1000                       # Cumulative time (in ticks) in various power states (Tick)
system.ruby.network.int_links43.credit_link.power_state.pwrStateResidencyTicks::UNDEFINED         1000                       # Cumulative time (in ticks) in various power states (Tick)
system.ruby.network.int_links43.dst_cred_bridge.power_state.pwrStateResidencyTicks::UNDEFINED         1000                       # Cumulative time (in ticks) in various power states (Tick)
system.ruby.network.int_links43.dst_net_bridge.power_state.pwrStateResidencyTicks::UNDEFINED         1000                       # Cumulative time (in ticks) in various power states (Tick)
system.ruby.network.int_links43.network_link.power_state.pwrStateResidencyTicks::UNDEFINED         1000                       # Cumulative time (in ticks) in various power states (Tick)
system.ruby.network.int_links43.src_cred_bridge.power_state.pwrStateResidencyTicks::UNDEFINED         1000                       # Cumulative time (in ticks) in various power states (Tick)
system.ruby.network.int_links43.src_net_bridge.power_state.pwrStateResidencyTicks::UNDEFINED         1000                       # Cumulative time (in ticks) in various power states (Tick)
system.ruby.network.int_links44.credit_link.power_state.pwrStateResidencyTicks::UNDEFINED         1000                       # Cumulative time (in ticks) in various power states (Tick)
system.ruby.network.int_links44.dst_cred_bridge.power_state.pwrStateResidencyTicks::UNDEFINED         1000                       # Cumulative time (in ticks) in various power states (Tick)
system.ruby.network.int_links44.dst_net_bridge.power_state.pwrStateResidencyTicks::UNDEFINED         1000                       # Cumulative time (in ticks) in various power states (Tick)
system.ruby.network.int_links44.network_link.power_state.pwrStateResidencyTicks::UNDEFINED         1000                       # Cumulative time (in ticks) in various power states (Tick)
system.ruby.network.int_links44.src_cred_bridge.power_state.pwrStateResidencyTicks::UNDEFINED         1000                       # Cumulative time (in ticks) in various power states (Tick)
system.ruby.network.int_links44.src_net_bridge.power_state.pwrStateResidencyTicks::UNDEFINED         1000                       # Cumulative time (in ticks) in various power states (Tick)
system.ruby.network.int_links45.credit_link.power_state.pwrStateResidencyTicks::UNDEFINED         1000                       # Cumulative time (in ticks) in various power states (Tick)
system.ruby.network.int_links45.dst_cred_bridge.power_state.pwrStateResidencyTicks::UNDEFINED         1000                       # Cumulative time (in ticks) in various power states (Tick)
system.ruby.network.int_links45.dst_net_bridge.power_state.pwrStateResidencyTicks::UNDEFINED         1000                       # Cumulative time (in ticks) in various power states (Tick)
system.ruby.network.int_links45.network_link.power_state.pwrStateResidencyTicks::UNDEFINED         1000                       # Cumulative time (in ticks) in various power states (Tick)
system.ruby.network.int_links45.src_cred_bridge.power_state.pwrStateResidencyTicks::UNDEFINED         1000                       # Cumulative time (in ticks) in various power states (Tick)
system.ruby.network.int_links45.src_net_bridge.power_state.pwrStateResidencyTicks::UNDEFINED         1000                       # Cumulative time (in ticks) in various power states (Tick)
system.ruby.network.int_links46.credit_link.power_state.pwrStateResidencyTicks::UNDEFINED         1000                       # Cumulative time (in ticks) in various power states (Tick)
system.ruby.network.int_links46.dst_cred_bridge.power_state.pwrStateResidencyTicks::UNDEFINED         1000                       # Cumulative time (in ticks) in various power states (Tick)
system.ruby.network.int_links46.dst_net_bridge.power_state.pwrStateResidencyTicks::UNDEFINED         1000                       # Cumulative time (in ticks) in various power states (Tick)
system.ruby.network.int_links46.network_link.power_state.pwrStateResidencyTicks::UNDEFINED         1000                       # Cumulative time (in ticks) in various power states (Tick)
system.ruby.network.int_links46.src_cred_bridge.power_state.pwrStateResidencyTicks::UNDEFINED         1000                       # Cumulative time (in ticks) in various power states (Tick)
system.ruby.network.int_links46.src_net_bridge.power_state.pwrStateResidencyTicks::UNDEFINED         1000                       # Cumulative time (in ticks) in various power states (Tick)
system.ruby.network.int_links47.credit_link.power_state.pwrStateResidencyTicks::UNDEFINED         1000                       # Cumulative time (in ticks) in various power states (Tick)
system.ruby.network.int_links47.dst_cred_bridge.power_state.pwrStateResidencyTicks::UNDEFINED         1000                       # Cumulative time (in ticks) in various power states (Tick)
system.ruby.network.int_links47.dst_net_bridge.power_state.pwrStateResidencyTicks::UNDEFINED         1000                       # Cumulative time (in ticks) in various power states (Tick)
system.ruby.network.int_links47.network_link.power_state.pwrStateResidencyTicks::UNDEFINED         1000                       # Cumulative time (in ticks) in various power states (Tick)
system.ruby.network.int_links47.src_cred_bridge.power_state.pwrStateResidencyTicks::UNDEFINED         1000                       # Cumulative time (in ticks) in various power states (Tick)
system.ruby.network.int_links47.src_net_bridge.power_state.pwrStateResidencyTicks::UNDEFINED         1000                       # Cumulative time (in ticks) in various power states (Tick)
system.ruby.network.int_links5.credit_link.power_state.pwrStateResidencyTicks::UNDEFINED         1000                       # Cumulative time (in ticks) in various power states (Tick)
system.ruby.network.int_links5.dst_cred_bridge.power_state.pwrStateResidencyTicks::UNDEFINED         1000                       # Cumulative time (in ticks) in various power states (Tick)
system.ruby.network.int_links5.dst_net_bridge.power_state.pwrStateResidencyTicks::UNDEFINED         1000                       # Cumulative time (in ticks) in various power states (Tick)
system.ruby.network.int_links5.network_link.power_state.pwrStateResidencyTicks::UNDEFINED         1000                       # Cumulative time (in ticks) in various power states (Tick)
system.ruby.network.int_links5.src_cred_bridge.power_state.pwrStateResidencyTicks::UNDEFINED         1000                       # Cumulative time (in ticks) in various power states (Tick)
system.ruby.network.int_links5.src_net_bridge.power_state.pwrStateResidencyTicks::UNDEFINED         1000                       # Cumulative time (in ticks) in various power states (Tick)
system.ruby.network.int_links6.credit_link.power_state.pwrStateResidencyTicks::UNDEFINED         1000                       # Cumulative time (in ticks) in various power states (Tick)
system.ruby.network.int_links6.dst_cred_bridge.power_state.pwrStateResidencyTicks::UNDEFINED         1000                       # Cumulative time (in ticks) in various power states (Tick)
system.ruby.network.int_links6.dst_net_bridge.power_state.pwrStateResidencyTicks::UNDEFINED         1000                       # Cumulative time (in ticks) in various power states (Tick)
system.ruby.network.int_links6.network_link.power_state.pwrStateResidencyTicks::UNDEFINED         1000                       # Cumulative time (in ticks) in various power states (Tick)
system.ruby.network.int_links6.src_cred_bridge.power_state.pwrStateResidencyTicks::UNDEFINED         1000                       # Cumulative time (in ticks) in various power states (Tick)
system.ruby.network.int_links6.src_net_bridge.power_state.pwrStateResidencyTicks::UNDEFINED         1000                       # Cumulative time (in ticks) in various power states (Tick)
system.ruby.network.int_links7.credit_link.power_state.pwrStateResidencyTicks::UNDEFINED         1000                       # Cumulative time (in ticks) in various power states (Tick)
system.ruby.network.int_links7.dst_cred_bridge.power_state.pwrStateResidencyTicks::UNDEFINED         1000                       # Cumulative time (in ticks) in various power states (Tick)
system.ruby.network.int_links7.dst_net_bridge.power_state.pwrStateResidencyTicks::UNDEFINED         1000                       # Cumulative time (in ticks) in various power states (Tick)
system.ruby.network.int_links7.network_link.power_state.pwrStateResidencyTicks::UNDEFINED         1000                       # Cumulative time (in ticks) in various power states (Tick)
system.ruby.network.int_links7.src_cred_bridge.power_state.pwrStateResidencyTicks::UNDEFINED         1000                       # Cumulative time (in ticks) in various power states (Tick)
system.ruby.network.int_links7.src_net_bridge.power_state.pwrStateResidencyTicks::UNDEFINED         1000                       # Cumulative time (in ticks) in various power states (Tick)
system.ruby.network.int_links8.credit_link.power_state.pwrStateResidencyTicks::UNDEFINED         1000                       # Cumulative time (in ticks) in various power states (Tick)
system.ruby.network.int_links8.dst_cred_bridge.power_state.pwrStateResidencyTicks::UNDEFINED         1000                       # Cumulative time (in ticks) in various power states (Tick)
system.ruby.network.int_links8.dst_net_bridge.power_state.pwrStateResidencyTicks::UNDEFINED         1000                       # Cumulative time (in ticks) in various power states (Tick)
system.ruby.network.int_links8.network_link.power_state.pwrStateResidencyTicks::UNDEFINED         1000                       # Cumulative time (in ticks) in various power states (Tick)
system.ruby.network.int_links8.src_cred_bridge.power_state.pwrStateResidencyTicks::UNDEFINED         1000                       # Cumulative time (in ticks) in various power states (Tick)
system.ruby.network.int_links8.src_net_bridge.power_state.pwrStateResidencyTicks::UNDEFINED         1000                       # Cumulative time (in ticks) in various power states (Tick)
system.ruby.network.int_links9.credit_link.power_state.pwrStateResidencyTicks::UNDEFINED         1000                       # Cumulative time (in ticks) in various power states (Tick)
system.ruby.network.int_links9.dst_cred_bridge.power_state.pwrStateResidencyTicks::UNDEFINED         1000                       # Cumulative time (in ticks) in various power states (Tick)
system.ruby.network.int_links9.dst_net_bridge.power_state.pwrStateResidencyTicks::UNDEFINED         1000                       # Cumulative time (in ticks) in various power states (Tick)
system.ruby.network.int_links9.network_link.power_state.pwrStateResidencyTicks::UNDEFINED         1000                       # Cumulative time (in ticks) in various power states (Tick)
system.ruby.network.int_links9.src_cred_bridge.power_state.pwrStateResidencyTicks::UNDEFINED         1000                       # Cumulative time (in ticks) in various power states (Tick)
system.ruby.network.int_links9.src_net_bridge.power_state.pwrStateResidencyTicks::UNDEFINED         1000                       # Cumulative time (in ticks) in various power states (Tick)
system.ruby.network.netifs0.power_state.pwrStateResidencyTicks::UNDEFINED         1000                       # Cumulative time (in ticks) in various power states (Tick)
system.ruby.network.netifs1.power_state.pwrStateResidencyTicks::UNDEFINED         1000                       # Cumulative time (in ticks) in various power states (Tick)
system.ruby.network.netifs10.power_state.pwrStateResidencyTicks::UNDEFINED         1000                       # Cumulative time (in ticks) in various power states (Tick)
system.ruby.network.netifs11.power_state.pwrStateResidencyTicks::UNDEFINED         1000                       # Cumulative time (in ticks) in various power states (Tick)
system.ruby.network.netifs12.power_state.pwrStateResidencyTicks::UNDEFINED         1000                       # Cumulative time (in ticks) in various power states (Tick)
system.ruby.network.netifs13.power_state.pwrStateResidencyTicks::UNDEFINED         1000                       # Cumulative time (in ticks) in various power states (Tick)
system.ruby.network.netifs14.power_state.pwrStateResidencyTicks::UNDEFINED         1000                       # Cumulative time (in ticks) in various power states (Tick)
system.ruby.network.netifs15.power_state.pwrStateResidencyTicks::UNDEFINED         1000                       # Cumulative time (in ticks) in various power states (Tick)
system.ruby.network.netifs16.power_state.pwrStateResidencyTicks::UNDEFINED         1000                       # Cumulative time (in ticks) in various power states (Tick)
system.ruby.network.netifs17.power_state.pwrStateResidencyTicks::UNDEFINED         1000                       # Cumulative time (in ticks) in various power states (Tick)
system.ruby.network.netifs18.power_state.pwrStateResidencyTicks::UNDEFINED         1000                       # Cumulative time (in ticks) in various power states (Tick)
system.ruby.network.netifs19.power_state.pwrStateResidencyTicks::UNDEFINED         1000                       # Cumulative time (in ticks) in various power states (Tick)
system.ruby.network.netifs2.power_state.pwrStateResidencyTicks::UNDEFINED         1000                       # Cumulative time (in ticks) in various power states (Tick)
system.ruby.network.netifs20.power_state.pwrStateResidencyTicks::UNDEFINED         1000                       # Cumulative time (in ticks) in various power states (Tick)
system.ruby.network.netifs21.power_state.pwrStateResidencyTicks::UNDEFINED         1000                       # Cumulative time (in ticks) in various power states (Tick)
system.ruby.network.netifs22.power_state.pwrStateResidencyTicks::UNDEFINED         1000                       # Cumulative time (in ticks) in various power states (Tick)
system.ruby.network.netifs23.power_state.pwrStateResidencyTicks::UNDEFINED         1000                       # Cumulative time (in ticks) in various power states (Tick)
system.ruby.network.netifs24.power_state.pwrStateResidencyTicks::UNDEFINED         1000                       # Cumulative time (in ticks) in various power states (Tick)
system.ruby.network.netifs25.power_state.pwrStateResidencyTicks::UNDEFINED         1000                       # Cumulative time (in ticks) in various power states (Tick)
system.ruby.network.netifs26.power_state.pwrStateResidencyTicks::UNDEFINED         1000                       # Cumulative time (in ticks) in various power states (Tick)
system.ruby.network.netifs27.power_state.pwrStateResidencyTicks::UNDEFINED         1000                       # Cumulative time (in ticks) in various power states (Tick)
system.ruby.network.netifs28.power_state.pwrStateResidencyTicks::UNDEFINED         1000                       # Cumulative time (in ticks) in various power states (Tick)
system.ruby.network.netifs29.power_state.pwrStateResidencyTicks::UNDEFINED         1000                       # Cumulative time (in ticks) in various power states (Tick)
system.ruby.network.netifs3.power_state.pwrStateResidencyTicks::UNDEFINED         1000                       # Cumulative time (in ticks) in various power states (Tick)
system.ruby.network.netifs30.power_state.pwrStateResidencyTicks::UNDEFINED         1000                       # Cumulative time (in ticks) in various power states (Tick)
system.ruby.network.netifs31.power_state.pwrStateResidencyTicks::UNDEFINED         1000                       # Cumulative time (in ticks) in various power states (Tick)
system.ruby.network.netifs4.power_state.pwrStateResidencyTicks::UNDEFINED         1000                       # Cumulative time (in ticks) in various power states (Tick)
system.ruby.network.netifs5.power_state.pwrStateResidencyTicks::UNDEFINED         1000                       # Cumulative time (in ticks) in various power states (Tick)
system.ruby.network.netifs6.power_state.pwrStateResidencyTicks::UNDEFINED         1000                       # Cumulative time (in ticks) in various power states (Tick)
system.ruby.network.netifs7.power_state.pwrStateResidencyTicks::UNDEFINED         1000                       # Cumulative time (in ticks) in various power states (Tick)
system.ruby.network.netifs8.power_state.pwrStateResidencyTicks::UNDEFINED         1000                       # Cumulative time (in ticks) in various power states (Tick)
system.ruby.network.netifs9.power_state.pwrStateResidencyTicks::UNDEFINED         1000                       # Cumulative time (in ticks) in various power states (Tick)
system.ruby.network.power_state.pwrStateResidencyTicks::UNDEFINED         1000                       # Cumulative time (in ticks) in various power states (Tick)
system.ruby.network.routers0.power_state.pwrStateResidencyTicks::UNDEFINED         1000                       # Cumulative time (in ticks) in various power states (Tick)
system.ruby.network.routers1.power_state.pwrStateResidencyTicks::UNDEFINED         1000                       # Cumulative time (in ticks) in various power states (Tick)
system.ruby.network.routers10.power_state.pwrStateResidencyTicks::UNDEFINED         1000                       # Cumulative time (in ticks) in various power states (Tick)
system.ruby.network.routers11.power_state.pwrStateResidencyTicks::UNDEFINED         1000                       # Cumulative time (in ticks) in various power states (Tick)
system.ruby.network.routers12.power_state.pwrStateResidencyTicks::UNDEFINED         1000                       # Cumulative time (in ticks) in various power states (Tick)
system.ruby.network.routers13.power_state.pwrStateResidencyTicks::UNDEFINED         1000                       # Cumulative time (in ticks) in various power states (Tick)
system.ruby.network.routers14.power_state.pwrStateResidencyTicks::UNDEFINED         1000                       # Cumulative time (in ticks) in various power states (Tick)
system.ruby.network.routers15.power_state.pwrStateResidencyTicks::UNDEFINED         1000                       # Cumulative time (in ticks) in various power states (Tick)
system.ruby.network.routers2.power_state.pwrStateResidencyTicks::UNDEFINED         1000                       # Cumulative time (in ticks) in various power states (Tick)
system.ruby.network.routers3.power_state.pwrStateResidencyTicks::UNDEFINED         1000                       # Cumulative time (in ticks) in various power states (Tick)
system.ruby.network.routers4.power_state.pwrStateResidencyTicks::UNDEFINED         1000                       # Cumulative time (in ticks) in various power states (Tick)
system.ruby.network.routers5.power_state.pwrStateResidencyTicks::UNDEFINED         1000                       # Cumulative time (in ticks) in various power states (Tick)
system.ruby.network.routers6.power_state.pwrStateResidencyTicks::UNDEFINED         1000                       # Cumulative time (in ticks) in various power states (Tick)
system.ruby.network.routers7.power_state.pwrStateResidencyTicks::UNDEFINED         1000                       # Cumulative time (in ticks) in various power states (Tick)
system.ruby.network.routers8.power_state.pwrStateResidencyTicks::UNDEFINED         1000                       # Cumulative time (in ticks) in various power states (Tick)
system.ruby.network.routers9.power_state.pwrStateResidencyTicks::UNDEFINED         1000                       # Cumulative time (in ticks) in various power states (Tick)
system.ruby.network.average_flit_latency          nan                       (Unspecified)
system.ruby.network.average_flit_network_latency          nan                       (Unspecified)
system.ruby.network.average_flit_queueing_latency          nan                       (Unspecified)
system.ruby.network.average_flit_vnet_latency |         nan                       |         nan                       |         nan                       |         nan                       |         nan                       (Unspecified)
system.ruby.network.average_flit_vqueue_latency |         nan                       |         nan                       |         nan                       |         nan                       |         nan                       (Unspecified)
system.ruby.network.average_hops                  nan                       (Unspecified)
system.ruby.network.average_packet_latency          nan                       (Unspecified)
system.ruby.network.average_packet_network_latency          nan                       (Unspecified)
system.ruby.network.average_packet_queueing_latency          nan                       (Unspecified)
system.ruby.network.average_packet_vnet_latency |         nan                       |         nan                       |         nan                       |         nan                       |         nan                       (Unspecified)
system.ruby.network.average_packet_vqueue_latency |         nan                       |         nan                       |         nan                       |         nan                       |         nan                       (Unspecified)
system.ruby.network.avg_link_utilization            0                       (Unspecified)
system.ruby.network.ctrl_traffic_distribution.n0.n0            0                       (Unspecified)
system.ruby.network.ctrl_traffic_distribution.n0.n1            0                       (Unspecified)
system.ruby.network.ctrl_traffic_distribution.n0.n10            0                       (Unspecified)
system.ruby.network.ctrl_traffic_distribution.n0.n11            0                       (Unspecified)
system.ruby.network.ctrl_traffic_distribution.n0.n12            0                       (Unspecified)
system.ruby.network.ctrl_traffic_distribution.n0.n13            0                       (Unspecified)
system.ruby.network.ctrl_traffic_distribution.n0.n14            0                       (Unspecified)
system.ruby.network.ctrl_traffic_distribution.n0.n15            0                       (Unspecified)
system.ruby.network.ctrl_traffic_distribution.n0.n2            0                       (Unspecified)
system.ruby.network.ctrl_traffic_distribution.n0.n3            0                       (Unspecified)
system.ruby.network.ctrl_traffic_distribution.n0.n4            0                       (Unspecified)
system.ruby.network.ctrl_traffic_distribution.n0.n5            0                       (Unspecified)
system.ruby.network.ctrl_traffic_distribution.n0.n6            0                       (Unspecified)
system.ruby.network.ctrl_traffic_distribution.n0.n7            0                       (Unspecified)
system.ruby.network.ctrl_traffic_distribution.n0.n8            0                       (Unspecified)
system.ruby.network.ctrl_traffic_distribution.n0.n9            0                       (Unspecified)
system.ruby.network.ctrl_traffic_distribution.n1.n0            0                       (Unspecified)
system.ruby.network.ctrl_traffic_distribution.n1.n1            0                       (Unspecified)
system.ruby.network.ctrl_traffic_distribution.n1.n10            0                       (Unspecified)
system.ruby.network.ctrl_traffic_distribution.n1.n11            0                       (Unspecified)
system.ruby.network.ctrl_traffic_distribution.n1.n12            0                       (Unspecified)
system.ruby.network.ctrl_traffic_distribution.n1.n13            0                       (Unspecified)
system.ruby.network.ctrl_traffic_distribution.n1.n14            0                       (Unspecified)
system.ruby.network.ctrl_traffic_distribution.n1.n15            0                       (Unspecified)
system.ruby.network.ctrl_traffic_distribution.n1.n2            0                       (Unspecified)
system.ruby.network.ctrl_traffic_distribution.n1.n3            0                       (Unspecified)
system.ruby.network.ctrl_traffic_distribution.n1.n4            0                       (Unspecified)
system.ruby.network.ctrl_traffic_distribution.n1.n5            0                       (Unspecified)
system.ruby.network.ctrl_traffic_distribution.n1.n6            0                       (Unspecified)
system.ruby.network.ctrl_traffic_distribution.n1.n7            0                       (Unspecified)
system.ruby.network.ctrl_traffic_distribution.n1.n8            0                       (Unspecified)
system.ruby.network.ctrl_traffic_distribution.n1.n9            0                       (Unspecified)
system.ruby.network.ctrl_traffic_distribution.n10.n0            0                       (Unspecified)
system.ruby.network.ctrl_traffic_distribution.n10.n1            0                       (Unspecified)
system.ruby.network.ctrl_traffic_distribution.n10.n10            0                       (Unspecified)
system.ruby.network.ctrl_traffic_distribution.n10.n11            0                       (Unspecified)
system.ruby.network.ctrl_traffic_distribution.n10.n12            0                       (Unspecified)
system.ruby.network.ctrl_traffic_distribution.n10.n13            0                       (Unspecified)
system.ruby.network.ctrl_traffic_distribution.n10.n14            0                       (Unspecified)
system.ruby.network.ctrl_traffic_distribution.n10.n15            0                       (Unspecified)
system.ruby.network.ctrl_traffic_distribution.n10.n2            0                       (Unspecified)
system.ruby.network.ctrl_traffic_distribution.n10.n3            0                       (Unspecified)
system.ruby.network.ctrl_traffic_distribution.n10.n4            0                       (Unspecified)
system.ruby.network.ctrl_traffic_distribution.n10.n5            0                       (Unspecified)
system.ruby.network.ctrl_traffic_distribution.n10.n6            0                       (Unspecified)
system.ruby.network.ctrl_traffic_distribution.n10.n7            0                       (Unspecified)
system.ruby.network.ctrl_traffic_distribution.n10.n8            0                       (Unspecified)
system.ruby.network.ctrl_traffic_distribution.n10.n9            0                       (Unspecified)
system.ruby.network.ctrl_traffic_distribution.n11.n0            0                       (Unspecified)
system.ruby.network.ctrl_traffic_distribution.n11.n1            0                       (Unspecified)
system.ruby.network.ctrl_traffic_distribution.n11.n10            0                       (Unspecified)
system.ruby.network.ctrl_traffic_distribution.n11.n11            0                       (Unspecified)
system.ruby.network.ctrl_traffic_distribution.n11.n12            0                       (Unspecified)
system.ruby.network.ctrl_traffic_distribution.n11.n13            0                       (Unspecified)
system.ruby.network.ctrl_traffic_distribution.n11.n14            0                       (Unspecified)
system.ruby.network.ctrl_traffic_distribution.n11.n15            0                       (Unspecified)
system.ruby.network.ctrl_traffic_distribution.n11.n2            0                       (Unspecified)
system.ruby.network.ctrl_traffic_distribution.n11.n3            0                       (Unspecified)
system.ruby.network.ctrl_traffic_distribution.n11.n4            0                       (Unspecified)
system.ruby.network.ctrl_traffic_distribution.n11.n5            0                       (Unspecified)
system.ruby.network.ctrl_traffic_distribution.n11.n6            0                       (Unspecified)
system.ruby.network.ctrl_traffic_distribution.n11.n7            0                       (Unspecified)
system.ruby.network.ctrl_traffic_distribution.n11.n8            0                       (Unspecified)
system.ruby.network.ctrl_traffic_distribution.n11.n9            0                       (Unspecified)
system.ruby.network.ctrl_traffic_distribution.n12.n0            0                       (Unspecified)
system.ruby.network.ctrl_traffic_distribution.n12.n1            0                       (Unspecified)
system.ruby.network.ctrl_traffic_distribution.n12.n10            0                       (Unspecified)
system.ruby.network.ctrl_traffic_distribution.n12.n11            0                       (Unspecified)
system.ruby.network.ctrl_traffic_distribution.n12.n12            0                       (Unspecified)
system.ruby.network.ctrl_traffic_distribution.n12.n13            0                       (Unspecified)
system.ruby.network.ctrl_traffic_distribution.n12.n14            0                       (Unspecified)
system.ruby.network.ctrl_traffic_distribution.n12.n15            0                       (Unspecified)
system.ruby.network.ctrl_traffic_distribution.n12.n2            0                       (Unspecified)
system.ruby.network.ctrl_traffic_distribution.n12.n3            0                       (Unspecified)
system.ruby.network.ctrl_traffic_distribution.n12.n4            0                       (Unspecified)
system.ruby.network.ctrl_traffic_distribution.n12.n5            0                       (Unspecified)
system.ruby.network.ctrl_traffic_distribution.n12.n6            0                       (Unspecified)
system.ruby.network.ctrl_traffic_distribution.n12.n7            0                       (Unspecified)
system.ruby.network.ctrl_traffic_distribution.n12.n8            0                       (Unspecified)
system.ruby.network.ctrl_traffic_distribution.n12.n9            0                       (Unspecified)
system.ruby.network.ctrl_traffic_distribution.n13.n0            0                       (Unspecified)
system.ruby.network.ctrl_traffic_distribution.n13.n1            0                       (Unspecified)
system.ruby.network.ctrl_traffic_distribution.n13.n10            0                       (Unspecified)
system.ruby.network.ctrl_traffic_distribution.n13.n11            0                       (Unspecified)
system.ruby.network.ctrl_traffic_distribution.n13.n12            0                       (Unspecified)
system.ruby.network.ctrl_traffic_distribution.n13.n13            0                       (Unspecified)
system.ruby.network.ctrl_traffic_distribution.n13.n14            0                       (Unspecified)
system.ruby.network.ctrl_traffic_distribution.n13.n15            0                       (Unspecified)
system.ruby.network.ctrl_traffic_distribution.n13.n2            0                       (Unspecified)
system.ruby.network.ctrl_traffic_distribution.n13.n3            0                       (Unspecified)
system.ruby.network.ctrl_traffic_distribution.n13.n4            0                       (Unspecified)
system.ruby.network.ctrl_traffic_distribution.n13.n5            0                       (Unspecified)
system.ruby.network.ctrl_traffic_distribution.n13.n6            0                       (Unspecified)
system.ruby.network.ctrl_traffic_distribution.n13.n7            0                       (Unspecified)
system.ruby.network.ctrl_traffic_distribution.n13.n8            0                       (Unspecified)
system.ruby.network.ctrl_traffic_distribution.n13.n9            0                       (Unspecified)
system.ruby.network.ctrl_traffic_distribution.n14.n0            0                       (Unspecified)
system.ruby.network.ctrl_traffic_distribution.n14.n1            0                       (Unspecified)
system.ruby.network.ctrl_traffic_distribution.n14.n10            0                       (Unspecified)
system.ruby.network.ctrl_traffic_distribution.n14.n11            0                       (Unspecified)
system.ruby.network.ctrl_traffic_distribution.n14.n12            0                       (Unspecified)
system.ruby.network.ctrl_traffic_distribution.n14.n13            0                       (Unspecified)
system.ruby.network.ctrl_traffic_distribution.n14.n14            0                       (Unspecified)
system.ruby.network.ctrl_traffic_distribution.n14.n15            0                       (Unspecified)
system.ruby.network.ctrl_traffic_distribution.n14.n2            0                       (Unspecified)
system.ruby.network.ctrl_traffic_distribution.n14.n3            0                       (Unspecified)
system.ruby.network.ctrl_traffic_distribution.n14.n4            0                       (Unspecified)
system.ruby.network.ctrl_traffic_distribution.n14.n5            0                       (Unspecified)
system.ruby.network.ctrl_traffic_distribution.n14.n6            0                       (Unspecified)
system.ruby.network.ctrl_traffic_distribution.n14.n7            0                       (Unspecified)
system.ruby.network.ctrl_traffic_distribution.n14.n8            0                       (Unspecified)
system.ruby.network.ctrl_traffic_distribution.n14.n9            0                       (Unspecified)
system.ruby.network.ctrl_traffic_distribution.n15.n0            0                       (Unspecified)
system.ruby.network.ctrl_traffic_distribution.n15.n1            0                       (Unspecified)
system.ruby.network.ctrl_traffic_distribution.n15.n10            0                       (Unspecified)
system.ruby.network.ctrl_traffic_distribution.n15.n11            0                       (Unspecified)
system.ruby.network.ctrl_traffic_distribution.n15.n12            0                       (Unspecified)
system.ruby.network.ctrl_traffic_distribution.n15.n13            0                       (Unspecified)
system.ruby.network.ctrl_traffic_distribution.n15.n14            0                       (Unspecified)
system.ruby.network.ctrl_traffic_distribution.n15.n15            0                       (Unspecified)
system.ruby.network.ctrl_traffic_distribution.n15.n2            0                       (Unspecified)
system.ruby.network.ctrl_traffic_distribution.n15.n3            0                       (Unspecified)
system.ruby.network.ctrl_traffic_distribution.n15.n4            0                       (Unspecified)
system.ruby.network.ctrl_traffic_distribution.n15.n5            0                       (Unspecified)
system.ruby.network.ctrl_traffic_distribution.n15.n6            0                       (Unspecified)
system.ruby.network.ctrl_traffic_distribution.n15.n7            0                       (Unspecified)
system.ruby.network.ctrl_traffic_distribution.n15.n8            0                       (Unspecified)
system.ruby.network.ctrl_traffic_distribution.n15.n9            0                       (Unspecified)
system.ruby.network.ctrl_traffic_distribution.n2.n0            0                       (Unspecified)
system.ruby.network.ctrl_traffic_distribution.n2.n1            0                       (Unspecified)
system.ruby.network.ctrl_traffic_distribution.n2.n10            0                       (Unspecified)
system.ruby.network.ctrl_traffic_distribution.n2.n11            0                       (Unspecified)
system.ruby.network.ctrl_traffic_distribution.n2.n12            0                       (Unspecified)
system.ruby.network.ctrl_traffic_distribution.n2.n13            0                       (Unspecified)
system.ruby.network.ctrl_traffic_distribution.n2.n14            0                       (Unspecified)
system.ruby.network.ctrl_traffic_distribution.n2.n15            0                       (Unspecified)
system.ruby.network.ctrl_traffic_distribution.n2.n2            0                       (Unspecified)
system.ruby.network.ctrl_traffic_distribution.n2.n3            0                       (Unspecified)
system.ruby.network.ctrl_traffic_distribution.n2.n4            0                       (Unspecified)
system.ruby.network.ctrl_traffic_distribution.n2.n5            0                       (Unspecified)
system.ruby.network.ctrl_traffic_distribution.n2.n6            0                       (Unspecified)
system.ruby.network.ctrl_traffic_distribution.n2.n7            0                       (Unspecified)
system.ruby.network.ctrl_traffic_distribution.n2.n8            0                       (Unspecified)
system.ruby.network.ctrl_traffic_distribution.n2.n9            0                       (Unspecified)
system.ruby.network.ctrl_traffic_distribution.n3.n0            0                       (Unspecified)
system.ruby.network.ctrl_traffic_distribution.n3.n1            0                       (Unspecified)
system.ruby.network.ctrl_traffic_distribution.n3.n10            0                       (Unspecified)
system.ruby.network.ctrl_traffic_distribution.n3.n11            0                       (Unspecified)
system.ruby.network.ctrl_traffic_distribution.n3.n12            0                       (Unspecified)
system.ruby.network.ctrl_traffic_distribution.n3.n13            0                       (Unspecified)
system.ruby.network.ctrl_traffic_distribution.n3.n14            0                       (Unspecified)
system.ruby.network.ctrl_traffic_distribution.n3.n15            0                       (Unspecified)
system.ruby.network.ctrl_traffic_distribution.n3.n2            0                       (Unspecified)
system.ruby.network.ctrl_traffic_distribution.n3.n3            0                       (Unspecified)
system.ruby.network.ctrl_traffic_distribution.n3.n4            0                       (Unspecified)
system.ruby.network.ctrl_traffic_distribution.n3.n5            0                       (Unspecified)
system.ruby.network.ctrl_traffic_distribution.n3.n6            0                       (Unspecified)
system.ruby.network.ctrl_traffic_distribution.n3.n7            0                       (Unspecified)
system.ruby.network.ctrl_traffic_distribution.n3.n8            0                       (Unspecified)
system.ruby.network.ctrl_traffic_distribution.n3.n9            0                       (Unspecified)
system.ruby.network.ctrl_traffic_distribution.n4.n0            0                       (Unspecified)
system.ruby.network.ctrl_traffic_distribution.n4.n1            0                       (Unspecified)
system.ruby.network.ctrl_traffic_distribution.n4.n10            0                       (Unspecified)
system.ruby.network.ctrl_traffic_distribution.n4.n11            0                       (Unspecified)
system.ruby.network.ctrl_traffic_distribution.n4.n12            0                       (Unspecified)
system.ruby.network.ctrl_traffic_distribution.n4.n13            0                       (Unspecified)
system.ruby.network.ctrl_traffic_distribution.n4.n14            0                       (Unspecified)
system.ruby.network.ctrl_traffic_distribution.n4.n15            0                       (Unspecified)
system.ruby.network.ctrl_traffic_distribution.n4.n2            0                       (Unspecified)
system.ruby.network.ctrl_traffic_distribution.n4.n3            0                       (Unspecified)
system.ruby.network.ctrl_traffic_distribution.n4.n4            0                       (Unspecified)
system.ruby.network.ctrl_traffic_distribution.n4.n5            0                       (Unspecified)
system.ruby.network.ctrl_traffic_distribution.n4.n6            0                       (Unspecified)
system.ruby.network.ctrl_traffic_distribution.n4.n7            0                       (Unspecified)
system.ruby.network.ctrl_traffic_distribution.n4.n8            0                       (Unspecified)
system.ruby.network.ctrl_traffic_distribution.n4.n9            0                       (Unspecified)
system.ruby.network.ctrl_traffic_distribution.n5.n0            0                       (Unspecified)
system.ruby.network.ctrl_traffic_distribution.n5.n1            0                       (Unspecified)
system.ruby.network.ctrl_traffic_distribution.n5.n10            0                       (Unspecified)
system.ruby.network.ctrl_traffic_distribution.n5.n11            0                       (Unspecified)
system.ruby.network.ctrl_traffic_distribution.n5.n12            0                       (Unspecified)
system.ruby.network.ctrl_traffic_distribution.n5.n13            0                       (Unspecified)
system.ruby.network.ctrl_traffic_distribution.n5.n14            0                       (Unspecified)
system.ruby.network.ctrl_traffic_distribution.n5.n15            0                       (Unspecified)
system.ruby.network.ctrl_traffic_distribution.n5.n2            0                       (Unspecified)
system.ruby.network.ctrl_traffic_distribution.n5.n3            0                       (Unspecified)
system.ruby.network.ctrl_traffic_distribution.n5.n4            0                       (Unspecified)
system.ruby.network.ctrl_traffic_distribution.n5.n5            0                       (Unspecified)
system.ruby.network.ctrl_traffic_distribution.n5.n6            0                       (Unspecified)
system.ruby.network.ctrl_traffic_distribution.n5.n7            0                       (Unspecified)
system.ruby.network.ctrl_traffic_distribution.n5.n8            0                       (Unspecified)
system.ruby.network.ctrl_traffic_distribution.n5.n9            0                       (Unspecified)
system.ruby.network.ctrl_traffic_distribution.n6.n0            0                       (Unspecified)
system.ruby.network.ctrl_traffic_distribution.n6.n1            0                       (Unspecified)
system.ruby.network.ctrl_traffic_distribution.n6.n10            0                       (Unspecified)
system.ruby.network.ctrl_traffic_distribution.n6.n11            0                       (Unspecified)
system.ruby.network.ctrl_traffic_distribution.n6.n12            0                       (Unspecified)
system.ruby.network.ctrl_traffic_distribution.n6.n13            0                       (Unspecified)
system.ruby.network.ctrl_traffic_distribution.n6.n14            0                       (Unspecified)
system.ruby.network.ctrl_traffic_distribution.n6.n15            0                       (Unspecified)
system.ruby.network.ctrl_traffic_distribution.n6.n2            0                       (Unspecified)
system.ruby.network.ctrl_traffic_distribution.n6.n3            0                       (Unspecified)
system.ruby.network.ctrl_traffic_distribution.n6.n4            0                       (Unspecified)
system.ruby.network.ctrl_traffic_distribution.n6.n5            0                       (Unspecified)
system.ruby.network.ctrl_traffic_distribution.n6.n6            0                       (Unspecified)
system.ruby.network.ctrl_traffic_distribution.n6.n7            0                       (Unspecified)
system.ruby.network.ctrl_traffic_distribution.n6.n8            0                       (Unspecified)
system.ruby.network.ctrl_traffic_distribution.n6.n9            0                       (Unspecified)
system.ruby.network.ctrl_traffic_distribution.n7.n0            0                       (Unspecified)
system.ruby.network.ctrl_traffic_distribution.n7.n1            0                       (Unspecified)
system.ruby.network.ctrl_traffic_distribution.n7.n10            0                       (Unspecified)
system.ruby.network.ctrl_traffic_distribution.n7.n11            0                       (Unspecified)
system.ruby.network.ctrl_traffic_distribution.n7.n12            0                       (Unspecified)
system.ruby.network.ctrl_traffic_distribution.n7.n13            0                       (Unspecified)
system.ruby.network.ctrl_traffic_distribution.n7.n14            0                       (Unspecified)
system.ruby.network.ctrl_traffic_distribution.n7.n15            0                       (Unspecified)
system.ruby.network.ctrl_traffic_distribution.n7.n2            0                       (Unspecified)
system.ruby.network.ctrl_traffic_distribution.n7.n3            0                       (Unspecified)
system.ruby.network.ctrl_traffic_distribution.n7.n4            0                       (Unspecified)
system.ruby.network.ctrl_traffic_distribution.n7.n5            0                       (Unspecified)
system.ruby.network.ctrl_traffic_distribution.n7.n6            0                       (Unspecified)
system.ruby.network.ctrl_traffic_distribution.n7.n7            0                       (Unspecified)
system.ruby.network.ctrl_traffic_distribution.n7.n8            0                       (Unspecified)
system.ruby.network.ctrl_traffic_distribution.n7.n9            0                       (Unspecified)
system.ruby.network.ctrl_traffic_distribution.n8.n0            0                       (Unspecified)
system.ruby.network.ctrl_traffic_distribution.n8.n1            0                       (Unspecified)
system.ruby.network.ctrl_traffic_distribution.n8.n10            0                       (Unspecified)
system.ruby.network.ctrl_traffic_distribution.n8.n11            0                       (Unspecified)
system.ruby.network.ctrl_traffic_distribution.n8.n12            0                       (Unspecified)
system.ruby.network.ctrl_traffic_distribution.n8.n13            0                       (Unspecified)
system.ruby.network.ctrl_traffic_distribution.n8.n14            0                       (Unspecified)
system.ruby.network.ctrl_traffic_distribution.n8.n15            0                       (Unspecified)
system.ruby.network.ctrl_traffic_distribution.n8.n2            0                       (Unspecified)
system.ruby.network.ctrl_traffic_distribution.n8.n3            0                       (Unspecified)
system.ruby.network.ctrl_traffic_distribution.n8.n4            0                       (Unspecified)
system.ruby.network.ctrl_traffic_distribution.n8.n5            0                       (Unspecified)
system.ruby.network.ctrl_traffic_distribution.n8.n6            0                       (Unspecified)
system.ruby.network.ctrl_traffic_distribution.n8.n7            0                       (Unspecified)
system.ruby.network.ctrl_traffic_distribution.n8.n8            0                       (Unspecified)
system.ruby.network.ctrl_traffic_distribution.n8.n9            0                       (Unspecified)
system.ruby.network.ctrl_traffic_distribution.n9.n0            0                       (Unspecified)
system.ruby.network.ctrl_traffic_distribution.n9.n1            0                       (Unspecified)
system.ruby.network.ctrl_traffic_distribution.n9.n10            0                       (Unspecified)
system.ruby.network.ctrl_traffic_distribution.n9.n11            0                       (Unspecified)
system.ruby.network.ctrl_traffic_distribution.n9.n12            0                       (Unspecified)
system.ruby.network.ctrl_traffic_distribution.n9.n13            0                       (Unspecified)
system.ruby.network.ctrl_traffic_distribution.n9.n14            0                       (Unspecified)
system.ruby.network.ctrl_traffic_distribution.n9.n15            0                       (Unspecified)
system.ruby.network.ctrl_traffic_distribution.n9.n2            0                       (Unspecified)
system.ruby.network.ctrl_traffic_distribution.n9.n3            0                       (Unspecified)
system.ruby.network.ctrl_traffic_distribution.n9.n4            0                       (Unspecified)
system.ruby.network.ctrl_traffic_distribution.n9.n5            0                       (Unspecified)
system.ruby.network.ctrl_traffic_distribution.n9.n6            0                       (Unspecified)
system.ruby.network.ctrl_traffic_distribution.n9.n7            0                       (Unspecified)
system.ruby.network.ctrl_traffic_distribution.n9.n8            0                       (Unspecified)
system.ruby.network.ctrl_traffic_distribution.n9.n9            0                       (Unspecified)
system.ruby.network.data_traffic_distribution.n0.n0            0                       (Unspecified)
system.ruby.network.data_traffic_distribution.n0.n1            0                       (Unspecified)
system.ruby.network.data_traffic_distribution.n0.n10            0                       (Unspecified)
system.ruby.network.data_traffic_distribution.n0.n11            0                       (Unspecified)
system.ruby.network.data_traffic_distribution.n0.n12            0                       (Unspecified)
system.ruby.network.data_traffic_distribution.n0.n13            0                       (Unspecified)
system.ruby.network.data_traffic_distribution.n0.n14            0                       (Unspecified)
system.ruby.network.data_traffic_distribution.n0.n15            0                       (Unspecified)
system.ruby.network.data_traffic_distribution.n0.n2            0                       (Unspecified)
system.ruby.network.data_traffic_distribution.n0.n3            0                       (Unspecified)
system.ruby.network.data_traffic_distribution.n0.n4            0                       (Unspecified)
system.ruby.network.data_traffic_distribution.n0.n5            0                       (Unspecified)
system.ruby.network.data_traffic_distribution.n0.n6            0                       (Unspecified)
system.ruby.network.data_traffic_distribution.n0.n7            0                       (Unspecified)
system.ruby.network.data_traffic_distribution.n0.n8            0                       (Unspecified)
system.ruby.network.data_traffic_distribution.n0.n9            0                       (Unspecified)
system.ruby.network.data_traffic_distribution.n1.n0            0                       (Unspecified)
system.ruby.network.data_traffic_distribution.n1.n1            0                       (Unspecified)
system.ruby.network.data_traffic_distribution.n1.n10            0                       (Unspecified)
system.ruby.network.data_traffic_distribution.n1.n11            0                       (Unspecified)
system.ruby.network.data_traffic_distribution.n1.n12            0                       (Unspecified)
system.ruby.network.data_traffic_distribution.n1.n13            0                       (Unspecified)
system.ruby.network.data_traffic_distribution.n1.n14            0                       (Unspecified)
system.ruby.network.data_traffic_distribution.n1.n15            0                       (Unspecified)
system.ruby.network.data_traffic_distribution.n1.n2            0                       (Unspecified)
system.ruby.network.data_traffic_distribution.n1.n3            0                       (Unspecified)
system.ruby.network.data_traffic_distribution.n1.n4            0                       (Unspecified)
system.ruby.network.data_traffic_distribution.n1.n5            0                       (Unspecified)
system.ruby.network.data_traffic_distribution.n1.n6            0                       (Unspecified)
system.ruby.network.data_traffic_distribution.n1.n7            0                       (Unspecified)
system.ruby.network.data_traffic_distribution.n1.n8            0                       (Unspecified)
system.ruby.network.data_traffic_distribution.n1.n9            0                       (Unspecified)
system.ruby.network.data_traffic_distribution.n10.n0            0                       (Unspecified)
system.ruby.network.data_traffic_distribution.n10.n1            0                       (Unspecified)
system.ruby.network.data_traffic_distribution.n10.n10            0                       (Unspecified)
system.ruby.network.data_traffic_distribution.n10.n11            0                       (Unspecified)
system.ruby.network.data_traffic_distribution.n10.n12            0                       (Unspecified)
system.ruby.network.data_traffic_distribution.n10.n13            0                       (Unspecified)
system.ruby.network.data_traffic_distribution.n10.n14            0                       (Unspecified)
system.ruby.network.data_traffic_distribution.n10.n15            0                       (Unspecified)
system.ruby.network.data_traffic_distribution.n10.n2            0                       (Unspecified)
system.ruby.network.data_traffic_distribution.n10.n3            0                       (Unspecified)
system.ruby.network.data_traffic_distribution.n10.n4            0                       (Unspecified)
system.ruby.network.data_traffic_distribution.n10.n5            0                       (Unspecified)
system.ruby.network.data_traffic_distribution.n10.n6            0                       (Unspecified)
system.ruby.network.data_traffic_distribution.n10.n7            0                       (Unspecified)
system.ruby.network.data_traffic_distribution.n10.n8            0                       (Unspecified)
system.ruby.network.data_traffic_distribution.n10.n9            0                       (Unspecified)
system.ruby.network.data_traffic_distribution.n11.n0            0                       (Unspecified)
system.ruby.network.data_traffic_distribution.n11.n1            0                       (Unspecified)
system.ruby.network.data_traffic_distribution.n11.n10            0                       (Unspecified)
system.ruby.network.data_traffic_distribution.n11.n11            0                       (Unspecified)
system.ruby.network.data_traffic_distribution.n11.n12            0                       (Unspecified)
system.ruby.network.data_traffic_distribution.n11.n13            0                       (Unspecified)
system.ruby.network.data_traffic_distribution.n11.n14            0                       (Unspecified)
system.ruby.network.data_traffic_distribution.n11.n15            0                       (Unspecified)
system.ruby.network.data_traffic_distribution.n11.n2            0                       (Unspecified)
system.ruby.network.data_traffic_distribution.n11.n3            0                       (Unspecified)
system.ruby.network.data_traffic_distribution.n11.n4            0                       (Unspecified)
system.ruby.network.data_traffic_distribution.n11.n5            0                       (Unspecified)
system.ruby.network.data_traffic_distribution.n11.n6            0                       (Unspecified)
system.ruby.network.data_traffic_distribution.n11.n7            0                       (Unspecified)
system.ruby.network.data_traffic_distribution.n11.n8            0                       (Unspecified)
system.ruby.network.data_traffic_distribution.n11.n9            0                       (Unspecified)
system.ruby.network.data_traffic_distribution.n12.n0            0                       (Unspecified)
system.ruby.network.data_traffic_distribution.n12.n1            0                       (Unspecified)
system.ruby.network.data_traffic_distribution.n12.n10            0                       (Unspecified)
system.ruby.network.data_traffic_distribution.n12.n11            0                       (Unspecified)
system.ruby.network.data_traffic_distribution.n12.n12            0                       (Unspecified)
system.ruby.network.data_traffic_distribution.n12.n13            0                       (Unspecified)
system.ruby.network.data_traffic_distribution.n12.n14            0                       (Unspecified)
system.ruby.network.data_traffic_distribution.n12.n15            0                       (Unspecified)
system.ruby.network.data_traffic_distribution.n12.n2            0                       (Unspecified)
system.ruby.network.data_traffic_distribution.n12.n3            0                       (Unspecified)
system.ruby.network.data_traffic_distribution.n12.n4            0                       (Unspecified)
system.ruby.network.data_traffic_distribution.n12.n5            0                       (Unspecified)
system.ruby.network.data_traffic_distribution.n12.n6            0                       (Unspecified)
system.ruby.network.data_traffic_distribution.n12.n7            0                       (Unspecified)
system.ruby.network.data_traffic_distribution.n12.n8            0                       (Unspecified)
system.ruby.network.data_traffic_distribution.n12.n9            0                       (Unspecified)
system.ruby.network.data_traffic_distribution.n13.n0            0                       (Unspecified)
system.ruby.network.data_traffic_distribution.n13.n1            0                       (Unspecified)
system.ruby.network.data_traffic_distribution.n13.n10            0                       (Unspecified)
system.ruby.network.data_traffic_distribution.n13.n11            0                       (Unspecified)
system.ruby.network.data_traffic_distribution.n13.n12            0                       (Unspecified)
system.ruby.network.data_traffic_distribution.n13.n13            0                       (Unspecified)
system.ruby.network.data_traffic_distribution.n13.n14            0                       (Unspecified)
system.ruby.network.data_traffic_distribution.n13.n15            0                       (Unspecified)
system.ruby.network.data_traffic_distribution.n13.n2            0                       (Unspecified)
system.ruby.network.data_traffic_distribution.n13.n3            0                       (Unspecified)
system.ruby.network.data_traffic_distribution.n13.n4            0                       (Unspecified)
system.ruby.network.data_traffic_distribution.n13.n5            0                       (Unspecified)
system.ruby.network.data_traffic_distribution.n13.n6            0                       (Unspecified)
system.ruby.network.data_traffic_distribution.n13.n7            0                       (Unspecified)
system.ruby.network.data_traffic_distribution.n13.n8            0                       (Unspecified)
system.ruby.network.data_traffic_distribution.n13.n9            0                       (Unspecified)
system.ruby.network.data_traffic_distribution.n14.n0            0                       (Unspecified)
system.ruby.network.data_traffic_distribution.n14.n1            0                       (Unspecified)
system.ruby.network.data_traffic_distribution.n14.n10            0                       (Unspecified)
system.ruby.network.data_traffic_distribution.n14.n11            0                       (Unspecified)
system.ruby.network.data_traffic_distribution.n14.n12            0                       (Unspecified)
system.ruby.network.data_traffic_distribution.n14.n13            0                       (Unspecified)
system.ruby.network.data_traffic_distribution.n14.n14            0                       (Unspecified)
system.ruby.network.data_traffic_distribution.n14.n15            0                       (Unspecified)
system.ruby.network.data_traffic_distribution.n14.n2            0                       (Unspecified)
system.ruby.network.data_traffic_distribution.n14.n3            0                       (Unspecified)
system.ruby.network.data_traffic_distribution.n14.n4            0                       (Unspecified)
system.ruby.network.data_traffic_distribution.n14.n5            0                       (Unspecified)
system.ruby.network.data_traffic_distribution.n14.n6            0                       (Unspecified)
system.ruby.network.data_traffic_distribution.n14.n7            0                       (Unspecified)
system.ruby.network.data_traffic_distribution.n14.n8            0                       (Unspecified)
system.ruby.network.data_traffic_distribution.n14.n9            0                       (Unspecified)
system.ruby.network.data_traffic_distribution.n15.n0            0                       (Unspecified)
system.ruby.network.data_traffic_distribution.n15.n1            0                       (Unspecified)
system.ruby.network.data_traffic_distribution.n15.n10            0                       (Unspecified)
system.ruby.network.data_traffic_distribution.n15.n11            0                       (Unspecified)
system.ruby.network.data_traffic_distribution.n15.n12            0                       (Unspecified)
system.ruby.network.data_traffic_distribution.n15.n13            0                       (Unspecified)
system.ruby.network.data_traffic_distribution.n15.n14            0                       (Unspecified)
system.ruby.network.data_traffic_distribution.n15.n15            0                       (Unspecified)
system.ruby.network.data_traffic_distribution.n15.n2            0                       (Unspecified)
system.ruby.network.data_traffic_distribution.n15.n3            0                       (Unspecified)
system.ruby.network.data_traffic_distribution.n15.n4            0                       (Unspecified)
system.ruby.network.data_traffic_distribution.n15.n5            0                       (Unspecified)
system.ruby.network.data_traffic_distribution.n15.n6            0                       (Unspecified)
system.ruby.network.data_traffic_distribution.n15.n7            0                       (Unspecified)
system.ruby.network.data_traffic_distribution.n15.n8            0                       (Unspecified)
system.ruby.network.data_traffic_distribution.n15.n9            0                       (Unspecified)
system.ruby.network.data_traffic_distribution.n2.n0            0                       (Unspecified)
system.ruby.network.data_traffic_distribution.n2.n1            0                       (Unspecified)
system.ruby.network.data_traffic_distribution.n2.n10            0                       (Unspecified)
system.ruby.network.data_traffic_distribution.n2.n11            0                       (Unspecified)
system.ruby.network.data_traffic_distribution.n2.n12            0                       (Unspecified)
system.ruby.network.data_traffic_distribution.n2.n13            0                       (Unspecified)
system.ruby.network.data_traffic_distribution.n2.n14            0                       (Unspecified)
system.ruby.network.data_traffic_distribution.n2.n15            0                       (Unspecified)
system.ruby.network.data_traffic_distribution.n2.n2            0                       (Unspecified)
system.ruby.network.data_traffic_distribution.n2.n3            0                       (Unspecified)
system.ruby.network.data_traffic_distribution.n2.n4            0                       (Unspecified)
system.ruby.network.data_traffic_distribution.n2.n5            0                       (Unspecified)
system.ruby.network.data_traffic_distribution.n2.n6            0                       (Unspecified)
system.ruby.network.data_traffic_distribution.n2.n7            0                       (Unspecified)
system.ruby.network.data_traffic_distribution.n2.n8            0                       (Unspecified)
system.ruby.network.data_traffic_distribution.n2.n9            0                       (Unspecified)
system.ruby.network.data_traffic_distribution.n3.n0            0                       (Unspecified)
system.ruby.network.data_traffic_distribution.n3.n1            0                       (Unspecified)
system.ruby.network.data_traffic_distribution.n3.n10            0                       (Unspecified)
system.ruby.network.data_traffic_distribution.n3.n11            0                       (Unspecified)
system.ruby.network.data_traffic_distribution.n3.n12            0                       (Unspecified)
system.ruby.network.data_traffic_distribution.n3.n13            0                       (Unspecified)
system.ruby.network.data_traffic_distribution.n3.n14            0                       (Unspecified)
system.ruby.network.data_traffic_distribution.n3.n15            0                       (Unspecified)
system.ruby.network.data_traffic_distribution.n3.n2            0                       (Unspecified)
system.ruby.network.data_traffic_distribution.n3.n3            0                       (Unspecified)
system.ruby.network.data_traffic_distribution.n3.n4            0                       (Unspecified)
system.ruby.network.data_traffic_distribution.n3.n5            0                       (Unspecified)
system.ruby.network.data_traffic_distribution.n3.n6            0                       (Unspecified)
system.ruby.network.data_traffic_distribution.n3.n7            0                       (Unspecified)
system.ruby.network.data_traffic_distribution.n3.n8            0                       (Unspecified)
system.ruby.network.data_traffic_distribution.n3.n9            0                       (Unspecified)
system.ruby.network.data_traffic_distribution.n4.n0            0                       (Unspecified)
system.ruby.network.data_traffic_distribution.n4.n1            0                       (Unspecified)
system.ruby.network.data_traffic_distribution.n4.n10            0                       (Unspecified)
system.ruby.network.data_traffic_distribution.n4.n11            0                       (Unspecified)
system.ruby.network.data_traffic_distribution.n4.n12            0                       (Unspecified)
system.ruby.network.data_traffic_distribution.n4.n13            0                       (Unspecified)
system.ruby.network.data_traffic_distribution.n4.n14            0                       (Unspecified)
system.ruby.network.data_traffic_distribution.n4.n15            0                       (Unspecified)
system.ruby.network.data_traffic_distribution.n4.n2            0                       (Unspecified)
system.ruby.network.data_traffic_distribution.n4.n3            0                       (Unspecified)
system.ruby.network.data_traffic_distribution.n4.n4            0                       (Unspecified)
system.ruby.network.data_traffic_distribution.n4.n5            0                       (Unspecified)
system.ruby.network.data_traffic_distribution.n4.n6            0                       (Unspecified)
system.ruby.network.data_traffic_distribution.n4.n7            0                       (Unspecified)
system.ruby.network.data_traffic_distribution.n4.n8            0                       (Unspecified)
system.ruby.network.data_traffic_distribution.n4.n9            0                       (Unspecified)
system.ruby.network.data_traffic_distribution.n5.n0            0                       (Unspecified)
system.ruby.network.data_traffic_distribution.n5.n1            0                       (Unspecified)
system.ruby.network.data_traffic_distribution.n5.n10            0                       (Unspecified)
system.ruby.network.data_traffic_distribution.n5.n11            0                       (Unspecified)
system.ruby.network.data_traffic_distribution.n5.n12            0                       (Unspecified)
system.ruby.network.data_traffic_distribution.n5.n13            0                       (Unspecified)
system.ruby.network.data_traffic_distribution.n5.n14            0                       (Unspecified)
system.ruby.network.data_traffic_distribution.n5.n15            0                       (Unspecified)
system.ruby.network.data_traffic_distribution.n5.n2            0                       (Unspecified)
system.ruby.network.data_traffic_distribution.n5.n3            0                       (Unspecified)
system.ruby.network.data_traffic_distribution.n5.n4            0                       (Unspecified)
system.ruby.network.data_traffic_distribution.n5.n5            0                       (Unspecified)
system.ruby.network.data_traffic_distribution.n5.n6            0                       (Unspecified)
system.ruby.network.data_traffic_distribution.n5.n7            0                       (Unspecified)
system.ruby.network.data_traffic_distribution.n5.n8            0                       (Unspecified)
system.ruby.network.data_traffic_distribution.n5.n9            0                       (Unspecified)
system.ruby.network.data_traffic_distribution.n6.n0            0                       (Unspecified)
system.ruby.network.data_traffic_distribution.n6.n1            0                       (Unspecified)
system.ruby.network.data_traffic_distribution.n6.n10            0                       (Unspecified)
system.ruby.network.data_traffic_distribution.n6.n11            0                       (Unspecified)
system.ruby.network.data_traffic_distribution.n6.n12            0                       (Unspecified)
system.ruby.network.data_traffic_distribution.n6.n13            0                       (Unspecified)
system.ruby.network.data_traffic_distribution.n6.n14            0                       (Unspecified)
system.ruby.network.data_traffic_distribution.n6.n15            0                       (Unspecified)
system.ruby.network.data_traffic_distribution.n6.n2            0                       (Unspecified)
system.ruby.network.data_traffic_distribution.n6.n3            0                       (Unspecified)
system.ruby.network.data_traffic_distribution.n6.n4            0                       (Unspecified)
system.ruby.network.data_traffic_distribution.n6.n5            0                       (Unspecified)
system.ruby.network.data_traffic_distribution.n6.n6            0                       (Unspecified)
system.ruby.network.data_traffic_distribution.n6.n7            0                       (Unspecified)
system.ruby.network.data_traffic_distribution.n6.n8            0                       (Unspecified)
system.ruby.network.data_traffic_distribution.n6.n9            0                       (Unspecified)
system.ruby.network.data_traffic_distribution.n7.n0            0                       (Unspecified)
system.ruby.network.data_traffic_distribution.n7.n1            0                       (Unspecified)
system.ruby.network.data_traffic_distribution.n7.n10            0                       (Unspecified)
system.ruby.network.data_traffic_distribution.n7.n11            0                       (Unspecified)
system.ruby.network.data_traffic_distribution.n7.n12            0                       (Unspecified)
system.ruby.network.data_traffic_distribution.n7.n13            0                       (Unspecified)
system.ruby.network.data_traffic_distribution.n7.n14            0                       (Unspecified)
system.ruby.network.data_traffic_distribution.n7.n15            0                       (Unspecified)
system.ruby.network.data_traffic_distribution.n7.n2            0                       (Unspecified)
system.ruby.network.data_traffic_distribution.n7.n3            0                       (Unspecified)
system.ruby.network.data_traffic_distribution.n7.n4            0                       (Unspecified)
system.ruby.network.data_traffic_distribution.n7.n5            0                       (Unspecified)
system.ruby.network.data_traffic_distribution.n7.n6            0                       (Unspecified)
system.ruby.network.data_traffic_distribution.n7.n7            0                       (Unspecified)
system.ruby.network.data_traffic_distribution.n7.n8            0                       (Unspecified)
system.ruby.network.data_traffic_distribution.n7.n9            0                       (Unspecified)
system.ruby.network.data_traffic_distribution.n8.n0            0                       (Unspecified)
system.ruby.network.data_traffic_distribution.n8.n1            0                       (Unspecified)
system.ruby.network.data_traffic_distribution.n8.n10            0                       (Unspecified)
system.ruby.network.data_traffic_distribution.n8.n11            0                       (Unspecified)
system.ruby.network.data_traffic_distribution.n8.n12            0                       (Unspecified)
system.ruby.network.data_traffic_distribution.n8.n13            0                       (Unspecified)
system.ruby.network.data_traffic_distribution.n8.n14            0                       (Unspecified)
system.ruby.network.data_traffic_distribution.n8.n15            0                       (Unspecified)
system.ruby.network.data_traffic_distribution.n8.n2            0                       (Unspecified)
system.ruby.network.data_traffic_distribution.n8.n3            0                       (Unspecified)
system.ruby.network.data_traffic_distribution.n8.n4            0                       (Unspecified)
system.ruby.network.data_traffic_distribution.n8.n5            0                       (Unspecified)
system.ruby.network.data_traffic_distribution.n8.n6            0                       (Unspecified)
system.ruby.network.data_traffic_distribution.n8.n7            0                       (Unspecified)
system.ruby.network.data_traffic_distribution.n8.n8            0                       (Unspecified)
system.ruby.network.data_traffic_distribution.n8.n9            0                       (Unspecified)
system.ruby.network.data_traffic_distribution.n9.n0            0                       (Unspecified)
system.ruby.network.data_traffic_distribution.n9.n1            0                       (Unspecified)
system.ruby.network.data_traffic_distribution.n9.n10            0                       (Unspecified)
system.ruby.network.data_traffic_distribution.n9.n11            0                       (Unspecified)
system.ruby.network.data_traffic_distribution.n9.n12            0                       (Unspecified)
system.ruby.network.data_traffic_distribution.n9.n13            0                       (Unspecified)
system.ruby.network.data_traffic_distribution.n9.n14            0                       (Unspecified)
system.ruby.network.data_traffic_distribution.n9.n15            0                       (Unspecified)
system.ruby.network.data_traffic_distribution.n9.n2            0                       (Unspecified)
system.ruby.network.data_traffic_distribution.n9.n3            0                       (Unspecified)
system.ruby.network.data_traffic_distribution.n9.n4            0                       (Unspecified)
system.ruby.network.data_traffic_distribution.n9.n5            0                       (Unspecified)
system.ruby.network.data_traffic_distribution.n9.n6            0                       (Unspecified)
system.ruby.network.data_traffic_distribution.n9.n7            0                       (Unspecified)
system.ruby.network.data_traffic_distribution.n9.n8            0                       (Unspecified)
system.ruby.network.data_traffic_distribution.n9.n9            0                       (Unspecified)
system.ruby.network.ext_in_link_utilization            0                       (Unspecified)
system.ruby.network.ext_out_link_utilization            0                       (Unspecified)
system.ruby.network.flit_network_latency |           0                       |           0                       |           0                       |           0                       |           0                       (Unspecified)
system.ruby.network.flit_queueing_latency |           0                       |           0                       |           0                       |           0                       |           0                       (Unspecified)
system.ruby.network.int_link_utilization            0                       (Unspecified)
system.ruby.network.packet_network_latency |           0                       |           0                       |           0                       |           0                       |           0                       (Unspecified)
system.ruby.network.packet_queueing_latency |           0                       |           0                       |           0                       |           0                       |           0                       (Unspecified)

=== sim stats ===
simSeconds                                   0.000000                       # Number of seconds simulated (Second)
simTicks                                         1000                       # Number of ticks simulated (Tick)
finalTick                                        1000                       # Number of ticks from beginning of simulation (restored from checkpoints and never reset) (Tick)
hostSeconds                                      1.52                       # Real time elapsed on the host (Second)
