=== command ===
./build/NULL/gem5.debug configs/example/garnet_synth_traffic.py --num-cpus=64 --num-dirs=64 --network=garnet --topology=Mesh_XY --mesh-rows=4 --sim-cycles=100000 --synthetic=uniform_random --injectionrate=0.01

=== sim stats ===
simSeconds                                   0.000000                       # Number of seconds simulated (Second)
simTicks                                       100000                       # Number of ticks simulated (Tick)
finalTick                                      100000                       # Number of ticks from beginning of simulation (restored from checkpoints and never reset) (Tick)
hostSeconds                                      6.29                       # Real time elapsed on the host (Second)

=== network stats ===
system.mem_ctrls0.dram.busUtil                   5.00                       # Data bus utilization in percentage (Ratio)
system.mem_ctrls0.dram.busUtilRead               5.00                       # Data bus utilization in percentage for reads (Ratio)
system.mem_ctrls0.dram.busUtilWrite              0.00                       # Data bus utilization in percentage for writes (Ratio)
system.mem_ctrls1.dram.busUtil                   5.00                       # Data bus utilization in percentage (Ratio)
system.mem_ctrls1.dram.busUtilRead               5.00                       # Data bus utilization in percentage for reads (Ratio)
system.mem_ctrls1.dram.busUtilWrite              0.00                       # Data bus utilization in percentage for writes (Ratio)
system.mem_ctrls10.dram.busUtil                  5.00                       # Data bus utilization in percentage (Ratio)
system.mem_ctrls10.dram.busUtilRead              5.00                       # Data bus utilization in percentage for reads (Ratio)
system.mem_ctrls10.dram.busUtilWrite             0.00                       # Data bus utilization in percentage for writes (Ratio)
system.mem_ctrls11.dram.busUtil                  5.00                       # Data bus utilization in percentage (Ratio)
system.mem_ctrls11.dram.busUtilRead              5.00                       # Data bus utilization in percentage for reads (Ratio)
system.mem_ctrls11.dram.busUtilWrite             0.00                       # Data bus utilization in percentage for writes (Ratio)
system.mem_ctrls12.dram.busUtil                  5.00                       # Data bus utilization in percentage (Ratio)
system.mem_ctrls12.dram.busUtilRead              5.00                       # Data bus utilization in percentage for reads (Ratio)
system.mem_ctrls12.dram.busUtilWrite             0.00                       # Data bus utilization in percentage for writes (Ratio)
system.mem_ctrls13.dram.busUtil                  0.00                       # Data bus utilization in percentage (Ratio)
system.mem_ctrls13.dram.busUtilRead              0.00                       # Data bus utilization in percentage for reads (Ratio)
system.mem_ctrls13.dram.busUtilWrite             0.00                       # Data bus utilization in percentage for writes (Ratio)
system.mem_ctrls14.dram.busUtil                  0.00                       # Data bus utilization in percentage (Ratio)
system.mem_ctrls14.dram.busUtilRead              0.00                       # Data bus utilization in percentage for reads (Ratio)
system.mem_ctrls14.dram.busUtilWrite             0.00                       # Data bus utilization in percentage for writes (Ratio)
system.mem_ctrls15.dram.busUtil                  5.00                       # Data bus utilization in percentage (Ratio)
system.mem_ctrls15.dram.busUtilRead              5.00                       # Data bus utilization in percentage for reads (Ratio)
system.mem_ctrls15.dram.busUtilWrite             0.00                       # Data bus utilization in percentage for writes (Ratio)
system.mem_ctrls16.dram.busUtil                  5.00                       # Data bus utilization in percentage (Ratio)
system.mem_ctrls16.dram.busUtilRead              5.00                       # Data bus utilization in percentage for reads (Ratio)
system.mem_ctrls16.dram.busUtilWrite             0.00                       # Data bus utilization in percentage for writes (Ratio)
system.mem_ctrls17.dram.busUtil                  5.00                       # Data bus utilization in percentage (Ratio)
system.mem_ctrls17.dram.busUtilRead              5.00                       # Data bus utilization in percentage for reads (Ratio)
system.mem_ctrls17.dram.busUtilWrite             0.00                       # Data bus utilization in percentage for writes (Ratio)
system.mem_ctrls18.dram.busUtil                  0.00                       # Data bus utilization in percentage (Ratio)
system.mem_ctrls18.dram.busUtilRead              0.00                       # Data bus utilization in percentage for reads (Ratio)
system.mem_ctrls18.dram.busUtilWrite             0.00                       # Data bus utilization in percentage for writes (Ratio)
system.mem_ctrls19.dram.busUtil                  5.00                       # Data bus utilization in percentage (Ratio)
system.mem_ctrls19.dram.busUtilRead              5.00                       # Data bus utilization in percentage for reads (Ratio)
system.mem_ctrls19.dram.busUtilWrite             0.00                       # Data bus utilization in percentage for writes (Ratio)
system.mem_ctrls2.dram.busUtil                   0.00                       # Data bus utilization in percentage (Ratio)
system.mem_ctrls2.dram.busUtilRead               0.00                       # Data bus utilization in percentage for reads (Ratio)
system.mem_ctrls2.dram.busUtilWrite              0.00                       # Data bus utilization in percentage for writes (Ratio)
system.mem_ctrls20.dram.busUtil                  5.00                       # Data bus utilization in percentage (Ratio)
system.mem_ctrls20.dram.busUtilRead              5.00                       # Data bus utilization in percentage for reads (Ratio)
system.mem_ctrls20.dram.busUtilWrite             0.00                       # Data bus utilization in percentage for writes (Ratio)
system.mem_ctrls21.dram.busUtil                  5.00                       # Data bus utilization in percentage (Ratio)
system.mem_ctrls21.dram.busUtilRead              5.00                       # Data bus utilization in percentage for reads (Ratio)
system.mem_ctrls21.dram.busUtilWrite             0.00                       # Data bus utilization in percentage for writes (Ratio)
system.mem_ctrls22.dram.busUtil                  5.00                       # Data bus utilization in percentage (Ratio)
system.mem_ctrls22.dram.busUtilRead              5.00                       # Data bus utilization in percentage for reads (Ratio)
system.mem_ctrls22.dram.busUtilWrite             0.00                       # Data bus utilization in percentage for writes (Ratio)
system.mem_ctrls23.dram.busUtil                  0.00                       # Data bus utilization in percentage (Ratio)
system.mem_ctrls23.dram.busUtilRead              0.00                       # Data bus utilization in percentage for reads (Ratio)
system.mem_ctrls23.dram.busUtilWrite             0.00                       # Data bus utilization in percentage for writes (Ratio)
system.mem_ctrls24.dram.busUtil                  5.00                       # Data bus utilization in percentage (Ratio)
system.mem_ctrls24.dram.busUtilRead              5.00                       # Data bus utilization in percentage for reads (Ratio)
system.mem_ctrls24.dram.busUtilWrite             0.00                       # Data bus utilization in percentage for writes (Ratio)
system.mem_ctrls25.dram.busUtil                  0.00                       # Data bus utilization in percentage (Ratio)
system.mem_ctrls25.dram.busUtilRead              0.00                       # Data bus utilization in percentage for reads (Ratio)
system.mem_ctrls25.dram.busUtilWrite             0.00                       # Data bus utilization in percentage for writes (Ratio)
system.mem_ctrls26.dram.busUtil                  0.00                       # Data bus utilization in percentage (Ratio)
system.mem_ctrls26.dram.busUtilRead              0.00                       # Data bus utilization in percentage for reads (Ratio)
system.mem_ctrls26.dram.busUtilWrite             0.00                       # Data bus utilization in percentage for writes (Ratio)
system.mem_ctrls27.dram.busUtil                  5.00                       # Data bus utilization in percentage (Ratio)
system.mem_ctrls27.dram.busUtilRead              5.00                       # Data bus utilization in percentage for reads (Ratio)
system.mem_ctrls27.dram.busUtilWrite             0.00                       # Data bus utilization in percentage for writes (Ratio)
system.mem_ctrls28.dram.busUtil                  0.00                       # Data bus utilization in percentage (Ratio)
system.mem_ctrls28.dram.busUtilRead              0.00                       # Data bus utilization in percentage for reads (Ratio)
system.mem_ctrls28.dram.busUtilWrite             0.00                       # Data bus utilization in percentage for writes (Ratio)
system.mem_ctrls29.dram.busUtil                  0.00                       # Data bus utilization in percentage (Ratio)
system.mem_ctrls29.dram.busUtilRead              0.00                       # Data bus utilization in percentage for reads (Ratio)
system.mem_ctrls29.dram.busUtilWrite             0.00                       # Data bus utilization in percentage for writes (Ratio)
system.mem_ctrls3.dram.busUtil                   0.00                       # Data bus utilization in percentage (Ratio)
system.mem_ctrls3.dram.busUtilRead               0.00                       # Data bus utilization in percentage for reads (Ratio)
system.mem_ctrls3.dram.busUtilWrite              0.00                       # Data bus utilization in percentage for writes (Ratio)
system.mem_ctrls30.dram.busUtil                  0.00                       # Data bus utilization in percentage (Ratio)
system.mem_ctrls30.dram.busUtilRead              0.00                       # Data bus utilization in percentage for reads (Ratio)
system.mem_ctrls30.dram.busUtilWrite             0.00                       # Data bus utilization in percentage for writes (Ratio)
system.mem_ctrls31.dram.busUtil                  0.00                       # Data bus utilization in percentage (Ratio)
system.mem_ctrls31.dram.busUtilRead              0.00                       # Data bus utilization in percentage for reads (Ratio)
system.mem_ctrls31.dram.busUtilWrite             0.00                       # Data bus utilization in percentage for writes (Ratio)
system.mem_ctrls32.dram.busUtil                  5.00                       # Data bus utilization in percentage (Ratio)
system.mem_ctrls32.dram.busUtilRead              5.00                       # Data bus utilization in percentage for reads (Ratio)
system.mem_ctrls32.dram.busUtilWrite             0.00                       # Data bus utilization in percentage for writes (Ratio)
system.mem_ctrls33.dram.busUtil                  5.00                       # Data bus utilization in percentage (Ratio)
system.mem_ctrls33.dram.busUtilRead              5.00                       # Data bus utilization in percentage for reads (Ratio)
system.mem_ctrls33.dram.busUtilWrite             0.00                       # Data bus utilization in percentage for writes (Ratio)
system.mem_ctrls34.dram.busUtil                  0.00                       # Data bus utilization in percentage (Ratio)
system.mem_ctrls34.dram.busUtilRead              0.00                       # Data bus utilization in percentage for reads (Ratio)
system.mem_ctrls34.dram.busUtilWrite             0.00                       # Data bus utilization in percentage for writes (Ratio)
system.mem_ctrls35.dram.busUtil                  0.00                       # Data bus utilization in percentage (Ratio)
system.mem_ctrls35.dram.busUtilRead              0.00                       # Data bus utilization in percentage for reads (Ratio)
system.mem_ctrls35.dram.busUtilWrite             0.00                       # Data bus utilization in percentage for writes (Ratio)
system.mem_ctrls36.dram.busUtil                  0.00                       # Data bus utilization in percentage (Ratio)
system.mem_ctrls36.dram.busUtilRead              0.00                       # Data bus utilization in percentage for reads (Ratio)
system.mem_ctrls36.dram.busUtilWrite             0.00                       # Data bus utilization in percentage for writes (Ratio)
system.mem_ctrls37.dram.busUtil                  5.00                       # Data bus utilization in percentage (Ratio)
system.mem_ctrls37.dram.busUtilRead              5.00                       # Data bus utilization in percentage for reads (Ratio)
system.mem_ctrls37.dram.busUtilWrite             0.00                       # Data bus utilization in percentage for writes (Ratio)
system.mem_ctrls38.dram.busUtil                  5.00                       # Data bus utilization in percentage (Ratio)
system.mem_ctrls38.dram.busUtilRead              5.00                       # Data bus utilization in percentage for reads (Ratio)
system.mem_ctrls38.dram.busUtilWrite             0.00                       # Data bus utilization in percentage for writes (Ratio)
system.mem_ctrls39.dram.busUtil                  0.00                       # Data bus utilization in percentage (Ratio)
system.mem_ctrls39.dram.busUtilRead              0.00                       # Data bus utilization in percentage for reads (Ratio)
system.mem_ctrls39.dram.busUtilWrite             0.00                       # Data bus utilization in percentage for writes (Ratio)
system.mem_ctrls4.dram.busUtil                   5.00                       # Data bus utilization in percentage (Ratio)
system.mem_ctrls4.dram.busUtilRead               5.00                       # Data bus utilization in percentage for reads (Ratio)
system.mem_ctrls4.dram.busUtilWrite              0.00                       # Data bus utilization in percentage for writes (Ratio)
system.mem_ctrls40.dram.busUtil                  5.00                       # Data bus utilization in percentage (Ratio)
system.mem_ctrls40.dram.busUtilRead              5.00                       # Data bus utilization in percentage for reads (Ratio)
system.mem_ctrls40.dram.busUtilWrite             0.00                       # Data bus utilization in percentage for writes (Ratio)
system.mem_ctrls41.dram.busUtil                  5.00                       # Data bus utilization in percentage (Ratio)
system.mem_ctrls41.dram.busUtilRead              5.00                       # Data bus utilization in percentage for reads (Ratio)
system.mem_ctrls41.dram.busUtilWrite             0.00                       # Data bus utilization in percentage for writes (Ratio)
system.mem_ctrls42.dram.busUtil                  5.00                       # Data bus utilization in percentage (Ratio)
system.mem_ctrls42.dram.busUtilRead              5.00                       # Data bus utilization in percentage for reads (Ratio)
system.mem_ctrls42.dram.busUtilWrite             0.00                       # Data bus utilization in percentage for writes (Ratio)
system.mem_ctrls43.dram.busUtil                  0.00                       # Data bus utilization in percentage (Ratio)
system.mem_ctrls43.dram.busUtilRead              0.00                       # Data bus utilization in percentage for reads (Ratio)
system.mem_ctrls43.dram.busUtilWrite             0.00                       # Data bus utilization in percentage for writes (Ratio)
system.mem_ctrls44.dram.busUtil                  0.00                       # Data bus utilization in percentage (Ratio)
system.mem_ctrls44.dram.busUtilRead              0.00                       # Data bus utilization in percentage for reads (Ratio)
system.mem_ctrls44.dram.busUtilWrite             0.00                       # Data bus utilization in percentage for writes (Ratio)
system.mem_ctrls45.dram.busUtil                  5.00                       # Data bus utilization in percentage (Ratio)
system.mem_ctrls45.dram.busUtilRead              5.00                       # Data bus utilization in percentage for reads (Ratio)
system.mem_ctrls45.dram.busUtilWrite             0.00                       # Data bus utilization in percentage for writes (Ratio)
system.mem_ctrls46.dram.busUtil                  5.00                       # Data bus utilization in percentage (Ratio)
system.mem_ctrls46.dram.busUtilRead              5.00                       # Data bus utilization in percentage for reads (Ratio)
system.mem_ctrls46.dram.busUtilWrite             0.00                       # Data bus utilization in percentage for writes (Ratio)
system.mem_ctrls47.dram.busUtil                  0.00                       # Data bus utilization in percentage (Ratio)
system.mem_ctrls47.dram.busUtilRead              0.00                       # Data bus utilization in percentage for reads (Ratio)
system.mem_ctrls47.dram.busUtilWrite             0.00                       # Data bus utilization in percentage for writes (Ratio)
system.mem_ctrls48.dram.busUtil                  5.00                       # Data bus utilization in percentage (Ratio)
system.mem_ctrls48.dram.busUtilRead              5.00                       # Data bus utilization in percentage for reads (Ratio)
system.mem_ctrls48.dram.busUtilWrite             0.00                       # Data bus utilization in percentage for writes (Ratio)
system.mem_ctrls49.dram.busUtil                  5.00                       # Data bus utilization in percentage (Ratio)
system.mem_ctrls49.dram.busUtilRead              5.00                       # Data bus utilization in percentage for reads (Ratio)
system.mem_ctrls49.dram.busUtilWrite             0.00                       # Data bus utilization in percentage for writes (Ratio)
system.mem_ctrls5.dram.busUtil                   5.00                       # Data bus utilization in percentage (Ratio)
system.mem_ctrls5.dram.busUtilRead               5.00                       # Data bus utilization in percentage for reads (Ratio)
system.mem_ctrls5.dram.busUtilWrite              0.00                       # Data bus utilization in percentage for writes (Ratio)
system.mem_ctrls50.dram.busUtil                  5.00                       # Data bus utilization in percentage (Ratio)
system.mem_ctrls50.dram.busUtilRead              5.00                       # Data bus utilization in percentage for reads (Ratio)
system.mem_ctrls50.dram.busUtilWrite             0.00                       # Data bus utilization in percentage for writes (Ratio)
system.mem_ctrls51.dram.busUtil                  5.00                       # Data bus utilization in percentage (Ratio)
system.mem_ctrls51.dram.busUtilRead              5.00                       # Data bus utilization in percentage for reads (Ratio)
system.mem_ctrls51.dram.busUtilWrite             0.00                       # Data bus utilization in percentage for writes (Ratio)
system.mem_ctrls52.dram.busUtil                  0.00                       # Data bus utilization in percentage (Ratio)
system.mem_ctrls52.dram.busUtilRead              0.00                       # Data bus utilization in percentage for reads (Ratio)
system.mem_ctrls52.dram.busUtilWrite             0.00                       # Data bus utilization in percentage for writes (Ratio)
system.mem_ctrls53.dram.busUtil                  5.00                       # Data bus utilization in percentage (Ratio)
system.mem_ctrls53.dram.busUtilRead              5.00                       # Data bus utilization in percentage for reads (Ratio)
system.mem_ctrls53.dram.busUtilWrite             0.00                       # Data bus utilization in percentage for writes (Ratio)
system.mem_ctrls54.dram.busUtil                  5.00                       # Data bus utilization in percentage (Ratio)
system.mem_ctrls54.dram.busUtilRead              5.00                       # Data bus utilization in percentage for reads (Ratio)
system.mem_ctrls54.dram.busUtilWrite             0.00                       # Data bus utilization in percentage for writes (Ratio)
system.mem_ctrls55.dram.busUtil                  5.00                       # Data bus utilization in percentage (Ratio)
system.mem_ctrls55.dram.busUtilRead              5.00                       # Data bus utilization in percentage for reads (Ratio)
system.mem_ctrls55.dram.busUtilWrite             0.00                       # Data bus utilization in percentage for writes (Ratio)
system.mem_ctrls56.dram.busUtil                  5.00                       # Data bus utilization in percentage (Ratio)
system.mem_ctrls56.dram.busUtilRead              5.00                       # Data bus utilization in percentage for reads (Ratio)
system.mem_ctrls56.dram.busUtilWrite             0.00                       # Data bus utilization in percentage for writes (Ratio)
system.mem_ctrls57.dram.busUtil                  5.00                       # Data bus utilization in percentage (Ratio)
system.mem_ctrls57.dram.busUtilRead              5.00                       # Data bus utilization in percentage for reads (Ratio)
system.mem_ctrls57.dram.busUtilWrite             0.00                       # Data bus utilization in percentage for writes (Ratio)
system.mem_ctrls58.dram.busUtil                  5.00                       # Data bus utilization in percentage (Ratio)
system.mem_ctrls58.dram.busUtilRead              5.00                       # Data bus utilization in percentage for reads (Ratio)
system.mem_ctrls58.dram.busUtilWrite             0.00                       # Data bus utilization in percentage for writes (Ratio)
system.mem_ctrls59.dram.busUtil                  5.00                       # Data bus utilization in percentage (Ratio)
system.mem_ctrls59.dram.busUtilRead              5.00                       # Data bus utilization in percentage for reads (Ratio)
system.mem_ctrls59.dram.busUtilWrite             0.00                       # Data bus utilization in percentage for writes (Ratio)
system.mem_ctrls6.dram.busUtil                   0.00                       # Data bus utilization in percentage (Ratio)
system.mem_ctrls6.dram.busUtilRead               0.00                       # Data bus utilization in percentage for reads (Ratio)
system.mem_ctrls6.dram.busUtilWrite              0.00                       # Data bus utilization in percentage for writes (Ratio)
system.mem_ctrls60.dram.busUtil                  0.00                       # Data bus utilization in percentage (Ratio)
system.mem_ctrls60.dram.busUtilRead              0.00                       # Data bus utilization in percentage for reads (Ratio)
system.mem_ctrls60.dram.busUtilWrite             0.00                       # Data bus utilization in percentage for writes (Ratio)
system.mem_ctrls61.dram.busUtil                  0.00                       # Data bus utilization in percentage (Ratio)
system.mem_ctrls61.dram.busUtilRead              0.00                       # Data bus utilization in percentage for reads (Ratio)
system.mem_ctrls61.dram.busUtilWrite             0.00                       # Data bus utilization in percentage for writes (Ratio)
system.mem_ctrls62.dram.busUtil                  0.00                       # Data bus utilization in percentage (Ratio)
system.mem_ctrls62.dram.busUtilRead              0.00                       # Data bus utilization in percentage for reads (Ratio)
system.mem_ctrls62.dram.busUtilWrite             0.00                       # Data bus utilization in percentage for writes (Ratio)
system.mem_ctrls63.dram.busUtil                  0.00                       # Data bus utilization in percentage (Ratio)
system.mem_ctrls63.dram.busUtilRead              0.00                       # Data bus utilization in percentage for reads (Ratio)
system.mem_ctrls63.dram.busUtilWrite             0.00                       # Data bus utilization in percentage for writes (Ratio)
system.mem_ctrls7.dram.busUtil                   0.00                       # Data bus utilization in percentage (Ratio)
system.mem_ctrls7.dram.busUtilRead               0.00                       # Data bus utilization in percentage for reads (Ratio)
system.mem_ctrls7.dram.busUtilWrite              0.00                       # Data bus utilization in percentage for writes (Ratio)
system.mem_ctrls8.dram.busUtil                   5.00                       # Data bus utilization in percentage (Ratio)
system.mem_ctrls8.dram.busUtilRead               5.00                       # Data bus utilization in percentage for reads (Ratio)
system.mem_ctrls8.dram.busUtilWrite              0.00                       # Data bus utilization in percentage for writes (Ratio)
system.mem_ctrls9.dram.busUtil                   5.00                       # Data bus utilization in percentage (Ratio)
system.mem_ctrls9.dram.busUtilRead               5.00                       # Data bus utilization in percentage for reads (Ratio)
system.mem_ctrls9.dram.busUtilWrite              0.00                       # Data bus utilization in percentage for writes (Ratio)
system.ruby.network.average_flit_latency  9559.027778                       (Unspecified)
system.ruby.network.average_flit_network_latency  8052.083333                       (Unspecified)
system.ruby.network.average_flit_queueing_latency  1506.944444                       (Unspecified)
system.ruby.network.average_flit_vnet_latency |         nan                       |         nan                       | 7906.779661                       | 7181.818182                       | 8297.297297                       (Unspecified)
system.ruby.network.average_flit_vqueue_latency |         nan                       |         nan                       |        1000                       |        6000                       | 1243.243243                       (Unspecified)
system.ruby.network.average_hops             5.965278                       (Unspecified)
system.ruby.network.average_packet_latency  9815.476190                       (Unspecified)
system.ruby.network.average_packet_network_latency  8113.095238                       (Unspecified)
system.ruby.network.average_packet_queueing_latency  1702.380952                       (Unspecified)
system.ruby.network.average_packet_vnet_latency |         nan                       |         nan                       | 7906.779661                       | 7181.818182                       | 9714.285714                       (Unspecified)
system.ruby.network.average_packet_vqueue_latency |         nan                       |         nan                       |        1000                       |        6000                       | 1285.714286                       (Unspecified)
system.ruby.network.avg_link_utilization     6.585000                       (Unspecified)
system.ruby.network.ctrl_traffic_distribution.n0.n0            0                       (Unspecified)
system.ruby.network.ctrl_traffic_distribution.n0.n1            0                       (Unspecified)
system.ruby.network.ctrl_traffic_distribution.n0.n10            0                       (Unspecified)
system.ruby.network.ctrl_traffic_distribution.n0.n11            0                       (Unspecified)
system.ruby.network.ctrl_traffic_distribution.n0.n12            0                       (Unspecified)
system.ruby.network.ctrl_traffic_distribution.n0.n13            0                       (Unspecified)
system.ruby.network.ctrl_traffic_distribution.n0.n14            0                       (Unspecified)
system.ruby.network.ctrl_traffic_distribution.n0.n15            0                       (Unspecified)
system.ruby.network.ctrl_traffic_distribution.n0.n16            0                       (Unspecified)
system.ruby.network.ctrl_traffic_distribution.n0.n17            0                       (Unspecified)
system.ruby.network.ctrl_traffic_distribution.n0.n18            0                       (Unspecified)
system.ruby.network.ctrl_traffic_distribution.n0.n19            0                       (Unspecified)
system.ruby.network.ctrl_traffic_distribution.n0.n2            0                       (Unspecified)
system.ruby.network.ctrl_traffic_distribution.n0.n20            0                       (Unspecified)
system.ruby.network.ctrl_traffic_distribution.n0.n21            0                       (Unspecified)
system.ruby.network.ctrl_traffic_distribution.n0.n22            0                       (Unspecified)
system.ruby.network.ctrl_traffic_distribution.n0.n23            0                       (Unspecified)
system.ruby.network.ctrl_traffic_distribution.n0.n24            0                       (Unspecified)
system.ruby.network.ctrl_traffic_distribution.n0.n25            0                       (Unspecified)
system.ruby.network.ctrl_traffic_distribution.n0.n26            0                       (Unspecified)
system.ruby.network.ctrl_traffic_distribution.n0.n27            0                       (Unspecified)
system.ruby.network.ctrl_traffic_distribution.n0.n28            0                       (Unspecified)
system.ruby.network.ctrl_traffic_distribution.n0.n29            0                       (Unspecified)
system.ruby.network.ctrl_traffic_distribution.n0.n3            0                       (Unspecified)
system.ruby.network.ctrl_traffic_distribution.n0.n30            0                       (Unspecified)
system.ruby.network.ctrl_traffic_distribution.n0.n31            0                       (Unspecified)
system.ruby.network.ctrl_traffic_distribution.n0.n32            1                       (Unspecified)
system.ruby.network.ctrl_traffic_distribution.n0.n33            0                       (Unspecified)
system.ruby.network.ctrl_traffic_distribution.n0.n34            0                       (Unspecified)
system.ruby.network.ctrl_traffic_distribution.n0.n35            0                       (Unspecified)
system.ruby.network.ctrl_traffic_distribution.n0.n36            0                       (Unspecified)
system.ruby.network.ctrl_traffic_distribution.n0.n37            0                       (Unspecified)
system.ruby.network.ctrl_traffic_distribution.n0.n38            0                       (Unspecified)
system.ruby.network.ctrl_traffic_distribution.n0.n39            0                       (Unspecified)
system.ruby.network.ctrl_traffic_distribution.n0.n4            0                       (Unspecified)
system.ruby.network.ctrl_traffic_distribution.n0.n40            0                       (Unspecified)
system.ruby.network.ctrl_traffic_distribution.n0.n41            0                       (Unspecified)
system.ruby.network.ctrl_traffic_distribution.n0.n42            0                       (Unspecified)
system.ruby.network.ctrl_traffic_distribution.n0.n43            0                       (Unspecified)
system.ruby.network.ctrl_traffic_distribution.n0.n44            0                       (Unspecified)
system.ruby.network.ctrl_traffic_distribution.n0.n45            0                       (Unspecified)
system.ruby.network.ctrl_traffic_distribution.n0.n46            1                       (Unspecified)
system.ruby.network.ctrl_traffic_distribution.n0.n47            0                       (Unspecified)
system.ruby.network.ctrl_traffic_distribution.n0.n48            0                       (Unspecified)
system.ruby.network.ctrl_traffic_distribution.n0.n49            0                       (Unspecified)
system.ruby.network.ctrl_traffic_distribution.n0.n5            0                       (Unspecified)
system.ruby.network.ctrl_traffic_distribution.n0.n50            0                       (Unspecified)
system.ruby.network.ctrl_traffic_distribution.n0.n51            0                       (Unspecified)
system.ruby.network.ctrl_traffic_distribution.n0.n52            0                       (Unspecified)
system.ruby.network.ctrl_traffic_distribution.n0.n53            0                       (Unspecified)
system.ruby.network.ctrl_traffic_distribution.n0.n54            0                       (Unspecified)
system.ruby.network.ctrl_traffic_distribution.n0.n55            0                       (Unspecified)
system.ruby.network.ctrl_traffic_distribution.n0.n56            0                       (Unspecified)
system.ruby.network.ctrl_traffic_distribution.n0.n57            0                       (Unspecified)
system.ruby.network.ctrl_traffic_distribution.n0.n58            0                       (Unspecified)
system.ruby.network.ctrl_traffic_distribution.n0.n59            0                       (Unspecified)
system.ruby.network.ctrl_traffic_distribution.n0.n6            0                       (Unspecified)
system.ruby.network.ctrl_traffic_distribution.n0.n60            0                       (Unspecified)
system.ruby.network.ctrl_traffic_distribution.n0.n61            0                       (Unspecified)
system.ruby.network.ctrl_traffic_distribution.n0.n62            0                       (Unspecified)
system.ruby.network.ctrl_traffic_distribution.n0.n63            0                       (Unspecified)
system.ruby.network.ctrl_traffic_distribution.n0.n7            0                       (Unspecified)
system.ruby.network.ctrl_traffic_distribution.n0.n8            1                       (Unspecified)
system.ruby.network.ctrl_traffic_distribution.n0.n9            0                       (Unspecified)
system.ruby.network.ctrl_traffic_distribution.n1.n0            0                       (Unspecified)
system.ruby.network.ctrl_traffic_distribution.n1.n1            0                       (Unspecified)
system.ruby.network.ctrl_traffic_distribution.n1.n10            0                       (Unspecified)
system.ruby.network.ctrl_traffic_distribution.n1.n11            0                       (Unspecified)
system.ruby.network.ctrl_traffic_distribution.n1.n12            0                       (Unspecified)
system.ruby.network.ctrl_traffic_distribution.n1.n13            0                       (Unspecified)
system.ruby.network.ctrl_traffic_distribution.n1.n14            0                       (Unspecified)
system.ruby.network.ctrl_traffic_distribution.n1.n15            0                       (Unspecified)
system.ruby.network.ctrl_traffic_distribution.n1.n16            0                       (Unspecified)
system.ruby.network.ctrl_traffic_distribution.n1.n17            0                       (Unspecified)
system.ruby.network.ctrl_traffic_distribution.n1.n18            0                       (Unspecified)
system.ruby.network.ctrl_traffic_distribution.n1.n19            0                       (Unspecified)
system.ruby.network.ctrl_traffic_distribution.n1.n2            0                       (Unspecified)
system.ruby.network.ctrl_traffic_distribution.n1.n20            0                       (Unspecified)
system.ruby.network.ctrl_traffic_distribution.n1.n21            0                       (Unspecified)
system.ruby.network.ctrl_traffic_distribution.n1.n22            0                       (Unspecified)
system.ruby.network.ctrl_traffic_distribution.n1.n23            0                       (Unspecified)
system.ruby.network.ctrl_traffic_distribution.n1.n24            0                       (Unspecified)
system.ruby.network.ctrl_traffic_distribution.n1.n25            0                       (Unspecified)
system.ruby.network.ctrl_traffic_distribution.n1.n26            0                       (Unspecified)
system.ruby.network.ctrl_traffic_distribution.n1.n27            0                       (Unspecified)
system.ruby.network.ctrl_traffic_distribution.n1.n28            0                       (Unspecified)
system.ruby.network.ctrl_traffic_distribution.n1.n29            0                       (Unspecified)
system.ruby.network.ctrl_traffic_distribution.n1.n3            0                       (Unspecified)
system.ruby.network.ctrl_traffic_distribution.n1.n30            0                       (Unspecified)
system.ruby.network.ctrl_traffic_distribution.n1.n31            0                       (Unspecified)
system.ruby.network.ctrl_traffic_distribution.n1.n32            0                       (Unspecified)
system.ruby.network.ctrl_traffic_distribution.n1.n33            0                       (Unspecified)
system.ruby.network.ctrl_traffic_distribution.n1.n34            0                       (Unspecified)
system.ruby.network.ctrl_traffic_distribution.n1.n35            0                       (Unspecified)
system.ruby.network.ctrl_traffic_distribution.n1.n36            0                       (Unspecified)
system.ruby.network.ctrl_traffic_distribution.n1.n37            0                       (Unspecified)
system.ruby.network.ctrl_traffic_distribution.n1.n38            0                       (Unspecified)
system.ruby.network.ctrl_traffic_distribution.n1.n39            0                       (Unspecified)
system.ruby.network.ctrl_traffic_distribution.n1.n4            0                       (Unspecified)
system.ruby.network.ctrl_traffic_distribution.n1.n40            0                       (Unspecified)
system.ruby.network.ctrl_traffic_distribution.n1.n41            0                       (Unspecified)
system.ruby.network.ctrl_traffic_distribution.n1.n42            0                       (Unspecified)
system.ruby.network.ctrl_traffic_distribution.n1.n43            0                       (Unspecified)
system.ruby.network.ctrl_traffic_distribution.n1.n44            0                       (Unspecified)
system.ruby.network.ctrl_traffic_distribution.n1.n45            1                       (Unspecified)
system.ruby.network.ctrl_traffic_distribution.n1.n46            0                       (Unspecified)
system.ruby.network.ctrl_traffic_distribution.n1.n47            0                       (Unspecified)
system.ruby.network.ctrl_traffic_distribution.n1.n48            1                       (Unspecified)
system.ruby.network.ctrl_traffic_distribution.n1.n49            0                       (Unspecified)
system.ruby.network.ctrl_traffic_distribution.n1.n5            0                       (Unspecified)
system.ruby.network.ctrl_traffic_distribution.n1.n50            0                       (Unspecified)
system.ruby.network.ctrl_traffic_distribution.n1.n51            0                       (Unspecified)
system.ruby.network.ctrl_traffic_distribution.n1.n52            0                       (Unspecified)
system.ruby.network.ctrl_traffic_distribution.n1.n53            0                       (Unspecified)
system.ruby.network.ctrl_traffic_distribution.n1.n54            0                       (Unspecified)
system.ruby.network.ctrl_traffic_distribution.n1.n55            0                       (Unspecified)
system.ruby.network.ctrl_traffic_distribution.n1.n56            0                       (Unspecified)
system.ruby.network.ctrl_traffic_distribution.n1.n57            0                       (Unspecified)
system.ruby.network.ctrl_traffic_distribution.n1.n58            0                       (Unspecified)
system.ruby.network.ctrl_traffic_distribution.n1.n59            0                       (Unspecified)
system.ruby.network.ctrl_traffic_distribution.n1.n6            0                       (Unspecified)
system.ruby.network.ctrl_traffic_distribution.n1.n60            0                       (Unspecified)
system.ruby.network.ctrl_traffic_distribution.n1.n61            0                       (Unspecified)
system.ruby.network.ctrl_traffic_distribution.n1.n62            0                       (Unspecified)
system.ruby.network.ctrl_traffic_distribution.n1.n63            0                       (Unspecified)
system.ruby.network.ctrl_traffic_distribution.n1.n7            0                       (Unspecified)
system.ruby.network.ctrl_traffic_distribution.n1.n8            0                       (Unspecified)
system.ruby.network.ctrl_traffic_distribution.n1.n9            0                       (Unspecified)
system.ruby.network.ctrl_traffic_distribution.n10.n0            0                       (Unspecified)
system.ruby.network.ctrl_traffic_distribution.n10.n1            0                       (Unspecified)
system.ruby.network.ctrl_traffic_distribution.n10.n10            0                       (Unspecified)
system.ruby.network.ctrl_traffic_distribution.n10.n11            0                       (Unspecified)
system.ruby.network.ctrl_traffic_distribution.n10.n12            0                       (Unspecified)
system.ruby.network.ctrl_traffic_distribution.n10.n13            0                       (Unspecified)
system.ruby.network.ctrl_traffic_distribution.n10.n14            0                       (Unspecified)
system.ruby.network.ctrl_traffic_distribution.n10.n15            0                       (Unspecified)
system.ruby.network.ctrl_traffic_distribution.n10.n16            0                       (Unspecified)
system.ruby.network.ctrl_traffic_distribution.n10.n17            0                       (Unspecified)
system.ruby.network.ctrl_traffic_distribution.n10.n18            0                       (Unspecified)
system.ruby.network.ctrl_traffic_distribution.n10.n19            0                       (Unspecified)
system.ruby.network.ctrl_traffic_distribution.n10.n2            0                       (Unspecified)
system.ruby.network.ctrl_traffic_distribution.n10.n20            0                       (Unspecified)
system.ruby.network.ctrl_traffic_distribution.n10.n21            0                       (Unspecified)
system.ruby.network.ctrl_traffic_distribution.n10.n22            0                       (Unspecified)
system.ruby.network.ctrl_traffic_distribution.n10.n23            0                       (Unspecified)
system.ruby.network.ctrl_traffic_distribution.n10.n24            0                       (Unspecified)
system.ruby.network.ctrl_traffic_distribution.n10.n25            0                       (Unspecified)
system.ruby.network.ctrl_traffic_distribution.n10.n26            0                       (Unspecified)
system.ruby.network.ctrl_traffic_distribution.n10.n27            0                       (Unspecified)
system.ruby.network.ctrl_traffic_distribution.n10.n28            0                       (Unspecified)
system.ruby.network.ctrl_traffic_distribution.n10.n29            0                       (Unspecified)
system.ruby.network.ctrl_traffic_distribution.n10.n3            0                       (Unspecified)
system.ruby.network.ctrl_traffic_distribution.n10.n30            0                       (Unspecified)
system.ruby.network.ctrl_traffic_distribution.n10.n31            0                       (Unspecified)
system.ruby.network.ctrl_traffic_distribution.n10.n32            0                       (Unspecified)
system.ruby.network.ctrl_traffic_distribution.n10.n33            0                       (Unspecified)
system.ruby.network.ctrl_traffic_distribution.n10.n34            0                       (Unspecified)
system.ruby.network.ctrl_traffic_distribution.n10.n35            0                       (Unspecified)
system.ruby.network.ctrl_traffic_distribution.n10.n36            0                       (Unspecified)
system.ruby.network.ctrl_traffic_distribution.n10.n37            0                       (Unspecified)
system.ruby.network.ctrl_traffic_distribution.n10.n38            0                       (Unspecified)
system.ruby.network.ctrl_traffic_distribution.n10.n39            0                       (Unspecified)
system.ruby.network.ctrl_traffic_distribution.n10.n4            1                       (Unspecified)
system.ruby.network.ctrl_traffic_distribution.n10.n40            0                       (Unspecified)
system.ruby.network.ctrl_traffic_distribution.n10.n41            0                       (Unspecified)
system.ruby.network.ctrl_traffic_distribution.n10.n42            0                       (Unspecified)
system.ruby.network.ctrl_traffic_distribution.n10.n43            0                       (Unspecified)
system.ruby.network.ctrl_traffic_distribution.n10.n44            0                       (Unspecified)
system.ruby.network.ctrl_traffic_distribution.n10.n45            0                       (Unspecified)
system.ruby.network.ctrl_traffic_distribution.n10.n46            0                       (Unspecified)
system.ruby.network.ctrl_traffic_distribution.n10.n47            0                       (Unspecified)
system.ruby.network.ctrl_traffic_distribution.n10.n48            0                       (Unspecified)
system.ruby.network.ctrl_traffic_distribution.n10.n49            0                       (Unspecified)
system.ruby.network.ctrl_traffic_distribution.n10.n5            0                       (Unspecified)
system.ruby.network.ctrl_traffic_distribution.n10.n50            0                       (Unspecified)
system.ruby.network.ctrl_traffic_distribution.n10.n51            0                       (Unspecified)
system.ruby.network.ctrl_traffic_distribution.n10.n52            0                       (Unspecified)
system.ruby.network.ctrl_traffic_distribution.n10.n53            0                       (Unspecified)
system.ruby.network.ctrl_traffic_distribution.n10.n54            0                       (Unspecified)
system.ruby.network.ctrl_traffic_distribution.n10.n55            0                       (Unspecified)
system.ruby.network.ctrl_traffic_distribution.n10.n56            0                       (Unspecified)
system.ruby.network.ctrl_traffic_distribution.n10.n57            0                       (Unspecified)
system.ruby.network.ctrl_traffic_distribution.n10.n58            0                       (Unspecified)
system.ruby.network.ctrl_traffic_distribution.n10.n59            1                       (Unspecified)
system.ruby.network.ctrl_traffic_distribution.n10.n6            0                       (Unspecified)
system.ruby.network.ctrl_traffic_distribution.n10.n60            0                       (Unspecified)
system.ruby.network.ctrl_traffic_distribution.n10.n61            0                       (Unspecified)
system.ruby.network.ctrl_traffic_distribution.n10.n62            0                       (Unspecified)
system.ruby.network.ctrl_traffic_distribution.n10.n63            0                       (Unspecified)
system.ruby.network.ctrl_traffic_distribution.n10.n7            0                       (Unspecified)
system.ruby.network.ctrl_traffic_distribution.n10.n8            0                       (Unspecified)
system.ruby.network.ctrl_traffic_distribution.n10.n9            0                       (Unspecified)
system.ruby.network.ctrl_traffic_distribution.n11.n0            0                       (Unspecified)
system.ruby.network.ctrl_traffic_distribution.n11.n1            0                       (Unspecified)
system.ruby.network.ctrl_traffic_distribution.n11.n10            0                       (Unspecified)
system.ruby.network.ctrl_traffic_distribution.n11.n11            0                       (Unspecified)
system.ruby.network.ctrl_traffic_distribution.n11.n12            0                       (Unspecified)
system.ruby.network.ctrl_traffic_distribution.n11.n13            0                       (Unspecified)
system.ruby.network.ctrl_traffic_distribution.n11.n14            0                       (Unspecified)
system.ruby.network.ctrl_traffic_distribution.n11.n15            0                       (Unspecified)
system.ruby.network.ctrl_traffic_distribution.n11.n16            0                       (Unspecified)
system.ruby.network.ctrl_traffic_distribution.n11.n17            0                       (Unspecified)
system.ruby.network.ctrl_traffic_distribution.n11.n18            0                       (Unspecified)
system.ruby.network.ctrl_traffic_distribution.n11.n19            0                       (Unspecified)
system.ruby.network.ctrl_traffic_distribution.n11.n2            0                       (Unspecified)
system.ruby.network.ctrl_traffic_distribution.n11.n20            0                       (Unspecified)
system.ruby.network.ctrl_traffic_distribution.n11.n21            0                       (Unspecified)
system.ruby.network.ctrl_traffic_distribution.n11.n22            0                       (Unspecified)
system.ruby.network.ctrl_traffic_distribution.n11.n23            0                       (Unspecified)
system.ruby.network.ctrl_traffic_distribution.n11.n24            0                       (Unspecified)
system.ruby.network.ctrl_traffic_distribution.n11.n25            0                       (Unspecified)
system.ruby.network.ctrl_traffic_distribution.n11.n26            0                       (Unspecified)
system.ruby.network.ctrl_traffic_distribution.n11.n27            0                       (Unspecified)
system.ruby.network.ctrl_traffic_distribution.n11.n28            0                       (Unspecified)
system.ruby.network.ctrl_traffic_distribution.n11.n29            0                       (Unspecified)
system.ruby.network.ctrl_traffic_distribution.n11.n3            0                       (Unspecified)
system.ruby.network.ctrl_traffic_distribution.n11.n30            0                       (Unspecified)
system.ruby.network.ctrl_traffic_distribution.n11.n31            0                       (Unspecified)
system.ruby.network.ctrl_traffic_distribution.n11.n32            0                       (Unspecified)
system.ruby.network.ctrl_traffic_distribution.n11.n33            0                       (Unspecified)
system.ruby.network.ctrl_traffic_distribution.n11.n34            0                       (Unspecified)
system.ruby.network.ctrl_traffic_distribution.n11.n35            0                       (Unspecified)
system.ruby.network.ctrl_traffic_distribution.n11.n36            0                       (Unspecified)
system.ruby.network.ctrl_traffic_distribution.n11.n37            0                       (Unspecified)
system.ruby.network.ctrl_traffic_distribution.n11.n38            0                       (Unspecified)
system.ruby.network.ctrl_traffic_distribution.n11.n39            0                       (Unspecified)
system.ruby.network.ctrl_traffic_distribution.n11.n4            0                       (Unspecified)
system.ruby.network.ctrl_traffic_distribution.n11.n40            0                       (Unspecified)
system.ruby.network.ctrl_traffic_distribution.n11.n41            0                       (Unspecified)
system.ruby.network.ctrl_traffic_distribution.n11.n42            0                       (Unspecified)
system.ruby.network.ctrl_traffic_distribution.n11.n43            0                       (Unspecified)
system.ruby.network.ctrl_traffic_distribution.n11.n44            0                       (Unspecified)
system.ruby.network.ctrl_traffic_distribution.n11.n45            0                       (Unspecified)
system.ruby.network.ctrl_traffic_distribution.n11.n46            0                       (Unspecified)
system.ruby.network.ctrl_traffic_distribution.n11.n47            0                       (Unspecified)
system.ruby.network.ctrl_traffic_distribution.n11.n48            0                       (Unspecified)
system.ruby.network.ctrl_traffic_distribution.n11.n49            0                       (Unspecified)
system.ruby.network.ctrl_traffic_distribution.n11.n5            0                       (Unspecified)
system.ruby.network.ctrl_traffic_distribution.n11.n50            0                       (Unspecified)
system.ruby.network.ctrl_traffic_distribution.n11.n51            0                       (Unspecified)
system.ruby.network.ctrl_traffic_distribution.n11.n52            0                       (Unspecified)
system.ruby.network.ctrl_traffic_distribution.n11.n53            0                       (Unspecified)
system.ruby.network.ctrl_traffic_distribution.n11.n54            1                       (Unspecified)
system.ruby.network.ctrl_traffic_distribution.n11.n55            0                       (Unspecified)
system.ruby.network.ctrl_traffic_distribution.n11.n56            0                       (Unspecified)
system.ruby.network.ctrl_traffic_distribution.n11.n57            0                       (Unspecified)
system.ruby.network.ctrl_traffic_distribution.n11.n58            0                       (Unspecified)
system.ruby.network.ctrl_traffic_distribution.n11.n59            0                       (Unspecified)
system.ruby.network.ctrl_traffic_distribution.n11.n6            0                       (Unspecified)
system.ruby.network.ctrl_traffic_distribution.n11.n60            0                       (Unspecified)
system.ruby.network.ctrl_traffic_distribution.n11.n61            0                       (Unspecified)
system.ruby.network.ctrl_traffic_distribution.n11.n62            0                       (Unspecified)
system.ruby.network.ctrl_traffic_distribution.n11.n63            0                       (Unspecified)
system.ruby.network.ctrl_traffic_distribution.n11.n7            0                       (Unspecified)
system.ruby.network.ctrl_traffic_distribution.n11.n8            0                       (Unspecified)
system.ruby.network.ctrl_traffic_distribution.n11.n9            0                       (Unspecified)
system.ruby.network.ctrl_traffic_distribution.n12.n0            0                       (Unspecified)
system.ruby.network.ctrl_traffic_distribution.n12.n1            0                       (Unspecified)
system.ruby.network.ctrl_traffic_distribution.n12.n10            0                       (Unspecified)
system.ruby.network.ctrl_traffic_distribution.n12.n11            0                       (Unspecified)
system.ruby.network.ctrl_traffic_distribution.n12.n12            0                       (Unspecified)
system.ruby.network.ctrl_traffic_distribution.n12.n13            0                       (Unspecified)
system.ruby.network.ctrl_traffic_distribution.n12.n14            0                       (Unspecified)
system.ruby.network.ctrl_traffic_distribution.n12.n15            0                       (Unspecified)
system.ruby.network.ctrl_traffic_distribution.n12.n16            0                       (Unspecified)
system.ruby.network.ctrl_traffic_distribution.n12.n17            0                       (Unspecified)
system.ruby.network.ctrl_traffic_distribution.n12.n18            0                       (Unspecified)
system.ruby.network.ctrl_traffic_distribution.n12.n19            0                       (Unspecified)
system.ruby.network.ctrl_traffic_distribution.n12.n2            0                       (Unspecified)
system.ruby.network.ctrl_traffic_distribution.n12.n20            0                       (Unspecified)
system.ruby.network.ctrl_traffic_distribution.n12.n21            0                       (Unspecified)
system.ruby.network.ctrl_traffic_distribution.n12.n22            0                       (Unspecified)
system.ruby.network.ctrl_traffic_distribution.n12.n23            0                       (Unspecified)
system.ruby.network.ctrl_traffic_distribution.n12.n24            0                       (Unspecified)
system.ruby.network.ctrl_traffic_distribution.n12.n25            0                       (Unspecified)
system.ruby.network.ctrl_traffic_distribution.n12.n26            0                       (Unspecified)
system.ruby.network.ctrl_traffic_distribution.n12.n27            0                       (Unspecified)
system.ruby.network.ctrl_traffic_distribution.n12.n28            0                       (Unspecified)
system.ruby.network.ctrl_traffic_distribution.n12.n29            0                       (Unspecified)
system.ruby.network.ctrl_traffic_distribution.n12.n3            0                       (Unspecified)
system.ruby.network.ctrl_traffic_distribution.n12.n30            0                       (Unspecified)
system.ruby.network.ctrl_traffic_distribution.n12.n31            0                       (Unspecified)
system.ruby.network.ctrl_traffic_distribution.n12.n32            0                       (Unspecified)
system.ruby.network.ctrl_traffic_distribution.n12.n33            0                       (Unspecified)
system.ruby.network.ctrl_traffic_distribution.n12.n34            0                       (Unspecified)
system.ruby.network.ctrl_traffic_distribution.n12.n35            0                       (Unspecified)
system.ruby.network.ctrl_traffic_distribution.n12.n36            0                       (Unspecified)
system.ruby.network.ctrl_traffic_distribution.n12.n37            0                       (Unspecified)
system.ruby.network.ctrl_traffic_distribution.n12.n38            0                       (Unspecified)
system.ruby.network.ctrl_traffic_distribution.n12.n39            0                       (Unspecified)
system.ruby.network.ctrl_traffic_distribution.n12.n4            0                       (Unspecified)
system.ruby.network.ctrl_traffic_distribution.n12.n40            0                       (Unspecified)
system.ruby.network.ctrl_traffic_distribution.n12.n41            0                       (Unspecified)
system.ruby.network.ctrl_traffic_distribution.n12.n42            0                       (Unspecified)
system.ruby.network.ctrl_traffic_distribution.n12.n43            0                       (Unspecified)
system.ruby.network.ctrl_traffic_distribution.n12.n44            0                       (Unspecified)
system.ruby.network.ctrl_traffic_distribution.n12.n45            0                       (Unspecified)
system.ruby.network.ctrl_traffic_distribution.n12.n46            0                       (Unspecified)
system.ruby.network.ctrl_traffic_distribution.n12.n47            0                       (Unspecified)
system.ruby.network.ctrl_traffic_distribution.n12.n48            0                       (Unspecified)
system.ruby.network.ctrl_traffic_distribution.n12.n49            0                       (Unspecified)
system.ruby.network.ctrl_traffic_distribution.n12.n5            0                       (Unspecified)
system.ruby.network.ctrl_traffic_distribution.n12.n50            0                       (Unspecified)
system.ruby.network.ctrl_traffic_distribution.n12.n51            0                       (Unspecified)
system.ruby.network.ctrl_traffic_distribution.n12.n52            0                       (Unspecified)
system.ruby.network.ctrl_traffic_distribution.n12.n53            0                       (Unspecified)
system.ruby.network.ctrl_traffic_distribution.n12.n54            0                       (Unspecified)
system.ruby.network.ctrl_traffic_distribution.n12.n55            0                       (Unspecified)
system.ruby.network.ctrl_traffic_distribution.n12.n56            0                       (Unspecified)
system.ruby.network.ctrl_traffic_distribution.n12.n57            0                       (Unspecified)
system.ruby.network.ctrl_traffic_distribution.n12.n58            0                       (Unspecified)
system.ruby.network.ctrl_traffic_distribution.n12.n59            0                       (Unspecified)
system.ruby.network.ctrl_traffic_distribution.n12.n6            0                       (Unspecified)
system.ruby.network.ctrl_traffic_distribution.n12.n60            0                       (Unspecified)
system.ruby.network.ctrl_traffic_distribution.n12.n61            0                       (Unspecified)
system.ruby.network.ctrl_traffic_distribution.n12.n62            0                       (Unspecified)
system.ruby.network.ctrl_traffic_distribution.n12.n63            0                       (Unspecified)
system.ruby.network.ctrl_traffic_distribution.n12.n7            0                       (Unspecified)
system.ruby.network.ctrl_traffic_distribution.n12.n8            0                       (Unspecified)
system.ruby.network.ctrl_traffic_distribution.n12.n9            0                       (Unspecified)
system.ruby.network.ctrl_traffic_distribution.n13.n0            0                       (Unspecified)
system.ruby.network.ctrl_traffic_distribution.n13.n1            0                       (Unspecified)
system.ruby.network.ctrl_traffic_distribution.n13.n10            0                       (Unspecified)
system.ruby.network.ctrl_traffic_distribution.n13.n11            0                       (Unspecified)
system.ruby.network.ctrl_traffic_distribution.n13.n12            0                       (Unspecified)
system.ruby.network.ctrl_traffic_distribution.n13.n13            0                       (Unspecified)
system.ruby.network.ctrl_traffic_distribution.n13.n14            0                       (Unspecified)
system.ruby.network.ctrl_traffic_distribution.n13.n15            0                       (Unspecified)
system.ruby.network.ctrl_traffic_distribution.n13.n16            0                       (Unspecified)
system.ruby.network.ctrl_traffic_distribution.n13.n17            0                       (Unspecified)
system.ruby.network.ctrl_traffic_distribution.n13.n18            0                       (Unspecified)
system.ruby.network.ctrl_traffic_distribution.n13.n19            0                       (Unspecified)
system.ruby.network.ctrl_traffic_distribution.n13.n2            0                       (Unspecified)
system.ruby.network.ctrl_traffic_distribution.n13.n20            0                       (Unspecified)
system.ruby.network.ctrl_traffic_distribution.n13.n21            0                       (Unspecified)
system.ruby.network.ctrl_traffic_distribution.n13.n22            0                       (Unspecified)
system.ruby.network.ctrl_traffic_distribution.n13.n23            0                       (Unspecified)
system.ruby.network.ctrl_traffic_distribution.n13.n24            0                       (Unspecified)
system.ruby.network.ctrl_traffic_distribution.n13.n25            0                       (Unspecified)
system.ruby.network.ctrl_traffic_distribution.n13.n26            0                       (Unspecified)
system.ruby.network.ctrl_traffic_distribution.n13.n27            0                       (Unspecified)
system.ruby.network.ctrl_traffic_distribution.n13.n28            0                       (Unspecified)
system.ruby.network.ctrl_traffic_distribution.n13.n29            0                       (Unspecified)
system.ruby.network.ctrl_traffic_distribution.n13.n3            0                       (Unspecified)
system.ruby.network.ctrl_traffic_distribution.n13.n30            0                       (Unspecified)
system.ruby.network.ctrl_traffic_distribution.n13.n31            0                       (Unspecified)
system.ruby.network.ctrl_traffic_distribution.n13.n32            0                       (Unspecified)
system.ruby.network.ctrl_traffic_distribution.n13.n33            0                       (Unspecified)
system.ruby.network.ctrl_traffic_distribution.n13.n34            0                       (Unspecified)
system.ruby.network.ctrl_traffic_distribution.n13.n35            0                       (Unspecified)
system.ruby.network.ctrl_traffic_distribution.n13.n36            0                       (Unspecified)
system.ruby.network.ctrl_traffic_distribution.n13.n37            0                       (Unspecified)
system.ruby.network.ctrl_traffic_distribution.n13.n38            0                       (Unspecified)
system.ruby.network.ctrl_traffic_distribution.n13.n39            0                       (Unspecified)
system.ruby.network.ctrl_traffic_distribution.n13.n4            0                       (Unspecified)
system.ruby.network.ctrl_traffic_distribution.n13.n40            0                       (Unspecified)
system.ruby.network.ctrl_traffic_distribution.n13.n41            0                       (Unspecified)
system.ruby.network.ctrl_traffic_distribution.n13.n42            0                       (Unspecified)
system.ruby.network.ctrl_traffic_distribution.n13.n43            0                       (Unspecified)
system.ruby.network.ctrl_traffic_distribution.n13.n44            0                       (Unspecified)
system.ruby.network.ctrl_traffic_distribution.n13.n45            0                       (Unspecified)
system.ruby.network.ctrl_traffic_distribution.n13.n46            0                       (Unspecified)
system.ruby.network.ctrl_traffic_distribution.n13.n47            0                       (Unspecified)
system.ruby.network.ctrl_traffic_distribution.n13.n48            0                       (Unspecified)
system.ruby.network.ctrl_traffic_distribution.n13.n49            0                       (Unspecified)
system.ruby.network.ctrl_traffic_distribution.n13.n5            0                       (Unspecified)
system.ruby.network.ctrl_traffic_distribution.n13.n50            0                       (Unspecified)
system.ruby.network.ctrl_traffic_distribution.n13.n51            0                       (Unspecified)
system.ruby.network.ctrl_traffic_distribution.n13.n52            0                       (Unspecified)
system.ruby.network.ctrl_traffic_distribution.n13.n53            0                       (Unspecified)
system.ruby.network.ctrl_traffic_distribution.n13.n54            0                       (Unspecified)
system.ruby.network.ctrl_traffic_distribution.n13.n55            1                       (Unspecified)
system.ruby.network.ctrl_traffic_distribution.n13.n56            0                       (Unspecified)
system.ruby.network.ctrl_traffic_distribution.n13.n57            0                       (Unspecified)
system.ruby.network.ctrl_traffic_distribution.n13.n58            0                       (Unspecified)
system.ruby.network.ctrl_traffic_distribution.n13.n59            0                       (Unspecified)
system.ruby.network.ctrl_traffic_distribution.n13.n6            0                       (Unspecified)
system.ruby.network.ctrl_traffic_distribution.n13.n60            0                       (Unspecified)
system.ruby.network.ctrl_traffic_distribution.n13.n61            0                       (Unspecified)
system.ruby.network.ctrl_traffic_distribution.n13.n62            0                       (Unspecified)
system.ruby.network.ctrl_traffic_distribution.n13.n63            0                       (Unspecified)
system.ruby.network.ctrl_traffic_distribution.n13.n7            0                       (Unspecified)
system.ruby.network.ctrl_traffic_distribution.n13.n8            0                       (Unspecified)
system.ruby.network.ctrl_traffic_distribution.n13.n9            0                       (Unspecified)
system.ruby.network.ctrl_traffic_distribution.n14.n0            0                       (Unspecified)
system.ruby.network.ctrl_traffic_distribution.n14.n1            0                       (Unspecified)
system.ruby.network.ctrl_traffic_distribution.n14.n10            0                       (Unspecified)
system.ruby.network.ctrl_traffic_distribution.n14.n11            0                       (Unspecified)
system.ruby.network.ctrl_traffic_distribution.n14.n12            0                       (Unspecified)
system.ruby.network.ctrl_traffic_distribution.n14.n13            0                       (Unspecified)
system.ruby.network.ctrl_traffic_distribution.n14.n14            0                       (Unspecified)
system.ruby.network.ctrl_traffic_distribution.n14.n15            0                       (Unspecified)
system.ruby.network.ctrl_traffic_distribution.n14.n16            0                       (Unspecified)
system.ruby.network.ctrl_traffic_distribution.n14.n17            0                       (Unspecified)
system.ruby.network.ctrl_traffic_distribution.n14.n18            0                       (Unspecified)
system.ruby.network.ctrl_traffic_distribution.n14.n19            0                       (Unspecified)
system.ruby.network.ctrl_traffic_distribution.n14.n2            0                       (Unspecified)
system.ruby.network.ctrl_traffic_distribution.n14.n20            0                       (Unspecified)
system.ruby.network.ctrl_traffic_distribution.n14.n21            0                       (Unspecified)
system.ruby.network.ctrl_traffic_distribution.n14.n22            0                       (Unspecified)
system.ruby.network.ctrl_traffic_distribution.n14.n23            0                       (Unspecified)
system.ruby.network.ctrl_traffic_distribution.n14.n24            0                       (Unspecified)
system.ruby.network.ctrl_traffic_distribution.n14.n25            0                       (Unspecified)
system.ruby.network.ctrl_traffic_distribution.n14.n26            0                       (Unspecified)
system.ruby.network.ctrl_traffic_distribution.n14.n27            0                       (Unspecified)
system.ruby.network.ctrl_traffic_distribution.n14.n28            0                       (Unspecified)
system.ruby.network.ctrl_traffic_distribution.n14.n29            0                       (Unspecified)
system.ruby.network.ctrl_traffic_distribution.n14.n3            0                       (Unspecified)
system.ruby.network.ctrl_traffic_distribution.n14.n30            0                       (Unspecified)
system.ruby.network.ctrl_traffic_distribution.n14.n31            0                       (Unspecified)
system.ruby.network.ctrl_traffic_distribution.n14.n32            0                       (Unspecified)
system.ruby.network.ctrl_traffic_distribution.n14.n33            0                       (Unspecified)
system.ruby.network.ctrl_traffic_distribution.n14.n34            0                       (Unspecified)
system.ruby.network.ctrl_traffic_distribution.n14.n35            0                       (Unspecified)
system.ruby.network.ctrl_traffic_distribution.n14.n36            0                       (Unspecified)
system.ruby.network.ctrl_traffic_distribution.n14.n37            0                       (Unspecified)
system.ruby.network.ctrl_traffic_distribution.n14.n38            1                       (Unspecified)
system.ruby.network.ctrl_traffic_distribution.n14.n39            0                       (Unspecified)
system.ruby.network.ctrl_traffic_distribution.n14.n4            0                       (Unspecified)
system.ruby.network.ctrl_traffic_distribution.n14.n40            0                       (Unspecified)
system.ruby.network.ctrl_traffic_distribution.n14.n41            0                       (Unspecified)
system.ruby.network.ctrl_traffic_distribution.n14.n42            1                       (Unspecified)
system.ruby.network.ctrl_traffic_distribution.n14.n43            0                       (Unspecified)
system.ruby.network.ctrl_traffic_distribution.n14.n44            0                       (Unspecified)
system.ruby.network.ctrl_traffic_distribution.n14.n45            0                       (Unspecified)
system.ruby.network.ctrl_traffic_distribution.n14.n46            0                       (Unspecified)
system.ruby.network.ctrl_traffic_distribution.n14.n47            0                       (Unspecified)
system.ruby.network.ctrl_traffic_distribution.n14.n48            0                       (Unspecified)
system.ruby.network.ctrl_traffic_distribution.n14.n49            0                       (Unspecified)
system.ruby.network.ctrl_traffic_distribution.n14.n5            1                       (Unspecified)
system.ruby.network.ctrl_traffic_distribution.n14.n50            0                       (Unspecified)
system.ruby.network.ctrl_traffic_distribution.n14.n51            0                       (Unspecified)
system.ruby.network.ctrl_traffic_distribution.n14.n52            0                       (Unspecified)
system.ruby.network.ctrl_traffic_distribution.n14.n53            0                       (Unspecified)
system.ruby.network.ctrl_traffic_distribution.n14.n54            0                       (Unspecified)
system.ruby.network.ctrl_traffic_distribution.n14.n55            0                       (Unspecified)
system.ruby.network.ctrl_traffic_distribution.n14.n56            0                       (Unspecified)
system.ruby.network.ctrl_traffic_distribution.n14.n57            0                       (Unspecified)
system.ruby.network.ctrl_traffic_distribution.n14.n58            0                       (Unspecified)
system.ruby.network.ctrl_traffic_distribution.n14.n59            0                       (Unspecified)
system.ruby.network.ctrl_traffic_distribution.n14.n6            0                       (Unspecified)
system.ruby.network.ctrl_traffic_distribution.n14.n60            0                       (Unspecified)
system.ruby.network.ctrl_traffic_distribution.n14.n61            0                       (Unspecified)
system.ruby.network.ctrl_traffic_distribution.n14.n62            0                       (Unspecified)
system.ruby.network.ctrl_traffic_distribution.n14.n63            0                       (Unspecified)
system.ruby.network.ctrl_traffic_distribution.n14.n7            0                       (Unspecified)
system.ruby.network.ctrl_traffic_distribution.n14.n8            0                       (Unspecified)
system.ruby.network.ctrl_traffic_distribution.n14.n9            0                       (Unspecified)
system.ruby.network.ctrl_traffic_distribution.n15.n0            0                       (Unspecified)
system.ruby.network.ctrl_traffic_distribution.n15.n1            0                       (Unspecified)
system.ruby.network.ctrl_traffic_distribution.n15.n10            0                       (Unspecified)
system.ruby.network.ctrl_traffic_distribution.n15.n11            0                       (Unspecified)
system.ruby.network.ctrl_traffic_distribution.n15.n12            0                       (Unspecified)
system.ruby.network.ctrl_traffic_distribution.n15.n13            0                       (Unspecified)
system.ruby.network.ctrl_traffic_distribution.n15.n14            0                       (Unspecified)
system.ruby.network.ctrl_traffic_distribution.n15.n15            0                       (Unspecified)
system.ruby.network.ctrl_traffic_distribution.n15.n16            0                       (Unspecified)
system.ruby.network.ctrl_traffic_distribution.n15.n17            0                       (Unspecified)
system.ruby.network.ctrl_traffic_distribution.n15.n18            0                       (Unspecified)
system.ruby.network.ctrl_traffic_distribution.n15.n19            0                       (Unspecified)
system.ruby.network.ctrl_traffic_distribution.n15.n2            0                       (Unspecified)
system.ruby.network.ctrl_traffic_distribution.n15.n20            0                       (Unspecified)
system.ruby.network.ctrl_traffic_distribution.n15.n21            0                       (Unspecified)
system.ruby.network.ctrl_traffic_distribution.n15.n22            0                       (Unspecified)
system.ruby.network.ctrl_traffic_distribution.n15.n23            0                       (Unspecified)
system.ruby.network.ctrl_traffic_distribution.n15.n24            0                       (Unspecified)
system.ruby.network.ctrl_traffic_distribution.n15.n25            0                       (Unspecified)
system.ruby.network.ctrl_traffic_distribution.n15.n26            0                       (Unspecified)
system.ruby.network.ctrl_traffic_distribution.n15.n27            0                       (Unspecified)
system.ruby.network.ctrl_traffic_distribution.n15.n28            0                       (Unspecified)
system.ruby.network.ctrl_traffic_distribution.n15.n29            0                       (Unspecified)
system.ruby.network.ctrl_traffic_distribution.n15.n3            0                       (Unspecified)
system.ruby.network.ctrl_traffic_distribution.n15.n30            0                       (Unspecified)
system.ruby.network.ctrl_traffic_distribution.n15.n31            0                       (Unspecified)
system.ruby.network.ctrl_traffic_distribution.n15.n32            0                       (Unspecified)
system.ruby.network.ctrl_traffic_distribution.n15.n33            0                       (Unspecified)
system.ruby.network.ctrl_traffic_distribution.n15.n34            0                       (Unspecified)
system.ruby.network.ctrl_traffic_distribution.n15.n35            0                       (Unspecified)
system.ruby.network.ctrl_traffic_distribution.n15.n36            0                       (Unspecified)
system.ruby.network.ctrl_traffic_distribution.n15.n37            0                       (Unspecified)
system.ruby.network.ctrl_traffic_distribution.n15.n38            0                       (Unspecified)
system.ruby.network.ctrl_traffic_distribution.n15.n39            1                       (Unspecified)
system.ruby.network.ctrl_traffic_distribution.n15.n4            0                       (Unspecified)
system.ruby.network.ctrl_traffic_distribution.n15.n40            0                       (Unspecified)
system.ruby.network.ctrl_traffic_distribution.n15.n41            0                       (Unspecified)
system.ruby.network.ctrl_traffic_distribution.n15.n42            0                       (Unspecified)
system.ruby.network.ctrl_traffic_distribution.n15.n43            0                       (Unspecified)
system.ruby.network.ctrl_traffic_distribution.n15.n44            0                       (Unspecified)
system.ruby.network.ctrl_traffic_distribution.n15.n45            0                       (Unspecified)
system.ruby.network.ctrl_traffic_distribution.n15.n46            0                       (Unspecified)
system.ruby.network.ctrl_traffic_distribution.n15.n47            0                       (Unspecified)
system.ruby.network.ctrl_traffic_distribution.n15.n48            0                       (Unspecified)
system.ruby.network.ctrl_traffic_distribution.n15.n49            0                       (Unspecified)
system.ruby.network.ctrl_traffic_distribution.n15.n5            0                       (Unspecified)
system.ruby.network.ctrl_traffic_distribution.n15.n50            0                       (Unspecified)
system.ruby.network.ctrl_traffic_distribution.n15.n51            0                       (Unspecified)
system.ruby.network.ctrl_traffic_distribution.n15.n52            0                       (Unspecified)
system.ruby.network.ctrl_traffic_distribution.n15.n53            0                       (Unspecified)
system.ruby.network.ctrl_traffic_distribution.n15.n54            0                       (Unspecified)
system.ruby.network.ctrl_traffic_distribution.n15.n55            0                       (Unspecified)
system.ruby.network.ctrl_traffic_distribution.n15.n56            0                       (Unspecified)
system.ruby.network.ctrl_traffic_distribution.n15.n57            0                       (Unspecified)
system.ruby.network.ctrl_traffic_distribution.n15.n58            0                       (Unspecified)
system.ruby.network.ctrl_traffic_distribution.n15.n59            0                       (Unspecified)
system.ruby.network.ctrl_traffic_distribution.n15.n6            0                       (Unspecified)
system.ruby.network.ctrl_traffic_distribution.n15.n60            0                       (Unspecified)
system.ruby.network.ctrl_traffic_distribution.n15.n61            0                       (Unspecified)
system.ruby.network.ctrl_traffic_distribution.n15.n62            0                       (Unspecified)
system.ruby.network.ctrl_traffic_distribution.n15.n63            0                       (Unspecified)
system.ruby.network.ctrl_traffic_distribution.n15.n7            0                       (Unspecified)
system.ruby.network.ctrl_traffic_distribution.n15.n8            0                       (Unspecified)
system.ruby.network.ctrl_traffic_distribution.n15.n9            0                       (Unspecified)
system.ruby.network.ctrl_traffic_distribution.n16.n0            0                       (Unspecified)
system.ruby.network.ctrl_traffic_distribution.n16.n1            0                       (Unspecified)
system.ruby.network.ctrl_traffic_distribution.n16.n10            0                       (Unspecified)
system.ruby.network.ctrl_traffic_distribution.n16.n11            0                       (Unspecified)
system.ruby.network.ctrl_traffic_distribution.n16.n12            0                       (Unspecified)
system.ruby.network.ctrl_traffic_distribution.n16.n13            0                       (Unspecified)
system.ruby.network.ctrl_traffic_distribution.n16.n14            0                       (Unspecified)
system.ruby.network.ctrl_traffic_distribution.n16.n15            0                       (Unspecified)
system.ruby.network.ctrl_traffic_distribution.n16.n16            0                       (Unspecified)
system.ruby.network.ctrl_traffic_distribution.n16.n17            0                       (Unspecified)
system.ruby.network.ctrl_traffic_distribution.n16.n18            0                       (Unspecified)
system.ruby.network.ctrl_traffic_distribution.n16.n19            0                       (Unspecified)
system.ruby.network.ctrl_traffic_distribution.n16.n2            0                       (Unspecified)
system.ruby.network.ctrl_traffic_distribution.n16.n20            1                       (Unspecified)
system.ruby.network.ctrl_traffic_distribution.n16.n21            0                       (Unspecified)
system.ruby.network.ctrl_traffic_distribution.n16.n22            0                       (Unspecified)
system.ruby.network.ctrl_traffic_distribution.n16.n23            0                       (Unspecified)
system.ruby.network.ctrl_traffic_distribution.n16.n24            0                       (Unspecified)
system.ruby.network.ctrl_traffic_distribution.n16.n25            0                       (Unspecified)
system.ruby.network.ctrl_traffic_distribution.n16.n26            0                       (Unspecified)
system.ruby.network.ctrl_traffic_distribution.n16.n27            0                       (Unspecified)
system.ruby.network.ctrl_traffic_distribution.n16.n28            0                       (Unspecified)
system.ruby.network.ctrl_traffic_distribution.n16.n29            0                       (Unspecified)
system.ruby.network.ctrl_traffic_distribution.n16.n3            0                       (Unspecified)
system.ruby.network.ctrl_traffic_distribution.n16.n30            0                       (Unspecified)
system.ruby.network.ctrl_traffic_distribution.n16.n31            0                       (Unspecified)
system.ruby.network.ctrl_traffic_distribution.n16.n32            0                       (Unspecified)
system.ruby.network.ctrl_traffic_distribution.n16.n33            0                       (Unspecified)
system.ruby.network.ctrl_traffic_distribution.n16.n34            0                       (Unspecified)
system.ruby.network.ctrl_traffic_distribution.n16.n35            0                       (Unspecified)
system.ruby.network.ctrl_traffic_distribution.n16.n36            0                       (Unspecified)
system.ruby.network.ctrl_traffic_distribution.n16.n37            0                       (Unspecified)
system.ruby.network.ctrl_traffic_distribution.n16.n38            0                       (Unspecified)
system.ruby.network.ctrl_traffic_distribution.n16.n39            0                       (Unspecified)
system.ruby.network.ctrl_traffic_distribution.n16.n4            0                       (Unspecified)
system.ruby.network.ctrl_traffic_distribution.n16.n40            0                       (Unspecified)
system.ruby.network.ctrl_traffic_distribution.n16.n41            0                       (Unspecified)
system.ruby.network.ctrl_traffic_distribution.n16.n42            0                       (Unspecified)
system.ruby.network.ctrl_traffic_distribution.n16.n43            0                       (Unspecified)
system.ruby.network.ctrl_traffic_distribution.n16.n44            0                       (Unspecified)
system.ruby.network.ctrl_traffic_distribution.n16.n45            0                       (Unspecified)
system.ruby.network.ctrl_traffic_distribution.n16.n46            0                       (Unspecified)
system.ruby.network.ctrl_traffic_distribution.n16.n47            0                       (Unspecified)
system.ruby.network.ctrl_traffic_distribution.n16.n48            0                       (Unspecified)
system.ruby.network.ctrl_traffic_distribution.n16.n49            0                       (Unspecified)
system.ruby.network.ctrl_traffic_distribution.n16.n5            0                       (Unspecified)
system.ruby.network.ctrl_traffic_distribution.n16.n50            1                       (Unspecified)
system.ruby.network.ctrl_traffic_distribution.n16.n51            0                       (Unspecified)
system.ruby.network.ctrl_traffic_distribution.n16.n52            0                       (Unspecified)
system.ruby.network.ctrl_traffic_distribution.n16.n53            0                       (Unspecified)
system.ruby.network.ctrl_traffic_distribution.n16.n54            0                       (Unspecified)
system.ruby.network.ctrl_traffic_distribution.n16.n55            0                       (Unspecified)
system.ruby.network.ctrl_traffic_distribution.n16.n56            0                       (Unspecified)
system.ruby.network.ctrl_traffic_distribution.n16.n57            0                       (Unspecified)
system.ruby.network.ctrl_traffic_distribution.n16.n58            0                       (Unspecified)
system.ruby.network.ctrl_traffic_distribution.n16.n59            0                       (Unspecified)
system.ruby.network.ctrl_traffic_distribution.n16.n6            0                       (Unspecified)
system.ruby.network.ctrl_traffic_distribution.n16.n60            0                       (Unspecified)
system.ruby.network.ctrl_traffic_distribution.n16.n61            0                       (Unspecified)
system.ruby.network.ctrl_traffic_distribution.n16.n62            0                       (Unspecified)
system.ruby.network.ctrl_traffic_distribution.n16.n63            0                       (Unspecified)
system.ruby.network.ctrl_traffic_distribution.n16.n7            0                       (Unspecified)
system.ruby.network.ctrl_traffic_distribution.n16.n8            1                       (Unspecified)
system.ruby.network.ctrl_traffic_distribution.n16.n9            0                       (Unspecified)
system.ruby.network.ctrl_traffic_distribution.n17.n0            0                       (Unspecified)
system.ruby.network.ctrl_traffic_distribution.n17.n1            1                       (Unspecified)
system.ruby.network.ctrl_traffic_distribution.n17.n10            0                       (Unspecified)
system.ruby.network.ctrl_traffic_distribution.n17.n11            0                       (Unspecified)
system.ruby.network.ctrl_traffic_distribution.n17.n12            0                       (Unspecified)
system.ruby.network.ctrl_traffic_distribution.n17.n13            0                       (Unspecified)
system.ruby.network.ctrl_traffic_distribution.n17.n14            0                       (Unspecified)
system.ruby.network.ctrl_traffic_distribution.n17.n15            0                       (Unspecified)
system.ruby.network.ctrl_traffic_distribution.n17.n16            0                       (Unspecified)
system.ruby.network.ctrl_traffic_distribution.n17.n17            0                       (Unspecified)
system.ruby.network.ctrl_traffic_distribution.n17.n18            0                       (Unspecified)
system.ruby.network.ctrl_traffic_distribution.n17.n19            0                       (Unspecified)
system.ruby.network.ctrl_traffic_distribution.n17.n2            0                       (Unspecified)
system.ruby.network.ctrl_traffic_distribution.n17.n20            0                       (Unspecified)
system.ruby.network.ctrl_traffic_distribution.n17.n21            0                       (Unspecified)
system.ruby.network.ctrl_traffic_distribution.n17.n22            0                       (Unspecified)
system.ruby.network.ctrl_traffic_distribution.n17.n23            0                       (Unspecified)
system.ruby.network.ctrl_traffic_distribution.n17.n24            0                       (Unspecified)
system.ruby.network.ctrl_traffic_distribution.n17.n25            0                       (Unspecified)
system.ruby.network.ctrl_traffic_distribution.n17.n26            0                       (Unspecified)
system.ruby.network.ctrl_traffic_distribution.n17.n27            0                       (Unspecified)
system.ruby.network.ctrl_traffic_distribution.n17.n28            0                       (Unspecified)
system.ruby.network.ctrl_traffic_distribution.n17.n29            0                       (Unspecified)
system.ruby.network.ctrl_traffic_distribution.n17.n3            0                       (Unspecified)
system.ruby.network.ctrl_traffic_distribution.n17.n30            0                       (Unspecified)
system.ruby.network.ctrl_traffic_distribution.n17.n31            0                       (Unspecified)
system.ruby.network.ctrl_traffic_distribution.n17.n32            0                       (Unspecified)
system.ruby.network.ctrl_traffic_distribution.n17.n33            0                       (Unspecified)
system.ruby.network.ctrl_traffic_distribution.n17.n34            0                       (Unspecified)
system.ruby.network.ctrl_traffic_distribution.n17.n35            0                       (Unspecified)
system.ruby.network.ctrl_traffic_distribution.n17.n36            0                       (Unspecified)
system.ruby.network.ctrl_traffic_distribution.n17.n37            0                       (Unspecified)
system.ruby.network.ctrl_traffic_distribution.n17.n38            0                       (Unspecified)
system.ruby.network.ctrl_traffic_distribution.n17.n39            0                       (Unspecified)
system.ruby.network.ctrl_traffic_distribution.n17.n4            0                       (Unspecified)
system.ruby.network.ctrl_traffic_distribution.n17.n40            0                       (Unspecified)
system.ruby.network.ctrl_traffic_distribution.n17.n41            0                       (Unspecified)
system.ruby.network.ctrl_traffic_distribution.n17.n42            0                       (Unspecified)
system.ruby.network.ctrl_traffic_distribution.n17.n43            0                       (Unspecified)
system.ruby.network.ctrl_traffic_distribution.n17.n44            0                       (Unspecified)
system.ruby.network.ctrl_traffic_distribution.n17.n45            0                       (Unspecified)
system.ruby.network.ctrl_traffic_distribution.n17.n46            0                       (Unspecified)
system.ruby.network.ctrl_traffic_distribution.n17.n47            0                       (Unspecified)
system.ruby.network.ctrl_traffic_distribution.n17.n48            1                       (Unspecified)
system.ruby.network.ctrl_traffic_distribution.n17.n49            0                       (Unspecified)
system.ruby.network.ctrl_traffic_distribution.n17.n5            0                       (Unspecified)
system.ruby.network.ctrl_traffic_distribution.n17.n50            0                       (Unspecified)
system.ruby.network.ctrl_traffic_distribution.n17.n51            0                       (Unspecified)
system.ruby.network.ctrl_traffic_distribution.n17.n52            0                       (Unspecified)
system.ruby.network.ctrl_traffic_distribution.n17.n53            0                       (Unspecified)
system.ruby.network.ctrl_traffic_distribution.n17.n54            1                       (Unspecified)
system.ruby.network.ctrl_traffic_distribution.n17.n55            0                       (Unspecified)
system.ruby.network.ctrl_traffic_distribution.n17.n56            0                       (Unspecified)
system.ruby.network.ctrl_traffic_distribution.n17.n57            0                       (Unspecified)
system.ruby.network.ctrl_traffic_distribution.n17.n58            0                       (Unspecified)
system.ruby.network.ctrl_traffic_distribution.n17.n59            0                       (Unspecified)
system.ruby.network.ctrl_traffic_distribution.n17.n6            0                       (Unspecified)
system.ruby.network.ctrl_traffic_distribution.n17.n60            0                       (Unspecified)
system.ruby.network.ctrl_traffic_distribution.n17.n61            0                       (Unspecified)
system.ruby.network.ctrl_traffic_distribution.n17.n62            0                       (Unspecified)
system.ruby.network.ctrl_traffic_distribution.n17.n63            0                       (Unspecified)
system.ruby.network.ctrl_traffic_distribution.n17.n7            0                       (Unspecified)
system.ruby.network.ctrl_traffic_distribution.n17.n8            0                       (Unspecified)
system.ruby.network.ctrl_traffic_distribution.n17.n9            0                       (Unspecified)
system.ruby.network.ctrl_traffic_distribution.n18.n0            0                       (Unspecified)
system.ruby.network.ctrl_traffic_distribution.n18.n1            0                       (Unspecified)
system.ruby.network.ctrl_traffic_distribution.n18.n10            0                       (Unspecified)
system.ruby.network.ctrl_traffic_distribution.n18.n11            0                       (Unspecified)
system.ruby.network.ctrl_traffic_distribution.n18.n12            0                       (Unspecified)
system.ruby.network.ctrl_traffic_distribution.n18.n13            0                       (Unspecified)
system.ruby.network.ctrl_traffic_distribution.n18.n14            0                       (Unspecified)
system.ruby.network.ctrl_traffic_distribution.n18.n15            1                       (Unspecified)
system.ruby.network.ctrl_traffic_distribution.n18.n16            0                       (Unspecified)
system.ruby.network.ctrl_traffic_distribution.n18.n17            0                       (Unspecified)
system.ruby.network.ctrl_traffic_distribution.n18.n18            0                       (Unspecified)
system.ruby.network.ctrl_traffic_distribution.n18.n19            0                       (Unspecified)
system.ruby.network.ctrl_traffic_distribution.n18.n2            0                       (Unspecified)
system.ruby.network.ctrl_traffic_distribution.n18.n20            0                       (Unspecified)
system.ruby.network.ctrl_traffic_distribution.n18.n21            0                       (Unspecified)
system.ruby.network.ctrl_traffic_distribution.n18.n22            0                       (Unspecified)
system.ruby.network.ctrl_traffic_distribution.n18.n23            0                       (Unspecified)
system.ruby.network.ctrl_traffic_distribution.n18.n24            0                       (Unspecified)
system.ruby.network.ctrl_traffic_distribution.n18.n25            0                       (Unspecified)
system.ruby.network.ctrl_traffic_distribution.n18.n26            0                       (Unspecified)
system.ruby.network.ctrl_traffic_distribution.n18.n27            0                       (Unspecified)
system.ruby.network.ctrl_traffic_distribution.n18.n28            0                       (Unspecified)
system.ruby.network.ctrl_traffic_distribution.n18.n29            0                       (Unspecified)
system.ruby.network.ctrl_traffic_distribution.n18.n3            0                       (Unspecified)
system.ruby.network.ctrl_traffic_distribution.n18.n30            0                       (Unspecified)
system.ruby.network.ctrl_traffic_distribution.n18.n31            0                       (Unspecified)
system.ruby.network.ctrl_traffic_distribution.n18.n32            0                       (Unspecified)
system.ruby.network.ctrl_traffic_distribution.n18.n33            0                       (Unspecified)
system.ruby.network.ctrl_traffic_distribution.n18.n34            0                       (Unspecified)
system.ruby.network.ctrl_traffic_distribution.n18.n35            0                       (Unspecified)
system.ruby.network.ctrl_traffic_distribution.n18.n36            0                       (Unspecified)
system.ruby.network.ctrl_traffic_distribution.n18.n37            0                       (Unspecified)
system.ruby.network.ctrl_traffic_distribution.n18.n38            0                       (Unspecified)
system.ruby.network.ctrl_traffic_distribution.n18.n39            0                       (Unspecified)
system.ruby.network.ctrl_traffic_distribution.n18.n4            0                       (Unspecified)
system.ruby.network.ctrl_traffic_distribution.n18.n40            0                       (Unspecified)
system.ruby.network.ctrl_traffic_distribution.n18.n41            0                       (Unspecified)
system.ruby.network.ctrl_traffic_distribution.n18.n42            0                       (Unspecified)
system.ruby.network.ctrl_traffic_distribution.n18.n43            0                       (Unspecified)
system.ruby.network.ctrl_traffic_distribution.n18.n44            0                       (Unspecified)
system.ruby.network.ctrl_traffic_distribution.n18.n45            0                       (Unspecified)
system.ruby.network.ctrl_traffic_distribution.n18.n46            0                       (Unspecified)
system.ruby.network.ctrl_traffic_distribution.n18.n47            0                       (Unspecified)
system.ruby.network.ctrl_traffic_distribution.n18.n48            0                       (Unspecified)
system.ruby.network.ctrl_traffic_distribution.n18.n49            0                       (Unspecified)
system.ruby.network.ctrl_traffic_distribution.n18.n5            0                       (Unspecified)
system.ruby.network.ctrl_traffic_distribution.n18.n50            0                       (Unspecified)
system.ruby.network.ctrl_traffic_distribution.n18.n51            0                       (Unspecified)
system.ruby.network.ctrl_traffic_distribution.n18.n52            0                       (Unspecified)
system.ruby.network.ctrl_traffic_distribution.n18.n53            0                       (Unspecified)
system.ruby.network.ctrl_traffic_distribution.n18.n54            0                       (Unspecified)
system.ruby.network.ctrl_traffic_distribution.n18.n55            0                       (Unspecified)
system.ruby.network.ctrl_traffic_distribution.n18.n56            0                       (Unspecified)
system.ruby.network.ctrl_traffic_distribution.n18.n57            0                       (Unspecified)
system.ruby.network.ctrl_traffic_distribution.n18.n58            0                       (Unspecified)
system.ruby.network.ctrl_traffic_distribution.n18.n59            0                       (Unspecified)
system.ruby.network.ctrl_traffic_distribution.n18.n6            1                       (Unspecified)
system.ruby.network.ctrl_traffic_distribution.n18.n60            0                       (Unspecified)
system.ruby.network.ctrl_traffic_distribution.n18.n61            0                       (Unspecified)
system.ruby.network.ctrl_traffic_distribution.n18.n62            0                       (Unspecified)
system.ruby.network.ctrl_traffic_distribution.n18.n63            0                       (Unspecified)
system.ruby.network.ctrl_traffic_distribution.n18.n7            0                       (Unspecified)
system.ruby.network.ctrl_traffic_distribution.n18.n8            0                       (Unspecified)
system.ruby.network.ctrl_traffic_distribution.n18.n9            0                       (Unspecified)
system.ruby.network.ctrl_traffic_distribution.n19.n0            0                       (Unspecified)
system.ruby.network.ctrl_traffic_distribution.n19.n1            0                       (Unspecified)
system.ruby.network.ctrl_traffic_distribution.n19.n10            0                       (Unspecified)
system.ruby.network.ctrl_traffic_distribution.n19.n11            0                       (Unspecified)
system.ruby.network.ctrl_traffic_distribution.n19.n12            0                       (Unspecified)
system.ruby.network.ctrl_traffic_distribution.n19.n13            0                       (Unspecified)
system.ruby.network.ctrl_traffic_distribution.n19.n14            0                       (Unspecified)
system.ruby.network.ctrl_traffic_distribution.n19.n15            0                       (Unspecified)
system.ruby.network.ctrl_traffic_distribution.n19.n16            0                       (Unspecified)
system.ruby.network.ctrl_traffic_distribution.n19.n17            0                       (Unspecified)
system.ruby.network.ctrl_traffic_distribution.n19.n18            0                       (Unspecified)
system.ruby.network.ctrl_traffic_distribution.n19.n19            0                       (Unspecified)
system.ruby.network.ctrl_traffic_distribution.n19.n2            0                       (Unspecified)
system.ruby.network.ctrl_traffic_distribution.n19.n20            0                       (Unspecified)
system.ruby.network.ctrl_traffic_distribution.n19.n21            0                       (Unspecified)
system.ruby.network.ctrl_traffic_distribution.n19.n22            0                       (Unspecified)
system.ruby.network.ctrl_traffic_distribution.n19.n23            0                       (Unspecified)
system.ruby.network.ctrl_traffic_distribution.n19.n24            0                       (Unspecified)
system.ruby.network.ctrl_traffic_distribution.n19.n25            0                       (Unspecified)
system.ruby.network.ctrl_traffic_distribution.n19.n26            0                       (Unspecified)
system.ruby.network.ctrl_traffic_distribution.n19.n27            0                       (Unspecified)
system.ruby.network.ctrl_traffic_distribution.n19.n28            0                       (Unspecified)
system.ruby.network.ctrl_traffic_distribution.n19.n29            0                       (Unspecified)
system.ruby.network.ctrl_traffic_distribution.n19.n3            0                       (Unspecified)
system.ruby.network.ctrl_traffic_distribution.n19.n30            0                       (Unspecified)
system.ruby.network.ctrl_traffic_distribution.n19.n31            0                       (Unspecified)
system.ruby.network.ctrl_traffic_distribution.n19.n32            0                       (Unspecified)
system.ruby.network.ctrl_traffic_distribution.n19.n33            0                       (Unspecified)
system.ruby.network.ctrl_traffic_distribution.n19.n34            0                       (Unspecified)
system.ruby.network.ctrl_traffic_distribution.n19.n35            0                       (Unspecified)
system.ruby.network.ctrl_traffic_distribution.n19.n36            0                       (Unspecified)
system.ruby.network.ctrl_traffic_distribution.n19.n37            0                       (Unspecified)
system.ruby.network.ctrl_traffic_distribution.n19.n38            0                       (Unspecified)
system.ruby.network.ctrl_traffic_distribution.n19.n39            0                       (Unspecified)
system.ruby.network.ctrl_traffic_distribution.n19.n4            0                       (Unspecified)
system.ruby.network.ctrl_traffic_distribution.n19.n40            0                       (Unspecified)
system.ruby.network.ctrl_traffic_distribution.n19.n41            0                       (Unspecified)
system.ruby.network.ctrl_traffic_distribution.n19.n42            0                       (Unspecified)
system.ruby.network.ctrl_traffic_distribution.n19.n43            0                       (Unspecified)
system.ruby.network.ctrl_traffic_distribution.n19.n44            0                       (Unspecified)
system.ruby.network.ctrl_traffic_distribution.n19.n45            0                       (Unspecified)
system.ruby.network.ctrl_traffic_distribution.n19.n46            0                       (Unspecified)
system.ruby.network.ctrl_traffic_distribution.n19.n47            0                       (Unspecified)
system.ruby.network.ctrl_traffic_distribution.n19.n48            0                       (Unspecified)
system.ruby.network.ctrl_traffic_distribution.n19.n49            0                       (Unspecified)
system.ruby.network.ctrl_traffic_distribution.n19.n5            0                       (Unspecified)
system.ruby.network.ctrl_traffic_distribution.n19.n50            0                       (Unspecified)
system.ruby.network.ctrl_traffic_distribution.n19.n51            0                       (Unspecified)
system.ruby.network.ctrl_traffic_distribution.n19.n52            0                       (Unspecified)
system.ruby.network.ctrl_traffic_distribution.n19.n53            0                       (Unspecified)
system.ruby.network.ctrl_traffic_distribution.n19.n54            0                       (Unspecified)
system.ruby.network.ctrl_traffic_distribution.n19.n55            0                       (Unspecified)
system.ruby.network.ctrl_traffic_distribution.n19.n56            0                       (Unspecified)
system.ruby.network.ctrl_traffic_distribution.n19.n57            0                       (Unspecified)
system.ruby.network.ctrl_traffic_distribution.n19.n58            0                       (Unspecified)
system.ruby.network.ctrl_traffic_distribution.n19.n59            0                       (Unspecified)
system.ruby.network.ctrl_traffic_distribution.n19.n6            0                       (Unspecified)
system.ruby.network.ctrl_traffic_distribution.n19.n60            0                       (Unspecified)
system.ruby.network.ctrl_traffic_distribution.n19.n61            0                       (Unspecified)
system.ruby.network.ctrl_traffic_distribution.n19.n62            0                       (Unspecified)
system.ruby.network.ctrl_traffic_distribution.n19.n63            0                       (Unspecified)
system.ruby.network.ctrl_traffic_distribution.n19.n7            0                       (Unspecified)
system.ruby.network.ctrl_traffic_distribution.n19.n8            0                       (Unspecified)
system.ruby.network.ctrl_traffic_distribution.n19.n9            0                       (Unspecified)
system.ruby.network.ctrl_traffic_distribution.n2.n0            0                       (Unspecified)
system.ruby.network.ctrl_traffic_distribution.n2.n1            0                       (Unspecified)
system.ruby.network.ctrl_traffic_distribution.n2.n10            0                       (Unspecified)
system.ruby.network.ctrl_traffic_distribution.n2.n11            0                       (Unspecified)
system.ruby.network.ctrl_traffic_distribution.n2.n12            0                       (Unspecified)
system.ruby.network.ctrl_traffic_distribution.n2.n13            0                       (Unspecified)
system.ruby.network.ctrl_traffic_distribution.n2.n14            0                       (Unspecified)
system.ruby.network.ctrl_traffic_distribution.n2.n15            0                       (Unspecified)
system.ruby.network.ctrl_traffic_distribution.n2.n16            0                       (Unspecified)
system.ruby.network.ctrl_traffic_distribution.n2.n17            0                       (Unspecified)
system.ruby.network.ctrl_traffic_distribution.n2.n18            0                       (Unspecified)
system.ruby.network.ctrl_traffic_distribution.n2.n19            0                       (Unspecified)
system.ruby.network.ctrl_traffic_distribution.n2.n2            0                       (Unspecified)
system.ruby.network.ctrl_traffic_distribution.n2.n20            0                       (Unspecified)
system.ruby.network.ctrl_traffic_distribution.n2.n21            0                       (Unspecified)
system.ruby.network.ctrl_traffic_distribution.n2.n22            0                       (Unspecified)
system.ruby.network.ctrl_traffic_distribution.n2.n23            0                       (Unspecified)
system.ruby.network.ctrl_traffic_distribution.n2.n24            0                       (Unspecified)
system.ruby.network.ctrl_traffic_distribution.n2.n25            0                       (Unspecified)
system.ruby.network.ctrl_traffic_distribution.n2.n26            0                       (Unspecified)
system.ruby.network.ctrl_traffic_distribution.n2.n27            0                       (Unspecified)
system.ruby.network.ctrl_traffic_distribution.n2.n28            0                       (Unspecified)
system.ruby.network.ctrl_traffic_distribution.n2.n29            0                       (Unspecified)
system.ruby.network.ctrl_traffic_distribution.n2.n3            0                       (Unspecified)
system.ruby.network.ctrl_traffic_distribution.n2.n30            0                       (Unspecified)
system.ruby.network.ctrl_traffic_distribution.n2.n31            0                       (Unspecified)
system.ruby.network.ctrl_traffic_distribution.n2.n32            0                       (Unspecified)
system.ruby.network.ctrl_traffic_distribution.n2.n33            0                       (Unspecified)
system.ruby.network.ctrl_traffic_distribution.n2.n34            0                       (Unspecified)
system.ruby.network.ctrl_traffic_distribution.n2.n35            0                       (Unspecified)
system.ruby.network.ctrl_traffic_distribution.n2.n36            0                       (Unspecified)
system.ruby.network.ctrl_traffic_distribution.n2.n37            0                       (Unspecified)
system.ruby.network.ctrl_traffic_distribution.n2.n38            0                       (Unspecified)
system.ruby.network.ctrl_traffic_distribution.n2.n39            0                       (Unspecified)
system.ruby.network.ctrl_traffic_distribution.n2.n4            0                       (Unspecified)
system.ruby.network.ctrl_traffic_distribution.n2.n40            0                       (Unspecified)
system.ruby.network.ctrl_traffic_distribution.n2.n41            0                       (Unspecified)
system.ruby.network.ctrl_traffic_distribution.n2.n42            0                       (Unspecified)
system.ruby.network.ctrl_traffic_distribution.n2.n43            0                       (Unspecified)
system.ruby.network.ctrl_traffic_distribution.n2.n44            0                       (Unspecified)
system.ruby.network.ctrl_traffic_distribution.n2.n45            0                       (Unspecified)
system.ruby.network.ctrl_traffic_distribution.n2.n46            0                       (Unspecified)
system.ruby.network.ctrl_traffic_distribution.n2.n47            0                       (Unspecified)
system.ruby.network.ctrl_traffic_distribution.n2.n48            0                       (Unspecified)
system.ruby.network.ctrl_traffic_distribution.n2.n49            0                       (Unspecified)
system.ruby.network.ctrl_traffic_distribution.n2.n5            0                       (Unspecified)
system.ruby.network.ctrl_traffic_distribution.n2.n50            0                       (Unspecified)
system.ruby.network.ctrl_traffic_distribution.n2.n51            0                       (Unspecified)
system.ruby.network.ctrl_traffic_distribution.n2.n52            0                       (Unspecified)
system.ruby.network.ctrl_traffic_distribution.n2.n53            0                       (Unspecified)
system.ruby.network.ctrl_traffic_distribution.n2.n54            0                       (Unspecified)
system.ruby.network.ctrl_traffic_distribution.n2.n55            0                       (Unspecified)
system.ruby.network.ctrl_traffic_distribution.n2.n56            0                       (Unspecified)
system.ruby.network.ctrl_traffic_distribution.n2.n57            0                       (Unspecified)
system.ruby.network.ctrl_traffic_distribution.n2.n58            0                       (Unspecified)
system.ruby.network.ctrl_traffic_distribution.n2.n59            0                       (Unspecified)
system.ruby.network.ctrl_traffic_distribution.n2.n6            0                       (Unspecified)
system.ruby.network.ctrl_traffic_distribution.n2.n60            0                       (Unspecified)
system.ruby.network.ctrl_traffic_distribution.n2.n61            0                       (Unspecified)
system.ruby.network.ctrl_traffic_distribution.n2.n62            0                       (Unspecified)
system.ruby.network.ctrl_traffic_distribution.n2.n63            0                       (Unspecified)
system.ruby.network.ctrl_traffic_distribution.n2.n7            0                       (Unspecified)
system.ruby.network.ctrl_traffic_distribution.n2.n8            0                       (Unspecified)
system.ruby.network.ctrl_traffic_distribution.n2.n9            0                       (Unspecified)
system.ruby.network.ctrl_traffic_distribution.n20.n0            0                       (Unspecified)
system.ruby.network.ctrl_traffic_distribution.n20.n1            0                       (Unspecified)
system.ruby.network.ctrl_traffic_distribution.n20.n10            0                       (Unspecified)
system.ruby.network.ctrl_traffic_distribution.n20.n11            0                       (Unspecified)
system.ruby.network.ctrl_traffic_distribution.n20.n12            0                       (Unspecified)
system.ruby.network.ctrl_traffic_distribution.n20.n13            0                       (Unspecified)
system.ruby.network.ctrl_traffic_distribution.n20.n14            0                       (Unspecified)
system.ruby.network.ctrl_traffic_distribution.n20.n15            0                       (Unspecified)
system.ruby.network.ctrl_traffic_distribution.n20.n16            0                       (Unspecified)
system.ruby.network.ctrl_traffic_distribution.n20.n17            1                       (Unspecified)
system.ruby.network.ctrl_traffic_distribution.n20.n18            0                       (Unspecified)
system.ruby.network.ctrl_traffic_distribution.n20.n19            0                       (Unspecified)
system.ruby.network.ctrl_traffic_distribution.n20.n2            0                       (Unspecified)
system.ruby.network.ctrl_traffic_distribution.n20.n20            0                       (Unspecified)
system.ruby.network.ctrl_traffic_distribution.n20.n21            0                       (Unspecified)
system.ruby.network.ctrl_traffic_distribution.n20.n22            0                       (Unspecified)
system.ruby.network.ctrl_traffic_distribution.n20.n23            0                       (Unspecified)
system.ruby.network.ctrl_traffic_distribution.n20.n24            0                       (Unspecified)
system.ruby.network.ctrl_traffic_distribution.n20.n25            0                       (Unspecified)
system.ruby.network.ctrl_traffic_distribution.n20.n26            0                       (Unspecified)
system.ruby.network.ctrl_traffic_distribution.n20.n27            0                       (Unspecified)
system.ruby.network.ctrl_traffic_distribution.n20.n28            0                       (Unspecified)
system.ruby.network.ctrl_traffic_distribution.n20.n29            0                       (Unspecified)
system.ruby.network.ctrl_traffic_distribution.n20.n3            0                       (Unspecified)
system.ruby.network.ctrl_traffic_distribution.n20.n30            0                       (Unspecified)
system.ruby.network.ctrl_traffic_distribution.n20.n31            0                       (Unspecified)
system.ruby.network.ctrl_traffic_distribution.n20.n32            0                       (Unspecified)
system.ruby.network.ctrl_traffic_distribution.n20.n33            1                       (Unspecified)
system.ruby.network.ctrl_traffic_distribution.n20.n34            0                       (Unspecified)
system.ruby.network.ctrl_traffic_distribution.n20.n35            0                       (Unspecified)
system.ruby.network.ctrl_traffic_distribution.n20.n36            0                       (Unspecified)
system.ruby.network.ctrl_traffic_distribution.n20.n37            0                       (Unspecified)
system.ruby.network.ctrl_traffic_distribution.n20.n38            0                       (Unspecified)
system.ruby.network.ctrl_traffic_distribution.n20.n39            0                       (Unspecified)
system.ruby.network.ctrl_traffic_distribution.n20.n4            0                       (Unspecified)
system.ruby.network.ctrl_traffic_distribution.n20.n40            0                       (Unspecified)
system.ruby.network.ctrl_traffic_distribution.n20.n41            0                       (Unspecified)
system.ruby.network.ctrl_traffic_distribution.n20.n42            0                       (Unspecified)
system.ruby.network.ctrl_traffic_distribution.n20.n43            0                       (Unspecified)
system.ruby.network.ctrl_traffic_distribution.n20.n44            0                       (Unspecified)
system.ruby.network.ctrl_traffic_distribution.n20.n45            0                       (Unspecified)
system.ruby.network.ctrl_traffic_distribution.n20.n46            0                       (Unspecified)
system.ruby.network.ctrl_traffic_distribution.n20.n47            0                       (Unspecified)
system.ruby.network.ctrl_traffic_distribution.n20.n48            0                       (Unspecified)
system.ruby.network.ctrl_traffic_distribution.n20.n49            0                       (Unspecified)
system.ruby.network.ctrl_traffic_distribution.n20.n5            0                       (Unspecified)
system.ruby.network.ctrl_traffic_distribution.n20.n50            0                       (Unspecified)
system.ruby.network.ctrl_traffic_distribution.n20.n51            0                       (Unspecified)
system.ruby.network.ctrl_traffic_distribution.n20.n52            0                       (Unspecified)
system.ruby.network.ctrl_traffic_distribution.n20.n53            0                       (Unspecified)
system.ruby.network.ctrl_traffic_distribution.n20.n54            0                       (Unspecified)
system.ruby.network.ctrl_traffic_distribution.n20.n55            0                       (Unspecified)
system.ruby.network.ctrl_traffic_distribution.n20.n56            0                       (Unspecified)
system.ruby.network.ctrl_traffic_distribution.n20.n57            0                       (Unspecified)
system.ruby.network.ctrl_traffic_distribution.n20.n58            0                       (Unspecified)
system.ruby.network.ctrl_traffic_distribution.n20.n59            0                       (Unspecified)
system.ruby.network.ctrl_traffic_distribution.n20.n6            0                       (Unspecified)
system.ruby.network.ctrl_traffic_distribution.n20.n60            0                       (Unspecified)
system.ruby.network.ctrl_traffic_distribution.n20.n61            0                       (Unspecified)
system.ruby.network.ctrl_traffic_distribution.n20.n62            0                       (Unspecified)
system.ruby.network.ctrl_traffic_distribution.n20.n63            0                       (Unspecified)
system.ruby.network.ctrl_traffic_distribution.n20.n7            0                       (Unspecified)
system.ruby.network.ctrl_traffic_distribution.n20.n8            0                       (Unspecified)
system.ruby.network.ctrl_traffic_distribution.n20.n9            0                       (Unspecified)
system.ruby.network.ctrl_traffic_distribution.n21.n0            0                       (Unspecified)
system.ruby.network.ctrl_traffic_distribution.n21.n1            0                       (Unspecified)
system.ruby.network.ctrl_traffic_distribution.n21.n10            0                       (Unspecified)
system.ruby.network.ctrl_traffic_distribution.n21.n11            0                       (Unspecified)
system.ruby.network.ctrl_traffic_distribution.n21.n12            0                       (Unspecified)
system.ruby.network.ctrl_traffic_distribution.n21.n13            0                       (Unspecified)
system.ruby.network.ctrl_traffic_distribution.n21.n14            0                       (Unspecified)
system.ruby.network.ctrl_traffic_distribution.n21.n15            0                       (Unspecified)
system.ruby.network.ctrl_traffic_distribution.n21.n16            0                       (Unspecified)
system.ruby.network.ctrl_traffic_distribution.n21.n17            0                       (Unspecified)
system.ruby.network.ctrl_traffic_distribution.n21.n18            0                       (Unspecified)
system.ruby.network.ctrl_traffic_distribution.n21.n19            0                       (Unspecified)
system.ruby.network.ctrl_traffic_distribution.n21.n2            0                       (Unspecified)
system.ruby.network.ctrl_traffic_distribution.n21.n20            0                       (Unspecified)
system.ruby.network.ctrl_traffic_distribution.n21.n21            0                       (Unspecified)
system.ruby.network.ctrl_traffic_distribution.n21.n22            0                       (Unspecified)
system.ruby.network.ctrl_traffic_distribution.n21.n23            0                       (Unspecified)
system.ruby.network.ctrl_traffic_distribution.n21.n24            0                       (Unspecified)
system.ruby.network.ctrl_traffic_distribution.n21.n25            0                       (Unspecified)
system.ruby.network.ctrl_traffic_distribution.n21.n26            0                       (Unspecified)
system.ruby.network.ctrl_traffic_distribution.n21.n27            0                       (Unspecified)
system.ruby.network.ctrl_traffic_distribution.n21.n28            0                       (Unspecified)
system.ruby.network.ctrl_traffic_distribution.n21.n29            0                       (Unspecified)
system.ruby.network.ctrl_traffic_distribution.n21.n3            0                       (Unspecified)
system.ruby.network.ctrl_traffic_distribution.n21.n30            0                       (Unspecified)
system.ruby.network.ctrl_traffic_distribution.n21.n31            0                       (Unspecified)
system.ruby.network.ctrl_traffic_distribution.n21.n32            0                       (Unspecified)
system.ruby.network.ctrl_traffic_distribution.n21.n33            0                       (Unspecified)
system.ruby.network.ctrl_traffic_distribution.n21.n34            0                       (Unspecified)
system.ruby.network.ctrl_traffic_distribution.n21.n35            0                       (Unspecified)
system.ruby.network.ctrl_traffic_distribution.n21.n36            0                       (Unspecified)
system.ruby.network.ctrl_traffic_distribution.n21.n37            0                       (Unspecified)
system.ruby.network.ctrl_traffic_distribution.n21.n38            0                       (Unspecified)
system.ruby.network.ctrl_traffic_distribution.n21.n39            0                       (Unspecified)
system.ruby.network.ctrl_traffic_distribution.n21.n4            0                       (Unspecified)
system.ruby.network.ctrl_traffic_distribution.n21.n40            0                       (Unspecified)
system.ruby.network.ctrl_traffic_distribution.n21.n41            0                       (Unspecified)
system.ruby.network.ctrl_traffic_distribution.n21.n42            0                       (Unspecified)
system.ruby.network.ctrl_traffic_distribution.n21.n43            0                       (Unspecified)
system.ruby.network.ctrl_traffic_distribution.n21.n44            0                       (Unspecified)
system.ruby.network.ctrl_traffic_distribution.n21.n45            0                       (Unspecified)
system.ruby.network.ctrl_traffic_distribution.n21.n46            0                       (Unspecified)
system.ruby.network.ctrl_traffic_distribution.n21.n47            0                       (Unspecified)
system.ruby.network.ctrl_traffic_distribution.n21.n48            0                       (Unspecified)
system.ruby.network.ctrl_traffic_distribution.n21.n49            0                       (Unspecified)
system.ruby.network.ctrl_traffic_distribution.n21.n5            0                       (Unspecified)
system.ruby.network.ctrl_traffic_distribution.n21.n50            0                       (Unspecified)
system.ruby.network.ctrl_traffic_distribution.n21.n51            0                       (Unspecified)
system.ruby.network.ctrl_traffic_distribution.n21.n52            0                       (Unspecified)
system.ruby.network.ctrl_traffic_distribution.n21.n53            0                       (Unspecified)
system.ruby.network.ctrl_traffic_distribution.n21.n54            0                       (Unspecified)
system.ruby.network.ctrl_traffic_distribution.n21.n55            0                       (Unspecified)
system.ruby.network.ctrl_traffic_distribution.n21.n56            0                       (Unspecified)
system.ruby.network.ctrl_traffic_distribution.n21.n57            0                       (Unspecified)
system.ruby.network.ctrl_traffic_distribution.n21.n58            0                       (Unspecified)
system.ruby.network.ctrl_traffic_distribution.n21.n59            0                       (Unspecified)
system.ruby.network.ctrl_traffic_distribution.n21.n6            0                       (Unspecified)
system.ruby.network.ctrl_traffic_distribution.n21.n60            0                       (Unspecified)
system.ruby.network.ctrl_traffic_distribution.n21.n61            0                       (Unspecified)
system.ruby.network.ctrl_traffic_distribution.n21.n62            0                       (Unspecified)
system.ruby.network.ctrl_traffic_distribution.n21.n63            0                       (Unspecified)
system.ruby.network.ctrl_traffic_distribution.n21.n7            0                       (Unspecified)
system.ruby.network.ctrl_traffic_distribution.n21.n8            0                       (Unspecified)
system.ruby.network.ctrl_traffic_distribution.n21.n9            0                       (Unspecified)
system.ruby.network.ctrl_traffic_distribution.n22.n0            0                       (Unspecified)
system.ruby.network.ctrl_traffic_distribution.n22.n1            0                       (Unspecified)
system.ruby.network.ctrl_traffic_distribution.n22.n10            0                       (Unspecified)
system.ruby.network.ctrl_traffic_distribution.n22.n11            0                       (Unspecified)
system.ruby.network.ctrl_traffic_distribution.n22.n12            0                       (Unspecified)
system.ruby.network.ctrl_traffic_distribution.n22.n13            0                       (Unspecified)
system.ruby.network.ctrl_traffic_distribution.n22.n14            0                       (Unspecified)
system.ruby.network.ctrl_traffic_distribution.n22.n15            0                       (Unspecified)
system.ruby.network.ctrl_traffic_distribution.n22.n16            0                       (Unspecified)
system.ruby.network.ctrl_traffic_distribution.n22.n17            0                       (Unspecified)
system.ruby.network.ctrl_traffic_distribution.n22.n18            0                       (Unspecified)
system.ruby.network.ctrl_traffic_distribution.n22.n19            0                       (Unspecified)
system.ruby.network.ctrl_traffic_distribution.n22.n2            0                       (Unspecified)
system.ruby.network.ctrl_traffic_distribution.n22.n20            0                       (Unspecified)
system.ruby.network.ctrl_traffic_distribution.n22.n21            0                       (Unspecified)
system.ruby.network.ctrl_traffic_distribution.n22.n22            0                       (Unspecified)
system.ruby.network.ctrl_traffic_distribution.n22.n23            0                       (Unspecified)
system.ruby.network.ctrl_traffic_distribution.n22.n24            0                       (Unspecified)
system.ruby.network.ctrl_traffic_distribution.n22.n25            0                       (Unspecified)
system.ruby.network.ctrl_traffic_distribution.n22.n26            0                       (Unspecified)
system.ruby.network.ctrl_traffic_distribution.n22.n27            0                       (Unspecified)
system.ruby.network.ctrl_traffic_distribution.n22.n28            0                       (Unspecified)
system.ruby.network.ctrl_traffic_distribution.n22.n29            0                       (Unspecified)
system.ruby.network.ctrl_traffic_distribution.n22.n3            0                       (Unspecified)
system.ruby.network.ctrl_traffic_distribution.n22.n30            0                       (Unspecified)
system.ruby.network.ctrl_traffic_distribution.n22.n31            0                       (Unspecified)
system.ruby.network.ctrl_traffic_distribution.n22.n32            0                       (Unspecified)
system.ruby.network.ctrl_traffic_distribution.n22.n33            0                       (Unspecified)
system.ruby.network.ctrl_traffic_distribution.n22.n34            0                       (Unspecified)
system.ruby.network.ctrl_traffic_distribution.n22.n35            0                       (Unspecified)
system.ruby.network.ctrl_traffic_distribution.n22.n36            0                       (Unspecified)
system.ruby.network.ctrl_traffic_distribution.n22.n37            0                       (Unspecified)
system.ruby.network.ctrl_traffic_distribution.n22.n38            0                       (Unspecified)
system.ruby.network.ctrl_traffic_distribution.n22.n39            0                       (Unspecified)
system.ruby.network.ctrl_traffic_distribution.n22.n4            0                       (Unspecified)
system.ruby.network.ctrl_traffic_distribution.n22.n40            0                       (Unspecified)
system.ruby.network.ctrl_traffic_distribution.n22.n41            0                       (Unspecified)
system.ruby.network.ctrl_traffic_distribution.n22.n42            0                       (Unspecified)
system.ruby.network.ctrl_traffic_distribution.n22.n43            0                       (Unspecified)
system.ruby.network.ctrl_traffic_distribution.n22.n44            0                       (Unspecified)
system.ruby.network.ctrl_traffic_distribution.n22.n45            0                       (Unspecified)
system.ruby.network.ctrl_traffic_distribution.n22.n46            0                       (Unspecified)
system.ruby.network.ctrl_traffic_distribution.n22.n47            0                       (Unspecified)
system.ruby.network.ctrl_traffic_distribution.n22.n48            0                       (Unspecified)
system.ruby.network.ctrl_traffic_distribution.n22.n49            0                       (Unspecified)
system.ruby.network.ctrl_traffic_distribution.n22.n5            0                       (Unspecified)
system.ruby.network.ctrl_traffic_distribution.n22.n50            0                       (Unspecified)
system.ruby.network.ctrl_traffic_distribution.n22.n51            0                       (Unspecified)
system.ruby.network.ctrl_traffic_distribution.n22.n52            0                       (Unspecified)
system.ruby.network.ctrl_traffic_distribution.n22.n53            0                       (Unspecified)
system.ruby.network.ctrl_traffic_distribution.n22.n54            0                       (Unspecified)
system.ruby.network.ctrl_traffic_distribution.n22.n55            1                       (Unspecified)
system.ruby.network.ctrl_traffic_distribution.n22.n56            0                       (Unspecified)
system.ruby.network.ctrl_traffic_distribution.n22.n57            0                       (Unspecified)
system.ruby.network.ctrl_traffic_distribution.n22.n58            0                       (Unspecified)
system.ruby.network.ctrl_traffic_distribution.n22.n59            0                       (Unspecified)
system.ruby.network.ctrl_traffic_distribution.n22.n6            0                       (Unspecified)
system.ruby.network.ctrl_traffic_distribution.n22.n60            0                       (Unspecified)
system.ruby.network.ctrl_traffic_distribution.n22.n61            0                       (Unspecified)
system.ruby.network.ctrl_traffic_distribution.n22.n62            0                       (Unspecified)
system.ruby.network.ctrl_traffic_distribution.n22.n63            0                       (Unspecified)
system.ruby.network.ctrl_traffic_distribution.n22.n7            0                       (Unspecified)
system.ruby.network.ctrl_traffic_distribution.n22.n8            0                       (Unspecified)
system.ruby.network.ctrl_traffic_distribution.n22.n9            0                       (Unspecified)
system.ruby.network.ctrl_traffic_distribution.n23.n0            0                       (Unspecified)
system.ruby.network.ctrl_traffic_distribution.n23.n1            0                       (Unspecified)
system.ruby.network.ctrl_traffic_distribution.n23.n10            0                       (Unspecified)
system.ruby.network.ctrl_traffic_distribution.n23.n11            0                       (Unspecified)
system.ruby.network.ctrl_traffic_distribution.n23.n12            0                       (Unspecified)
system.ruby.network.ctrl_traffic_distribution.n23.n13            0                       (Unspecified)
system.ruby.network.ctrl_traffic_distribution.n23.n14            0                       (Unspecified)
system.ruby.network.ctrl_traffic_distribution.n23.n15            0                       (Unspecified)
system.ruby.network.ctrl_traffic_distribution.n23.n16            0                       (Unspecified)
system.ruby.network.ctrl_traffic_distribution.n23.n17            0                       (Unspecified)
system.ruby.network.ctrl_traffic_distribution.n23.n18            0                       (Unspecified)
system.ruby.network.ctrl_traffic_distribution.n23.n19            0                       (Unspecified)
system.ruby.network.ctrl_traffic_distribution.n23.n2            0                       (Unspecified)
system.ruby.network.ctrl_traffic_distribution.n23.n20            0                       (Unspecified)
system.ruby.network.ctrl_traffic_distribution.n23.n21            0                       (Unspecified)
system.ruby.network.ctrl_traffic_distribution.n23.n22            0                       (Unspecified)
system.ruby.network.ctrl_traffic_distribution.n23.n23            0                       (Unspecified)
system.ruby.network.ctrl_traffic_distribution.n23.n24            0                       (Unspecified)
system.ruby.network.ctrl_traffic_distribution.n23.n25            0                       (Unspecified)
system.ruby.network.ctrl_traffic_distribution.n23.n26            0                       (Unspecified)
system.ruby.network.ctrl_traffic_distribution.n23.n27            0                       (Unspecified)
system.ruby.network.ctrl_traffic_distribution.n23.n28            0                       (Unspecified)
system.ruby.network.ctrl_traffic_distribution.n23.n29            0                       (Unspecified)
system.ruby.network.ctrl_traffic_distribution.n23.n3            0                       (Unspecified)
system.ruby.network.ctrl_traffic_distribution.n23.n30            0                       (Unspecified)
system.ruby.network.ctrl_traffic_distribution.n23.n31            0                       (Unspecified)
system.ruby.network.ctrl_traffic_distribution.n23.n32            0                       (Unspecified)
system.ruby.network.ctrl_traffic_distribution.n23.n33            0                       (Unspecified)
system.ruby.network.ctrl_traffic_distribution.n23.n34            0                       (Unspecified)
system.ruby.network.ctrl_traffic_distribution.n23.n35            0                       (Unspecified)
system.ruby.network.ctrl_traffic_distribution.n23.n36            0                       (Unspecified)
system.ruby.network.ctrl_traffic_distribution.n23.n37            0                       (Unspecified)
system.ruby.network.ctrl_traffic_distribution.n23.n38            0                       (Unspecified)
system.ruby.network.ctrl_traffic_distribution.n23.n39            0                       (Unspecified)
system.ruby.network.ctrl_traffic_distribution.n23.n4            0                       (Unspecified)
system.ruby.network.ctrl_traffic_distribution.n23.n40            0                       (Unspecified)
system.ruby.network.ctrl_traffic_distribution.n23.n41            0                       (Unspecified)
system.ruby.network.ctrl_traffic_distribution.n23.n42            0                       (Unspecified)
system.ruby.network.ctrl_traffic_distribution.n23.n43            0                       (Unspecified)
system.ruby.network.ctrl_traffic_distribution.n23.n44            0                       (Unspecified)
system.ruby.network.ctrl_traffic_distribution.n23.n45            0                       (Unspecified)
system.ruby.network.ctrl_traffic_distribution.n23.n46            0                       (Unspecified)
system.ruby.network.ctrl_traffic_distribution.n23.n47            0                       (Unspecified)
system.ruby.network.ctrl_traffic_distribution.n23.n48            0                       (Unspecified)
system.ruby.network.ctrl_traffic_distribution.n23.n49            0                       (Unspecified)
system.ruby.network.ctrl_traffic_distribution.n23.n5            0                       (Unspecified)
system.ruby.network.ctrl_traffic_distribution.n23.n50            0                       (Unspecified)
system.ruby.network.ctrl_traffic_distribution.n23.n51            0                       (Unspecified)
system.ruby.network.ctrl_traffic_distribution.n23.n52            0                       (Unspecified)
system.ruby.network.ctrl_traffic_distribution.n23.n53            0                       (Unspecified)
system.ruby.network.ctrl_traffic_distribution.n23.n54            0                       (Unspecified)
system.ruby.network.ctrl_traffic_distribution.n23.n55            0                       (Unspecified)
system.ruby.network.ctrl_traffic_distribution.n23.n56            0                       (Unspecified)
system.ruby.network.ctrl_traffic_distribution.n23.n57            0                       (Unspecified)
system.ruby.network.ctrl_traffic_distribution.n23.n58            0                       (Unspecified)
system.ruby.network.ctrl_traffic_distribution.n23.n59            0                       (Unspecified)
system.ruby.network.ctrl_traffic_distribution.n23.n6            0                       (Unspecified)
system.ruby.network.ctrl_traffic_distribution.n23.n60            0                       (Unspecified)
system.ruby.network.ctrl_traffic_distribution.n23.n61            0                       (Unspecified)
system.ruby.network.ctrl_traffic_distribution.n23.n62            0                       (Unspecified)
system.ruby.network.ctrl_traffic_distribution.n23.n63            0                       (Unspecified)
system.ruby.network.ctrl_traffic_distribution.n23.n7            0                       (Unspecified)
system.ruby.network.ctrl_traffic_distribution.n23.n8            0                       (Unspecified)
system.ruby.network.ctrl_traffic_distribution.n23.n9            0                       (Unspecified)
system.ruby.network.ctrl_traffic_distribution.n24.n0            0                       (Unspecified)
system.ruby.network.ctrl_traffic_distribution.n24.n1            0                       (Unspecified)
system.ruby.network.ctrl_traffic_distribution.n24.n10            0                       (Unspecified)
system.ruby.network.ctrl_traffic_distribution.n24.n11            0                       (Unspecified)
system.ruby.network.ctrl_traffic_distribution.n24.n12            0                       (Unspecified)
system.ruby.network.ctrl_traffic_distribution.n24.n13            0                       (Unspecified)
system.ruby.network.ctrl_traffic_distribution.n24.n14            0                       (Unspecified)
system.ruby.network.ctrl_traffic_distribution.n24.n15            0                       (Unspecified)
system.ruby.network.ctrl_traffic_distribution.n24.n16            0                       (Unspecified)
system.ruby.network.ctrl_traffic_distribution.n24.n17            0                       (Unspecified)
system.ruby.network.ctrl_traffic_distribution.n24.n18            0                       (Unspecified)
system.ruby.network.ctrl_traffic_distribution.n24.n19            0                       (Unspecified)
system.ruby.network.ctrl_traffic_distribution.n24.n2            0                       (Unspecified)
system.ruby.network.ctrl_traffic_distribution.n24.n20            0                       (Unspecified)
system.ruby.network.ctrl_traffic_distribution.n24.n21            0                       (Unspecified)
system.ruby.network.ctrl_traffic_distribution.n24.n22            0                       (Unspecified)
system.ruby.network.ctrl_traffic_distribution.n24.n23            0                       (Unspecified)
system.ruby.network.ctrl_traffic_distribution.n24.n24            0                       (Unspecified)
system.ruby.network.ctrl_traffic_distribution.n24.n25            1                       (Unspecified)
system.ruby.network.ctrl_traffic_distribution.n24.n26            0                       (Unspecified)
system.ruby.network.ctrl_traffic_distribution.n24.n27            0                       (Unspecified)
system.ruby.network.ctrl_traffic_distribution.n24.n28            0                       (Unspecified)
system.ruby.network.ctrl_traffic_distribution.n24.n29            1                       (Unspecified)
system.ruby.network.ctrl_traffic_distribution.n24.n3            0                       (Unspecified)
system.ruby.network.ctrl_traffic_distribution.n24.n30            0                       (Unspecified)
system.ruby.network.ctrl_traffic_distribution.n24.n31            0                       (Unspecified)
system.ruby.network.ctrl_traffic_distribution.n24.n32            0                       (Unspecified)
system.ruby.network.ctrl_traffic_distribution.n24.n33            0                       (Unspecified)
system.ruby.network.ctrl_traffic_distribution.n24.n34            0                       (Unspecified)
system.ruby.network.ctrl_traffic_distribution.n24.n35            0                       (Unspecified)
system.ruby.network.ctrl_traffic_distribution.n24.n36            0                       (Unspecified)
system.ruby.network.ctrl_traffic_distribution.n24.n37            0                       (Unspecified)
system.ruby.network.ctrl_traffic_distribution.n24.n38            0                       (Unspecified)
system.ruby.network.ctrl_traffic_distribution.n24.n39            0                       (Unspecified)
system.ruby.network.ctrl_traffic_distribution.n24.n4            0                       (Unspecified)
system.ruby.network.ctrl_traffic_distribution.n24.n40            0                       (Unspecified)
system.ruby.network.ctrl_traffic_distribution.n24.n41            0                       (Unspecified)
system.ruby.network.ctrl_traffic_distribution.n24.n42            0                       (Unspecified)
system.ruby.network.ctrl_traffic_distribution.n24.n43            0                       (Unspecified)
system.ruby.network.ctrl_traffic_distribution.n24.n44            1                       (Unspecified)
system.ruby.network.ctrl_traffic_distribution.n24.n45            0                       (Unspecified)
system.ruby.network.ctrl_traffic_distribution.n24.n46            0                       (Unspecified)
system.ruby.network.ctrl_traffic_distribution.n24.n47            0                       (Unspecified)
system.ruby.network.ctrl_traffic_distribution.n24.n48            0                       (Unspecified)
system.ruby.network.ctrl_traffic_distribution.n24.n49            0                       (Unspecified)
system.ruby.network.ctrl_traffic_distribution.n24.n5            0                       (Unspecified)
system.ruby.network.ctrl_traffic_distribution.n24.n50            0                       (Unspecified)
system.ruby.network.ctrl_traffic_distribution.n24.n51            0                       (Unspecified)
system.ruby.network.ctrl_traffic_distribution.n24.n52            0                       (Unspecified)
system.ruby.network.ctrl_traffic_distribution.n24.n53            0                       (Unspecified)
system.ruby.network.ctrl_traffic_distribution.n24.n54            0                       (Unspecified)
system.ruby.network.ctrl_traffic_distribution.n24.n55            0                       (Unspecified)
system.ruby.network.ctrl_traffic_distribution.n24.n56            0                       (Unspecified)
system.ruby.network.ctrl_traffic_distribution.n24.n57            0                       (Unspecified)
system.ruby.network.ctrl_traffic_distribution.n24.n58            0                       (Unspecified)
system.ruby.network.ctrl_traffic_distribution.n24.n59            0                       (Unspecified)
system.ruby.network.ctrl_traffic_distribution.n24.n6            0                       (Unspecified)
system.ruby.network.ctrl_traffic_distribution.n24.n60            0                       (Unspecified)
system.ruby.network.ctrl_traffic_distribution.n24.n61            0                       (Unspecified)
system.ruby.network.ctrl_traffic_distribution.n24.n62            0                       (Unspecified)
system.ruby.network.ctrl_traffic_distribution.n24.n63            0                       (Unspecified)
system.ruby.network.ctrl_traffic_distribution.n24.n7            0                       (Unspecified)
system.ruby.network.ctrl_traffic_distribution.n24.n8            0                       (Unspecified)
system.ruby.network.ctrl_traffic_distribution.n24.n9            0                       (Unspecified)
system.ruby.network.ctrl_traffic_distribution.n25.n0            0                       (Unspecified)
system.ruby.network.ctrl_traffic_distribution.n25.n1            0                       (Unspecified)
system.ruby.network.ctrl_traffic_distribution.n25.n10            0                       (Unspecified)
system.ruby.network.ctrl_traffic_distribution.n25.n11            0                       (Unspecified)
system.ruby.network.ctrl_traffic_distribution.n25.n12            0                       (Unspecified)
system.ruby.network.ctrl_traffic_distribution.n25.n13            0                       (Unspecified)
system.ruby.network.ctrl_traffic_distribution.n25.n14            0                       (Unspecified)
system.ruby.network.ctrl_traffic_distribution.n25.n15            0                       (Unspecified)
system.ruby.network.ctrl_traffic_distribution.n25.n16            0                       (Unspecified)
system.ruby.network.ctrl_traffic_distribution.n25.n17            0                       (Unspecified)
system.ruby.network.ctrl_traffic_distribution.n25.n18            0                       (Unspecified)
system.ruby.network.ctrl_traffic_distribution.n25.n19            0                       (Unspecified)
system.ruby.network.ctrl_traffic_distribution.n25.n2            0                       (Unspecified)
system.ruby.network.ctrl_traffic_distribution.n25.n20            0                       (Unspecified)
system.ruby.network.ctrl_traffic_distribution.n25.n21            0                       (Unspecified)
system.ruby.network.ctrl_traffic_distribution.n25.n22            0                       (Unspecified)
system.ruby.network.ctrl_traffic_distribution.n25.n23            0                       (Unspecified)
system.ruby.network.ctrl_traffic_distribution.n25.n24            1                       (Unspecified)
system.ruby.network.ctrl_traffic_distribution.n25.n25            0                       (Unspecified)
system.ruby.network.ctrl_traffic_distribution.n25.n26            0                       (Unspecified)
system.ruby.network.ctrl_traffic_distribution.n25.n27            0                       (Unspecified)
system.ruby.network.ctrl_traffic_distribution.n25.n28            0                       (Unspecified)
system.ruby.network.ctrl_traffic_distribution.n25.n29            0                       (Unspecified)
system.ruby.network.ctrl_traffic_distribution.n25.n3            0                       (Unspecified)
system.ruby.network.ctrl_traffic_distribution.n25.n30            0                       (Unspecified)
system.ruby.network.ctrl_traffic_distribution.n25.n31            0                       (Unspecified)
system.ruby.network.ctrl_traffic_distribution.n25.n32            0                       (Unspecified)
system.ruby.network.ctrl_traffic_distribution.n25.n33            0                       (Unspecified)
system.ruby.network.ctrl_traffic_distribution.n25.n34            0                       (Unspecified)
system.ruby.network.ctrl_traffic_distribution.n25.n35            0                       (Unspecified)
system.ruby.network.ctrl_traffic_distribution.n25.n36            0                       (Unspecified)
system.ruby.network.ctrl_traffic_distribution.n25.n37            1                       (Unspecified)
system.ruby.network.ctrl_traffic_distribution.n25.n38            0                       (Unspecified)
system.ruby.network.ctrl_traffic_distribution.n25.n39            0                       (Unspecified)
system.ruby.network.ctrl_traffic_distribution.n25.n4            0                       (Unspecified)
system.ruby.network.ctrl_traffic_distribution.n25.n40            0                       (Unspecified)
system.ruby.network.ctrl_traffic_distribution.n25.n41            0                       (Unspecified)
system.ruby.network.ctrl_traffic_distribution.n25.n42            0                       (Unspecified)
system.ruby.network.ctrl_traffic_distribution.n25.n43            0                       (Unspecified)
system.ruby.network.ctrl_traffic_distribution.n25.n44            0                       (Unspecified)
system.ruby.network.ctrl_traffic_distribution.n25.n45            1                       (Unspecified)
system.ruby.network.ctrl_traffic_distribution.n25.n46            0                       (Unspecified)
system.ruby.network.ctrl_traffic_distribution.n25.n47            0                       (Unspecified)
system.ruby.network.ctrl_traffic_distribution.n25.n48            0                       (Unspecified)
system.ruby.network.ctrl_traffic_distribution.n25.n49            0                       (Unspecified)
system.ruby.network.ctrl_traffic_distribution.n25.n5            0                       (Unspecified)
system.ruby.network.ctrl_traffic_distribution.n25.n50            0                       (Unspecified)
system.ruby.network.ctrl_traffic_distribution.n25.n51            0                       (Unspecified)
system.ruby.network.ctrl_traffic_distribution.n25.n52            0                       (Unspecified)
system.ruby.network.ctrl_traffic_distribution.n25.n53            0                       (Unspecified)
system.ruby.network.ctrl_traffic_distribution.n25.n54            0                       (Unspecified)
system.ruby.network.ctrl_traffic_distribution.n25.n55            0                       (Unspecified)
system.ruby.network.ctrl_traffic_distribution.n25.n56            0                       (Unspecified)
system.ruby.network.ctrl_traffic_distribution.n25.n57            0                       (Unspecified)
system.ruby.network.ctrl_traffic_distribution.n25.n58            0                       (Unspecified)
system.ruby.network.ctrl_traffic_distribution.n25.n59            0                       (Unspecified)
system.ruby.network.ctrl_traffic_distribution.n25.n6            0                       (Unspecified)
system.ruby.network.ctrl_traffic_distribution.n25.n60            0                       (Unspecified)
system.ruby.network.ctrl_traffic_distribution.n25.n61            0                       (Unspecified)
system.ruby.network.ctrl_traffic_distribution.n25.n62            0                       (Unspecified)
system.ruby.network.ctrl_traffic_distribution.n25.n63            0                       (Unspecified)
system.ruby.network.ctrl_traffic_distribution.n25.n7            0                       (Unspecified)
system.ruby.network.ctrl_traffic_distribution.n25.n8            0                       (Unspecified)
system.ruby.network.ctrl_traffic_distribution.n25.n9            0                       (Unspecified)
system.ruby.network.ctrl_traffic_distribution.n26.n0            0                       (Unspecified)
system.ruby.network.ctrl_traffic_distribution.n26.n1            0                       (Unspecified)
system.ruby.network.ctrl_traffic_distribution.n26.n10            0                       (Unspecified)
system.ruby.network.ctrl_traffic_distribution.n26.n11            0                       (Unspecified)
system.ruby.network.ctrl_traffic_distribution.n26.n12            0                       (Unspecified)
system.ruby.network.ctrl_traffic_distribution.n26.n13            0                       (Unspecified)
system.ruby.network.ctrl_traffic_distribution.n26.n14            0                       (Unspecified)
system.ruby.network.ctrl_traffic_distribution.n26.n15            0                       (Unspecified)
system.ruby.network.ctrl_traffic_distribution.n26.n16            0                       (Unspecified)
system.ruby.network.ctrl_traffic_distribution.n26.n17            0                       (Unspecified)
system.ruby.network.ctrl_traffic_distribution.n26.n18            0                       (Unspecified)
system.ruby.network.ctrl_traffic_distribution.n26.n19            0                       (Unspecified)
system.ruby.network.ctrl_traffic_distribution.n26.n2            0                       (Unspecified)
system.ruby.network.ctrl_traffic_distribution.n26.n20            0                       (Unspecified)
system.ruby.network.ctrl_traffic_distribution.n26.n21            0                       (Unspecified)
system.ruby.network.ctrl_traffic_distribution.n26.n22            0                       (Unspecified)
system.ruby.network.ctrl_traffic_distribution.n26.n23            0                       (Unspecified)
system.ruby.network.ctrl_traffic_distribution.n26.n24            0                       (Unspecified)
system.ruby.network.ctrl_traffic_distribution.n26.n25            0                       (Unspecified)
system.ruby.network.ctrl_traffic_distribution.n26.n26            0                       (Unspecified)
system.ruby.network.ctrl_traffic_distribution.n26.n27            0                       (Unspecified)
system.ruby.network.ctrl_traffic_distribution.n26.n28            0                       (Unspecified)
system.ruby.network.ctrl_traffic_distribution.n26.n29            0                       (Unspecified)
system.ruby.network.ctrl_traffic_distribution.n26.n3            0                       (Unspecified)
system.ruby.network.ctrl_traffic_distribution.n26.n30            0                       (Unspecified)
system.ruby.network.ctrl_traffic_distribution.n26.n31            0                       (Unspecified)
system.ruby.network.ctrl_traffic_distribution.n26.n32            0                       (Unspecified)
system.ruby.network.ctrl_traffic_distribution.n26.n33            0                       (Unspecified)
system.ruby.network.ctrl_traffic_distribution.n26.n34            0                       (Unspecified)
system.ruby.network.ctrl_traffic_distribution.n26.n35            0                       (Unspecified)
system.ruby.network.ctrl_traffic_distribution.n26.n36            0                       (Unspecified)
system.ruby.network.ctrl_traffic_distribution.n26.n37            0                       (Unspecified)
system.ruby.network.ctrl_traffic_distribution.n26.n38            0                       (Unspecified)
system.ruby.network.ctrl_traffic_distribution.n26.n39            0                       (Unspecified)
system.ruby.network.ctrl_traffic_distribution.n26.n4            0                       (Unspecified)
system.ruby.network.ctrl_traffic_distribution.n26.n40            0                       (Unspecified)
system.ruby.network.ctrl_traffic_distribution.n26.n41            0                       (Unspecified)
system.ruby.network.ctrl_traffic_distribution.n26.n42            0                       (Unspecified)
system.ruby.network.ctrl_traffic_distribution.n26.n43            0                       (Unspecified)
system.ruby.network.ctrl_traffic_distribution.n26.n44            0                       (Unspecified)
system.ruby.network.ctrl_traffic_distribution.n26.n45            0                       (Unspecified)
system.ruby.network.ctrl_traffic_distribution.n26.n46            0                       (Unspecified)
system.ruby.network.ctrl_traffic_distribution.n26.n47            0                       (Unspecified)
system.ruby.network.ctrl_traffic_distribution.n26.n48            0                       (Unspecified)
system.ruby.network.ctrl_traffic_distribution.n26.n49            0                       (Unspecified)
system.ruby.network.ctrl_traffic_distribution.n26.n5            1                       (Unspecified)
system.ruby.network.ctrl_traffic_distribution.n26.n50            0                       (Unspecified)
system.ruby.network.ctrl_traffic_distribution.n26.n51            0                       (Unspecified)
system.ruby.network.ctrl_traffic_distribution.n26.n52            0                       (Unspecified)
system.ruby.network.ctrl_traffic_distribution.n26.n53            0                       (Unspecified)
system.ruby.network.ctrl_traffic_distribution.n26.n54            0                       (Unspecified)
system.ruby.network.ctrl_traffic_distribution.n26.n55            0                       (Unspecified)
system.ruby.network.ctrl_traffic_distribution.n26.n56            0                       (Unspecified)
system.ruby.network.ctrl_traffic_distribution.n26.n57            0                       (Unspecified)
system.ruby.network.ctrl_traffic_distribution.n26.n58            1                       (Unspecified)
system.ruby.network.ctrl_traffic_distribution.n26.n59            0                       (Unspecified)
system.ruby.network.ctrl_traffic_distribution.n26.n6            0                       (Unspecified)
system.ruby.network.ctrl_traffic_distribution.n26.n60            0                       (Unspecified)
system.ruby.network.ctrl_traffic_distribution.n26.n61            0                       (Unspecified)
system.ruby.network.ctrl_traffic_distribution.n26.n62            0                       (Unspecified)
system.ruby.network.ctrl_traffic_distribution.n26.n63            0                       (Unspecified)
system.ruby.network.ctrl_traffic_distribution.n26.n7            0                       (Unspecified)
system.ruby.network.ctrl_traffic_distribution.n26.n8            0                       (Unspecified)
system.ruby.network.ctrl_traffic_distribution.n26.n9            0                       (Unspecified)
system.ruby.network.ctrl_traffic_distribution.n27.n0            0                       (Unspecified)
system.ruby.network.ctrl_traffic_distribution.n27.n1            0                       (Unspecified)
system.ruby.network.ctrl_traffic_distribution.n27.n10            0                       (Unspecified)
system.ruby.network.ctrl_traffic_distribution.n27.n11            0                       (Unspecified)
system.ruby.network.ctrl_traffic_distribution.n27.n12            0                       (Unspecified)
system.ruby.network.ctrl_traffic_distribution.n27.n13            0                       (Unspecified)
system.ruby.network.ctrl_traffic_distribution.n27.n14            0                       (Unspecified)
system.ruby.network.ctrl_traffic_distribution.n27.n15            0                       (Unspecified)
system.ruby.network.ctrl_traffic_distribution.n27.n16            0                       (Unspecified)
system.ruby.network.ctrl_traffic_distribution.n27.n17            0                       (Unspecified)
system.ruby.network.ctrl_traffic_distribution.n27.n18            0                       (Unspecified)
system.ruby.network.ctrl_traffic_distribution.n27.n19            0                       (Unspecified)
system.ruby.network.ctrl_traffic_distribution.n27.n2            0                       (Unspecified)
system.ruby.network.ctrl_traffic_distribution.n27.n20            0                       (Unspecified)
system.ruby.network.ctrl_traffic_distribution.n27.n21            0                       (Unspecified)
system.ruby.network.ctrl_traffic_distribution.n27.n22            0                       (Unspecified)
system.ruby.network.ctrl_traffic_distribution.n27.n23            0                       (Unspecified)
system.ruby.network.ctrl_traffic_distribution.n27.n24            0                       (Unspecified)
system.ruby.network.ctrl_traffic_distribution.n27.n25            0                       (Unspecified)
system.ruby.network.ctrl_traffic_distribution.n27.n26            0                       (Unspecified)
system.ruby.network.ctrl_traffic_distribution.n27.n27            0                       (Unspecified)
system.ruby.network.ctrl_traffic_distribution.n27.n28            0                       (Unspecified)
system.ruby.network.ctrl_traffic_distribution.n27.n29            0                       (Unspecified)
system.ruby.network.ctrl_traffic_distribution.n27.n3            0                       (Unspecified)
system.ruby.network.ctrl_traffic_distribution.n27.n30            0                       (Unspecified)
system.ruby.network.ctrl_traffic_distribution.n27.n31            0                       (Unspecified)
system.ruby.network.ctrl_traffic_distribution.n27.n32            0                       (Unspecified)
system.ruby.network.ctrl_traffic_distribution.n27.n33            0                       (Unspecified)
system.ruby.network.ctrl_traffic_distribution.n27.n34            0                       (Unspecified)
system.ruby.network.ctrl_traffic_distribution.n27.n35            0                       (Unspecified)
system.ruby.network.ctrl_traffic_distribution.n27.n36            0                       (Unspecified)
system.ruby.network.ctrl_traffic_distribution.n27.n37            0                       (Unspecified)
system.ruby.network.ctrl_traffic_distribution.n27.n38            0                       (Unspecified)
system.ruby.network.ctrl_traffic_distribution.n27.n39            0                       (Unspecified)
system.ruby.network.ctrl_traffic_distribution.n27.n4            0                       (Unspecified)
system.ruby.network.ctrl_traffic_distribution.n27.n40            0                       (Unspecified)
system.ruby.network.ctrl_traffic_distribution.n27.n41            0                       (Unspecified)
system.ruby.network.ctrl_traffic_distribution.n27.n42            0                       (Unspecified)
system.ruby.network.ctrl_traffic_distribution.n27.n43            0                       (Unspecified)
system.ruby.network.ctrl_traffic_distribution.n27.n44            0                       (Unspecified)
system.ruby.network.ctrl_traffic_distribution.n27.n45            0                       (Unspecified)
system.ruby.network.ctrl_traffic_distribution.n27.n46            0                       (Unspecified)
system.ruby.network.ctrl_traffic_distribution.n27.n47            0                       (Unspecified)
system.ruby.network.ctrl_traffic_distribution.n27.n48            0                       (Unspecified)
system.ruby.network.ctrl_traffic_distribution.n27.n49            0                       (Unspecified)
system.ruby.network.ctrl_traffic_distribution.n27.n5            0                       (Unspecified)
system.ruby.network.ctrl_traffic_distribution.n27.n50            0                       (Unspecified)
system.ruby.network.ctrl_traffic_distribution.n27.n51            0                       (Unspecified)
system.ruby.network.ctrl_traffic_distribution.n27.n52            0                       (Unspecified)
system.ruby.network.ctrl_traffic_distribution.n27.n53            0                       (Unspecified)
system.ruby.network.ctrl_traffic_distribution.n27.n54            0                       (Unspecified)
system.ruby.network.ctrl_traffic_distribution.n27.n55            0                       (Unspecified)
system.ruby.network.ctrl_traffic_distribution.n27.n56            0                       (Unspecified)
system.ruby.network.ctrl_traffic_distribution.n27.n57            0                       (Unspecified)
system.ruby.network.ctrl_traffic_distribution.n27.n58            0                       (Unspecified)
system.ruby.network.ctrl_traffic_distribution.n27.n59            0                       (Unspecified)
system.ruby.network.ctrl_traffic_distribution.n27.n6            0                       (Unspecified)
system.ruby.network.ctrl_traffic_distribution.n27.n60            0                       (Unspecified)
system.ruby.network.ctrl_traffic_distribution.n27.n61            0                       (Unspecified)
system.ruby.network.ctrl_traffic_distribution.n27.n62            0                       (Unspecified)
system.ruby.network.ctrl_traffic_distribution.n27.n63            0                       (Unspecified)
system.ruby.network.ctrl_traffic_distribution.n27.n7            0                       (Unspecified)
system.ruby.network.ctrl_traffic_distribution.n27.n8            0                       (Unspecified)
system.ruby.network.ctrl_traffic_distribution.n27.n9            0                       (Unspecified)
system.ruby.network.ctrl_traffic_distribution.n28.n0            0                       (Unspecified)
system.ruby.network.ctrl_traffic_distribution.n28.n1            0                       (Unspecified)
system.ruby.network.ctrl_traffic_distribution.n28.n10            0                       (Unspecified)
system.ruby.network.ctrl_traffic_distribution.n28.n11            0                       (Unspecified)
system.ruby.network.ctrl_traffic_distribution.n28.n12            0                       (Unspecified)
system.ruby.network.ctrl_traffic_distribution.n28.n13            0                       (Unspecified)
system.ruby.network.ctrl_traffic_distribution.n28.n14            0                       (Unspecified)
system.ruby.network.ctrl_traffic_distribution.n28.n15            0                       (Unspecified)
system.ruby.network.ctrl_traffic_distribution.n28.n16            0                       (Unspecified)
system.ruby.network.ctrl_traffic_distribution.n28.n17            0                       (Unspecified)
system.ruby.network.ctrl_traffic_distribution.n28.n18            0                       (Unspecified)
system.ruby.network.ctrl_traffic_distribution.n28.n19            0                       (Unspecified)
system.ruby.network.ctrl_traffic_distribution.n28.n2            0                       (Unspecified)
system.ruby.network.ctrl_traffic_distribution.n28.n20            0                       (Unspecified)
system.ruby.network.ctrl_traffic_distribution.n28.n21            0                       (Unspecified)
system.ruby.network.ctrl_traffic_distribution.n28.n22            0                       (Unspecified)
system.ruby.network.ctrl_traffic_distribution.n28.n23            0                       (Unspecified)
system.ruby.network.ctrl_traffic_distribution.n28.n24            0                       (Unspecified)
system.ruby.network.ctrl_traffic_distribution.n28.n25            0                       (Unspecified)
system.ruby.network.ctrl_traffic_distribution.n28.n26            0                       (Unspecified)
system.ruby.network.ctrl_traffic_distribution.n28.n27            0                       (Unspecified)
system.ruby.network.ctrl_traffic_distribution.n28.n28            0                       (Unspecified)
system.ruby.network.ctrl_traffic_distribution.n28.n29            0                       (Unspecified)
system.ruby.network.ctrl_traffic_distribution.n28.n3            0                       (Unspecified)
system.ruby.network.ctrl_traffic_distribution.n28.n30            0                       (Unspecified)
system.ruby.network.ctrl_traffic_distribution.n28.n31            0                       (Unspecified)
system.ruby.network.ctrl_traffic_distribution.n28.n32            0                       (Unspecified)
system.ruby.network.ctrl_traffic_distribution.n28.n33            0                       (Unspecified)
system.ruby.network.ctrl_traffic_distribution.n28.n34            0                       (Unspecified)
system.ruby.network.ctrl_traffic_distribution.n28.n35            0                       (Unspecified)
system.ruby.network.ctrl_traffic_distribution.n28.n36            0                       (Unspecified)
system.ruby.network.ctrl_traffic_distribution.n28.n37            0                       (Unspecified)
system.ruby.network.ctrl_traffic_distribution.n28.n38            0                       (Unspecified)
system.ruby.network.ctrl_traffic_distribution.n28.n39            0                       (Unspecified)
system.ruby.network.ctrl_traffic_distribution.n28.n4            0                       (Unspecified)
system.ruby.network.ctrl_traffic_distribution.n28.n40            0                       (Unspecified)
system.ruby.network.ctrl_traffic_distribution.n28.n41            1                       (Unspecified)
system.ruby.network.ctrl_traffic_distribution.n28.n42            0                       (Unspecified)
system.ruby.network.ctrl_traffic_distribution.n28.n43            0                       (Unspecified)
system.ruby.network.ctrl_traffic_distribution.n28.n44            0                       (Unspecified)
system.ruby.network.ctrl_traffic_distribution.n28.n45            0                       (Unspecified)
system.ruby.network.ctrl_traffic_distribution.n28.n46            0                       (Unspecified)
system.ruby.network.ctrl_traffic_distribution.n28.n47            0                       (Unspecified)
system.ruby.network.ctrl_traffic_distribution.n28.n48            0                       (Unspecified)
system.ruby.network.ctrl_traffic_distribution.n28.n49            0                       (Unspecified)
system.ruby.network.ctrl_traffic_distribution.n28.n5            0                       (Unspecified)
system.ruby.network.ctrl_traffic_distribution.n28.n50            0                       (Unspecified)
system.ruby.network.ctrl_traffic_distribution.n28.n51            0                       (Unspecified)
system.ruby.network.ctrl_traffic_distribution.n28.n52            0                       (Unspecified)
system.ruby.network.ctrl_traffic_distribution.n28.n53            0                       (Unspecified)
system.ruby.network.ctrl_traffic_distribution.n28.n54            0                       (Unspecified)
system.ruby.network.ctrl_traffic_distribution.n28.n55            0                       (Unspecified)
system.ruby.network.ctrl_traffic_distribution.n28.n56            1                       (Unspecified)
system.ruby.network.ctrl_traffic_distribution.n28.n57            0                       (Unspecified)
system.ruby.network.ctrl_traffic_distribution.n28.n58            0                       (Unspecified)
system.ruby.network.ctrl_traffic_distribution.n28.n59            0                       (Unspecified)
system.ruby.network.ctrl_traffic_distribution.n28.n6            0                       (Unspecified)
system.ruby.network.ctrl_traffic_distribution.n28.n60            0                       (Unspecified)
system.ruby.network.ctrl_traffic_distribution.n28.n61            0                       (Unspecified)
system.ruby.network.ctrl_traffic_distribution.n28.n62            0                       (Unspecified)
system.ruby.network.ctrl_traffic_distribution.n28.n63            0                       (Unspecified)
system.ruby.network.ctrl_traffic_distribution.n28.n7            0                       (Unspecified)
system.ruby.network.ctrl_traffic_distribution.n28.n8            0                       (Unspecified)
system.ruby.network.ctrl_traffic_distribution.n28.n9            0                       (Unspecified)
system.ruby.network.ctrl_traffic_distribution.n29.n0            0                       (Unspecified)
system.ruby.network.ctrl_traffic_distribution.n29.n1            0                       (Unspecified)
system.ruby.network.ctrl_traffic_distribution.n29.n10            0                       (Unspecified)
system.ruby.network.ctrl_traffic_distribution.n29.n11            0                       (Unspecified)
system.ruby.network.ctrl_traffic_distribution.n29.n12            0                       (Unspecified)
system.ruby.network.ctrl_traffic_distribution.n29.n13            0                       (Unspecified)
system.ruby.network.ctrl_traffic_distribution.n29.n14            0                       (Unspecified)
system.ruby.network.ctrl_traffic_distribution.n29.n15            0                       (Unspecified)
system.ruby.network.ctrl_traffic_distribution.n29.n16            0                       (Unspecified)
system.ruby.network.ctrl_traffic_distribution.n29.n17            0                       (Unspecified)
system.ruby.network.ctrl_traffic_distribution.n29.n18            0                       (Unspecified)
system.ruby.network.ctrl_traffic_distribution.n29.n19            0                       (Unspecified)
system.ruby.network.ctrl_traffic_distribution.n29.n2            0                       (Unspecified)
system.ruby.network.ctrl_traffic_distribution.n29.n20            0                       (Unspecified)
system.ruby.network.ctrl_traffic_distribution.n29.n21            0                       (Unspecified)
system.ruby.network.ctrl_traffic_distribution.n29.n22            0                       (Unspecified)
system.ruby.network.ctrl_traffic_distribution.n29.n23            0                       (Unspecified)
system.ruby.network.ctrl_traffic_distribution.n29.n24            1                       (Unspecified)
system.ruby.network.ctrl_traffic_distribution.n29.n25            0                       (Unspecified)
system.ruby.network.ctrl_traffic_distribution.n29.n26            0                       (Unspecified)
system.ruby.network.ctrl_traffic_distribution.n29.n27            0                       (Unspecified)
system.ruby.network.ctrl_traffic_distribution.n29.n28            0                       (Unspecified)
system.ruby.network.ctrl_traffic_distribution.n29.n29            0                       (Unspecified)
system.ruby.network.ctrl_traffic_distribution.n29.n3            0                       (Unspecified)
system.ruby.network.ctrl_traffic_distribution.n29.n30            0                       (Unspecified)
system.ruby.network.ctrl_traffic_distribution.n29.n31            0                       (Unspecified)
system.ruby.network.ctrl_traffic_distribution.n29.n32            0                       (Unspecified)
system.ruby.network.ctrl_traffic_distribution.n29.n33            0                       (Unspecified)
system.ruby.network.ctrl_traffic_distribution.n29.n34            0                       (Unspecified)
system.ruby.network.ctrl_traffic_distribution.n29.n35            0                       (Unspecified)
system.ruby.network.ctrl_traffic_distribution.n29.n36            0                       (Unspecified)
system.ruby.network.ctrl_traffic_distribution.n29.n37            0                       (Unspecified)
system.ruby.network.ctrl_traffic_distribution.n29.n38            0                       (Unspecified)
system.ruby.network.ctrl_traffic_distribution.n29.n39            0                       (Unspecified)
system.ruby.network.ctrl_traffic_distribution.n29.n4            0                       (Unspecified)
system.ruby.network.ctrl_traffic_distribution.n29.n40            0                       (Unspecified)
system.ruby.network.ctrl_traffic_distribution.n29.n41            0                       (Unspecified)
system.ruby.network.ctrl_traffic_distribution.n29.n42            0                       (Unspecified)
system.ruby.network.ctrl_traffic_distribution.n29.n43            0                       (Unspecified)
system.ruby.network.ctrl_traffic_distribution.n29.n44            0                       (Unspecified)
system.ruby.network.ctrl_traffic_distribution.n29.n45            0                       (Unspecified)
system.ruby.network.ctrl_traffic_distribution.n29.n46            1                       (Unspecified)
system.ruby.network.ctrl_traffic_distribution.n29.n47            0                       (Unspecified)
system.ruby.network.ctrl_traffic_distribution.n29.n48            0                       (Unspecified)
system.ruby.network.ctrl_traffic_distribution.n29.n49            0                       (Unspecified)
system.ruby.network.ctrl_traffic_distribution.n29.n5            0                       (Unspecified)
system.ruby.network.ctrl_traffic_distribution.n29.n50            0                       (Unspecified)
system.ruby.network.ctrl_traffic_distribution.n29.n51            0                       (Unspecified)
system.ruby.network.ctrl_traffic_distribution.n29.n52            0                       (Unspecified)
system.ruby.network.ctrl_traffic_distribution.n29.n53            0                       (Unspecified)
system.ruby.network.ctrl_traffic_distribution.n29.n54            0                       (Unspecified)
system.ruby.network.ctrl_traffic_distribution.n29.n55            0                       (Unspecified)
system.ruby.network.ctrl_traffic_distribution.n29.n56            0                       (Unspecified)
system.ruby.network.ctrl_traffic_distribution.n29.n57            0                       (Unspecified)
system.ruby.network.ctrl_traffic_distribution.n29.n58            0                       (Unspecified)
system.ruby.network.ctrl_traffic_distribution.n29.n59            0                       (Unspecified)
system.ruby.network.ctrl_traffic_distribution.n29.n6            0                       (Unspecified)
system.ruby.network.ctrl_traffic_distribution.n29.n60            0                       (Unspecified)
system.ruby.network.ctrl_traffic_distribution.n29.n61            0                       (Unspecified)
system.ruby.network.ctrl_traffic_distribution.n29.n62            0                       (Unspecified)
system.ruby.network.ctrl_traffic_distribution.n29.n63            0                       (Unspecified)
system.ruby.network.ctrl_traffic_distribution.n29.n7            0                       (Unspecified)
system.ruby.network.ctrl_traffic_distribution.n29.n8            1                       (Unspecified)
system.ruby.network.ctrl_traffic_distribution.n29.n9            0                       (Unspecified)
system.ruby.network.ctrl_traffic_distribution.n3.n0            0                       (Unspecified)
system.ruby.network.ctrl_traffic_distribution.n3.n1            0                       (Unspecified)
system.ruby.network.ctrl_traffic_distribution.n3.n10            0                       (Unspecified)
system.ruby.network.ctrl_traffic_distribution.n3.n11            1                       (Unspecified)
system.ruby.network.ctrl_traffic_distribution.n3.n12            0                       (Unspecified)
system.ruby.network.ctrl_traffic_distribution.n3.n13            0                       (Unspecified)
system.ruby.network.ctrl_traffic_distribution.n3.n14            0                       (Unspecified)
system.ruby.network.ctrl_traffic_distribution.n3.n15            0                       (Unspecified)
system.ruby.network.ctrl_traffic_distribution.n3.n16            0                       (Unspecified)
system.ruby.network.ctrl_traffic_distribution.n3.n17            0                       (Unspecified)
system.ruby.network.ctrl_traffic_distribution.n3.n18            0                       (Unspecified)
system.ruby.network.ctrl_traffic_distribution.n3.n19            0                       (Unspecified)
system.ruby.network.ctrl_traffic_distribution.n3.n2            0                       (Unspecified)
system.ruby.network.ctrl_traffic_distribution.n3.n20            0                       (Unspecified)
system.ruby.network.ctrl_traffic_distribution.n3.n21            0                       (Unspecified)
system.ruby.network.ctrl_traffic_distribution.n3.n22            0                       (Unspecified)
system.ruby.network.ctrl_traffic_distribution.n3.n23            0                       (Unspecified)
system.ruby.network.ctrl_traffic_distribution.n3.n24            0                       (Unspecified)
system.ruby.network.ctrl_traffic_distribution.n3.n25            0                       (Unspecified)
system.ruby.network.ctrl_traffic_distribution.n3.n26            0                       (Unspecified)
system.ruby.network.ctrl_traffic_distribution.n3.n27            0                       (Unspecified)
system.ruby.network.ctrl_traffic_distribution.n3.n28            0                       (Unspecified)
system.ruby.network.ctrl_traffic_distribution.n3.n29            0                       (Unspecified)
system.ruby.network.ctrl_traffic_distribution.n3.n3            0                       (Unspecified)
system.ruby.network.ctrl_traffic_distribution.n3.n30            0                       (Unspecified)
system.ruby.network.ctrl_traffic_distribution.n3.n31            0                       (Unspecified)
system.ruby.network.ctrl_traffic_distribution.n3.n32            0                       (Unspecified)
system.ruby.network.ctrl_traffic_distribution.n3.n33            0                       (Unspecified)
system.ruby.network.ctrl_traffic_distribution.n3.n34            0                       (Unspecified)
system.ruby.network.ctrl_traffic_distribution.n3.n35            0                       (Unspecified)
system.ruby.network.ctrl_traffic_distribution.n3.n36            0                       (Unspecified)
system.ruby.network.ctrl_traffic_distribution.n3.n37            0                       (Unspecified)
system.ruby.network.ctrl_traffic_distribution.n3.n38            0                       (Unspecified)
system.ruby.network.ctrl_traffic_distribution.n3.n39            0                       (Unspecified)
system.ruby.network.ctrl_traffic_distribution.n3.n4            0                       (Unspecified)
system.ruby.network.ctrl_traffic_distribution.n3.n40            1                       (Unspecified)
system.ruby.network.ctrl_traffic_distribution.n3.n41            0                       (Unspecified)
system.ruby.network.ctrl_traffic_distribution.n3.n42            0                       (Unspecified)
system.ruby.network.ctrl_traffic_distribution.n3.n43            0                       (Unspecified)
system.ruby.network.ctrl_traffic_distribution.n3.n44            0                       (Unspecified)
system.ruby.network.ctrl_traffic_distribution.n3.n45            0                       (Unspecified)
system.ruby.network.ctrl_traffic_distribution.n3.n46            0                       (Unspecified)
system.ruby.network.ctrl_traffic_distribution.n3.n47            0                       (Unspecified)
system.ruby.network.ctrl_traffic_distribution.n3.n48            1                       (Unspecified)
system.ruby.network.ctrl_traffic_distribution.n3.n49            0                       (Unspecified)
system.ruby.network.ctrl_traffic_distribution.n3.n5            0                       (Unspecified)
system.ruby.network.ctrl_traffic_distribution.n3.n50            0                       (Unspecified)
system.ruby.network.ctrl_traffic_distribution.n3.n51            0                       (Unspecified)
system.ruby.network.ctrl_traffic_distribution.n3.n52            0                       (Unspecified)
system.ruby.network.ctrl_traffic_distribution.n3.n53            0                       (Unspecified)
system.ruby.network.ctrl_traffic_distribution.n3.n54            0                       (Unspecified)
system.ruby.network.ctrl_traffic_distribution.n3.n55            0                       (Unspecified)
system.ruby.network.ctrl_traffic_distribution.n3.n56            0                       (Unspecified)
system.ruby.network.ctrl_traffic_distribution.n3.n57            0                       (Unspecified)
system.ruby.network.ctrl_traffic_distribution.n3.n58            0                       (Unspecified)
system.ruby.network.ctrl_traffic_distribution.n3.n59            0                       (Unspecified)
system.ruby.network.ctrl_traffic_distribution.n3.n6            0                       (Unspecified)
system.ruby.network.ctrl_traffic_distribution.n3.n60            0                       (Unspecified)
system.ruby.network.ctrl_traffic_distribution.n3.n61            0                       (Unspecified)
system.ruby.network.ctrl_traffic_distribution.n3.n62            0                       (Unspecified)
system.ruby.network.ctrl_traffic_distribution.n3.n63            0                       (Unspecified)
system.ruby.network.ctrl_traffic_distribution.n3.n7            0                       (Unspecified)
system.ruby.network.ctrl_traffic_distribution.n3.n8            0                       (Unspecified)
system.ruby.network.ctrl_traffic_distribution.n3.n9            0                       (Unspecified)
system.ruby.network.ctrl_traffic_distribution.n30.n0            0                       (Unspecified)
system.ruby.network.ctrl_traffic_distribution.n30.n1            0                       (Unspecified)
system.ruby.network.ctrl_traffic_distribution.n30.n10            0                       (Unspecified)
system.ruby.network.ctrl_traffic_distribution.n30.n11            0                       (Unspecified)
system.ruby.network.ctrl_traffic_distribution.n30.n12            0                       (Unspecified)
system.ruby.network.ctrl_traffic_distribution.n30.n13            0                       (Unspecified)
system.ruby.network.ctrl_traffic_distribution.n30.n14            0                       (Unspecified)
system.ruby.network.ctrl_traffic_distribution.n30.n15            0                       (Unspecified)
system.ruby.network.ctrl_traffic_distribution.n30.n16            0                       (Unspecified)
system.ruby.network.ctrl_traffic_distribution.n30.n17            0                       (Unspecified)
system.ruby.network.ctrl_traffic_distribution.n30.n18            0                       (Unspecified)
system.ruby.network.ctrl_traffic_distribution.n30.n19            0                       (Unspecified)
system.ruby.network.ctrl_traffic_distribution.n30.n2            0                       (Unspecified)
system.ruby.network.ctrl_traffic_distribution.n30.n20            0                       (Unspecified)
system.ruby.network.ctrl_traffic_distribution.n30.n21            0                       (Unspecified)
system.ruby.network.ctrl_traffic_distribution.n30.n22            0                       (Unspecified)
system.ruby.network.ctrl_traffic_distribution.n30.n23            0                       (Unspecified)
system.ruby.network.ctrl_traffic_distribution.n30.n24            0                       (Unspecified)
system.ruby.network.ctrl_traffic_distribution.n30.n25            0                       (Unspecified)
system.ruby.network.ctrl_traffic_distribution.n30.n26            0                       (Unspecified)
system.ruby.network.ctrl_traffic_distribution.n30.n27            0                       (Unspecified)
system.ruby.network.ctrl_traffic_distribution.n30.n28            0                       (Unspecified)
system.ruby.network.ctrl_traffic_distribution.n30.n29            0                       (Unspecified)
system.ruby.network.ctrl_traffic_distribution.n30.n3            0                       (Unspecified)
system.ruby.network.ctrl_traffic_distribution.n30.n30            0                       (Unspecified)
system.ruby.network.ctrl_traffic_distribution.n30.n31            0                       (Unspecified)
system.ruby.network.ctrl_traffic_distribution.n30.n32            0                       (Unspecified)
system.ruby.network.ctrl_traffic_distribution.n30.n33            0                       (Unspecified)
system.ruby.network.ctrl_traffic_distribution.n30.n34            0                       (Unspecified)
system.ruby.network.ctrl_traffic_distribution.n30.n35            0                       (Unspecified)
system.ruby.network.ctrl_traffic_distribution.n30.n36            0                       (Unspecified)
system.ruby.network.ctrl_traffic_distribution.n30.n37            0                       (Unspecified)
system.ruby.network.ctrl_traffic_distribution.n30.n38            0                       (Unspecified)
system.ruby.network.ctrl_traffic_distribution.n30.n39            0                       (Unspecified)
system.ruby.network.ctrl_traffic_distribution.n30.n4            0                       (Unspecified)
system.ruby.network.ctrl_traffic_distribution.n30.n40            0                       (Unspecified)
system.ruby.network.ctrl_traffic_distribution.n30.n41            0                       (Unspecified)
system.ruby.network.ctrl_traffic_distribution.n30.n42            0                       (Unspecified)
system.ruby.network.ctrl_traffic_distribution.n30.n43            0                       (Unspecified)
system.ruby.network.ctrl_traffic_distribution.n30.n44            0                       (Unspecified)
system.ruby.network.ctrl_traffic_distribution.n30.n45            0                       (Unspecified)
system.ruby.network.ctrl_traffic_distribution.n30.n46            0                       (Unspecified)
system.ruby.network.ctrl_traffic_distribution.n30.n47            0                       (Unspecified)
system.ruby.network.ctrl_traffic_distribution.n30.n48            0                       (Unspecified)
system.ruby.network.ctrl_traffic_distribution.n30.n49            0                       (Unspecified)
system.ruby.network.ctrl_traffic_distribution.n30.n5            0                       (Unspecified)
system.ruby.network.ctrl_traffic_distribution.n30.n50            0                       (Unspecified)
system.ruby.network.ctrl_traffic_distribution.n30.n51            0                       (Unspecified)
system.ruby.network.ctrl_traffic_distribution.n30.n52            0                       (Unspecified)
system.ruby.network.ctrl_traffic_distribution.n30.n53            0                       (Unspecified)
system.ruby.network.ctrl_traffic_distribution.n30.n54            0                       (Unspecified)
system.ruby.network.ctrl_traffic_distribution.n30.n55            0                       (Unspecified)
system.ruby.network.ctrl_traffic_distribution.n30.n56            0                       (Unspecified)
system.ruby.network.ctrl_traffic_distribution.n30.n57            0                       (Unspecified)
system.ruby.network.ctrl_traffic_distribution.n30.n58            0                       (Unspecified)
system.ruby.network.ctrl_traffic_distribution.n30.n59            0                       (Unspecified)
system.ruby.network.ctrl_traffic_distribution.n30.n6            0                       (Unspecified)
system.ruby.network.ctrl_traffic_distribution.n30.n60            0                       (Unspecified)
system.ruby.network.ctrl_traffic_distribution.n30.n61            0                       (Unspecified)
system.ruby.network.ctrl_traffic_distribution.n30.n62            0                       (Unspecified)
system.ruby.network.ctrl_traffic_distribution.n30.n63            0                       (Unspecified)
system.ruby.network.ctrl_traffic_distribution.n30.n7            0                       (Unspecified)
system.ruby.network.ctrl_traffic_distribution.n30.n8            0                       (Unspecified)
system.ruby.network.ctrl_traffic_distribution.n30.n9            0                       (Unspecified)
system.ruby.network.ctrl_traffic_distribution.n31.n0            0                       (Unspecified)
system.ruby.network.ctrl_traffic_distribution.n31.n1            0                       (Unspecified)
system.ruby.network.ctrl_traffic_distribution.n31.n10            0                       (Unspecified)
system.ruby.network.ctrl_traffic_distribution.n31.n11            0                       (Unspecified)
system.ruby.network.ctrl_traffic_distribution.n31.n12            0                       (Unspecified)
system.ruby.network.ctrl_traffic_distribution.n31.n13            0                       (Unspecified)
system.ruby.network.ctrl_traffic_distribution.n31.n14            0                       (Unspecified)
system.ruby.network.ctrl_traffic_distribution.n31.n15            0                       (Unspecified)
system.ruby.network.ctrl_traffic_distribution.n31.n16            0                       (Unspecified)
system.ruby.network.ctrl_traffic_distribution.n31.n17            0                       (Unspecified)
system.ruby.network.ctrl_traffic_distribution.n31.n18            0                       (Unspecified)
system.ruby.network.ctrl_traffic_distribution.n31.n19            0                       (Unspecified)
system.ruby.network.ctrl_traffic_distribution.n31.n2            0                       (Unspecified)
system.ruby.network.ctrl_traffic_distribution.n31.n20            0                       (Unspecified)
system.ruby.network.ctrl_traffic_distribution.n31.n21            0                       (Unspecified)
system.ruby.network.ctrl_traffic_distribution.n31.n22            0                       (Unspecified)
system.ruby.network.ctrl_traffic_distribution.n31.n23            0                       (Unspecified)
system.ruby.network.ctrl_traffic_distribution.n31.n24            0                       (Unspecified)
system.ruby.network.ctrl_traffic_distribution.n31.n25            0                       (Unspecified)
system.ruby.network.ctrl_traffic_distribution.n31.n26            0                       (Unspecified)
system.ruby.network.ctrl_traffic_distribution.n31.n27            0                       (Unspecified)
system.ruby.network.ctrl_traffic_distribution.n31.n28            0                       (Unspecified)
system.ruby.network.ctrl_traffic_distribution.n31.n29            0                       (Unspecified)
system.ruby.network.ctrl_traffic_distribution.n31.n3            0                       (Unspecified)
system.ruby.network.ctrl_traffic_distribution.n31.n30            0                       (Unspecified)
system.ruby.network.ctrl_traffic_distribution.n31.n31            0                       (Unspecified)
system.ruby.network.ctrl_traffic_distribution.n31.n32            0                       (Unspecified)
system.ruby.network.ctrl_traffic_distribution.n31.n33            0                       (Unspecified)
system.ruby.network.ctrl_traffic_distribution.n31.n34            0                       (Unspecified)
system.ruby.network.ctrl_traffic_distribution.n31.n35            0                       (Unspecified)
system.ruby.network.ctrl_traffic_distribution.n31.n36            0                       (Unspecified)
system.ruby.network.ctrl_traffic_distribution.n31.n37            0                       (Unspecified)
system.ruby.network.ctrl_traffic_distribution.n31.n38            0                       (Unspecified)
system.ruby.network.ctrl_traffic_distribution.n31.n39            0                       (Unspecified)
system.ruby.network.ctrl_traffic_distribution.n31.n4            0                       (Unspecified)
system.ruby.network.ctrl_traffic_distribution.n31.n40            0                       (Unspecified)
system.ruby.network.ctrl_traffic_distribution.n31.n41            0                       (Unspecified)
system.ruby.network.ctrl_traffic_distribution.n31.n42            0                       (Unspecified)
system.ruby.network.ctrl_traffic_distribution.n31.n43            0                       (Unspecified)
system.ruby.network.ctrl_traffic_distribution.n31.n44            0                       (Unspecified)
system.ruby.network.ctrl_traffic_distribution.n31.n45            0                       (Unspecified)
system.ruby.network.ctrl_traffic_distribution.n31.n46            0                       (Unspecified)
system.ruby.network.ctrl_traffic_distribution.n31.n47            0                       (Unspecified)
system.ruby.network.ctrl_traffic_distribution.n31.n48            0                       (Unspecified)
system.ruby.network.ctrl_traffic_distribution.n31.n49            1                       (Unspecified)
system.ruby.network.ctrl_traffic_distribution.n31.n5            0                       (Unspecified)
system.ruby.network.ctrl_traffic_distribution.n31.n50            0                       (Unspecified)
system.ruby.network.ctrl_traffic_distribution.n31.n51            1                       (Unspecified)
system.ruby.network.ctrl_traffic_distribution.n31.n52            0                       (Unspecified)
system.ruby.network.ctrl_traffic_distribution.n31.n53            0                       (Unspecified)
system.ruby.network.ctrl_traffic_distribution.n31.n54            0                       (Unspecified)
system.ruby.network.ctrl_traffic_distribution.n31.n55            0                       (Unspecified)
system.ruby.network.ctrl_traffic_distribution.n31.n56            0                       (Unspecified)
system.ruby.network.ctrl_traffic_distribution.n31.n57            0                       (Unspecified)
system.ruby.network.ctrl_traffic_distribution.n31.n58            0                       (Unspecified)
system.ruby.network.ctrl_traffic_distribution.n31.n59            0                       (Unspecified)
system.ruby.network.ctrl_traffic_distribution.n31.n6            0                       (Unspecified)
system.ruby.network.ctrl_traffic_distribution.n31.n60            0                       (Unspecified)
system.ruby.network.ctrl_traffic_distribution.n31.n61            0                       (Unspecified)
system.ruby.network.ctrl_traffic_distribution.n31.n62            0                       (Unspecified)
system.ruby.network.ctrl_traffic_distribution.n31.n63            0                       (Unspecified)
system.ruby.network.ctrl_traffic_distribution.n31.n7            0                       (Unspecified)
system.ruby.network.ctrl_traffic_distribution.n31.n8            0                       (Unspecified)
system.ruby.network.ctrl_traffic_distribution.n31.n9            0                       (Unspecified)
system.ruby.network.ctrl_traffic_distribution.n32.n0            1                       (Unspecified)
system.ruby.network.ctrl_traffic_distribution.n32.n1            0                       (Unspecified)
system.ruby.network.ctrl_traffic_distribution.n32.n10            0                       (Unspecified)
system.ruby.network.ctrl_traffic_distribution.n32.n11            0                       (Unspecified)
system.ruby.network.ctrl_traffic_distribution.n32.n12            0                       (Unspecified)
system.ruby.network.ctrl_traffic_distribution.n32.n13            0                       (Unspecified)
system.ruby.network.ctrl_traffic_distribution.n32.n14            0                       (Unspecified)
system.ruby.network.ctrl_traffic_distribution.n32.n15            0                       (Unspecified)
system.ruby.network.ctrl_traffic_distribution.n32.n16            0                       (Unspecified)
system.ruby.network.ctrl_traffic_distribution.n32.n17            0                       (Unspecified)
system.ruby.network.ctrl_traffic_distribution.n32.n18            0                       (Unspecified)
system.ruby.network.ctrl_traffic_distribution.n32.n19            0                       (Unspecified)
system.ruby.network.ctrl_traffic_distribution.n32.n2            0                       (Unspecified)
system.ruby.network.ctrl_traffic_distribution.n32.n20            0                       (Unspecified)
system.ruby.network.ctrl_traffic_distribution.n32.n21            0                       (Unspecified)
system.ruby.network.ctrl_traffic_distribution.n32.n22            0                       (Unspecified)
system.ruby.network.ctrl_traffic_distribution.n32.n23            0                       (Unspecified)
system.ruby.network.ctrl_traffic_distribution.n32.n24            0                       (Unspecified)
system.ruby.network.ctrl_traffic_distribution.n32.n25            0                       (Unspecified)
system.ruby.network.ctrl_traffic_distribution.n32.n26            0                       (Unspecified)
system.ruby.network.ctrl_traffic_distribution.n32.n27            0                       (Unspecified)
system.ruby.network.ctrl_traffic_distribution.n32.n28            0                       (Unspecified)
system.ruby.network.ctrl_traffic_distribution.n32.n29            0                       (Unspecified)
system.ruby.network.ctrl_traffic_distribution.n32.n3            0                       (Unspecified)
system.ruby.network.ctrl_traffic_distribution.n32.n30            0                       (Unspecified)
system.ruby.network.ctrl_traffic_distribution.n32.n31            0                       (Unspecified)
system.ruby.network.ctrl_traffic_distribution.n32.n32            0                       (Unspecified)
system.ruby.network.ctrl_traffic_distribution.n32.n33            0                       (Unspecified)
system.ruby.network.ctrl_traffic_distribution.n32.n34            0                       (Unspecified)
system.ruby.network.ctrl_traffic_distribution.n32.n35            0                       (Unspecified)
system.ruby.network.ctrl_traffic_distribution.n32.n36            0                       (Unspecified)
system.ruby.network.ctrl_traffic_distribution.n32.n37            0                       (Unspecified)
system.ruby.network.ctrl_traffic_distribution.n32.n38            0                       (Unspecified)
system.ruby.network.ctrl_traffic_distribution.n32.n39            0                       (Unspecified)
system.ruby.network.ctrl_traffic_distribution.n32.n4            0                       (Unspecified)
system.ruby.network.ctrl_traffic_distribution.n32.n40            0                       (Unspecified)
system.ruby.network.ctrl_traffic_distribution.n32.n41            0                       (Unspecified)
system.ruby.network.ctrl_traffic_distribution.n32.n42            0                       (Unspecified)
system.ruby.network.ctrl_traffic_distribution.n32.n43            0                       (Unspecified)
system.ruby.network.ctrl_traffic_distribution.n32.n44            0                       (Unspecified)
system.ruby.network.ctrl_traffic_distribution.n32.n45            0                       (Unspecified)
system.ruby.network.ctrl_traffic_distribution.n32.n46            0                       (Unspecified)
system.ruby.network.ctrl_traffic_distribution.n32.n47            0                       (Unspecified)
system.ruby.network.ctrl_traffic_distribution.n32.n48            0                       (Unspecified)
system.ruby.network.ctrl_traffic_distribution.n32.n49            0                       (Unspecified)
system.ruby.network.ctrl_traffic_distribution.n32.n5            0                       (Unspecified)
system.ruby.network.ctrl_traffic_distribution.n32.n50            0                       (Unspecified)
system.ruby.network.ctrl_traffic_distribution.n32.n51            0                       (Unspecified)
system.ruby.network.ctrl_traffic_distribution.n32.n52            0                       (Unspecified)
system.ruby.network.ctrl_traffic_distribution.n32.n53            0                       (Unspecified)
system.ruby.network.ctrl_traffic_distribution.n32.n54            0                       (Unspecified)
system.ruby.network.ctrl_traffic_distribution.n32.n55            0                       (Unspecified)
system.ruby.network.ctrl_traffic_distribution.n32.n56            1                       (Unspecified)
system.ruby.network.ctrl_traffic_distribution.n32.n57            0                       (Unspecified)
system.ruby.network.ctrl_traffic_distribution.n32.n58            0                       (Unspecified)
system.ruby.network.ctrl_traffic_distribution.n32.n59            0                       (Unspecified)
system.ruby.network.ctrl_traffic_distribution.n32.n6            0                       (Unspecified)
system.ruby.network.ctrl_traffic_distribution.n32.n60            0                       (Unspecified)
system.ruby.network.ctrl_traffic_distribution.n32.n61            0                       (Unspecified)
system.ruby.network.ctrl_traffic_distribution.n32.n62            0                       (Unspecified)
system.ruby.network.ctrl_traffic_distribution.n32.n63            0                       (Unspecified)
system.ruby.network.ctrl_traffic_distribution.n32.n7            0                       (Unspecified)
system.ruby.network.ctrl_traffic_distribution.n32.n8            0                       (Unspecified)
system.ruby.network.ctrl_traffic_distribution.n32.n9            0                       (Unspecified)
system.ruby.network.ctrl_traffic_distribution.n33.n0            0                       (Unspecified)
system.ruby.network.ctrl_traffic_distribution.n33.n1            0                       (Unspecified)
system.ruby.network.ctrl_traffic_distribution.n33.n10            0                       (Unspecified)
system.ruby.network.ctrl_traffic_distribution.n33.n11            0                       (Unspecified)
system.ruby.network.ctrl_traffic_distribution.n33.n12            0                       (Unspecified)
system.ruby.network.ctrl_traffic_distribution.n33.n13            0                       (Unspecified)
system.ruby.network.ctrl_traffic_distribution.n33.n14            0                       (Unspecified)
system.ruby.network.ctrl_traffic_distribution.n33.n15            0                       (Unspecified)
system.ruby.network.ctrl_traffic_distribution.n33.n16            0                       (Unspecified)
system.ruby.network.ctrl_traffic_distribution.n33.n17            0                       (Unspecified)
system.ruby.network.ctrl_traffic_distribution.n33.n18            0                       (Unspecified)
system.ruby.network.ctrl_traffic_distribution.n33.n19            0                       (Unspecified)
system.ruby.network.ctrl_traffic_distribution.n33.n2            0                       (Unspecified)
system.ruby.network.ctrl_traffic_distribution.n33.n20            0                       (Unspecified)
system.ruby.network.ctrl_traffic_distribution.n33.n21            0                       (Unspecified)
system.ruby.network.ctrl_traffic_distribution.n33.n22            0                       (Unspecified)
system.ruby.network.ctrl_traffic_distribution.n33.n23            0                       (Unspecified)
system.ruby.network.ctrl_traffic_distribution.n33.n24            0                       (Unspecified)
system.ruby.network.ctrl_traffic_distribution.n33.n25            0                       (Unspecified)
system.ruby.network.ctrl_traffic_distribution.n33.n26            0                       (Unspecified)
system.ruby.network.ctrl_traffic_distribution.n33.n27            0                       (Unspecified)
system.ruby.network.ctrl_traffic_distribution.n33.n28            0                       (Unspecified)
system.ruby.network.ctrl_traffic_distribution.n33.n29            0                       (Unspecified)
system.ruby.network.ctrl_traffic_distribution.n33.n3            0                       (Unspecified)
system.ruby.network.ctrl_traffic_distribution.n33.n30            0                       (Unspecified)
system.ruby.network.ctrl_traffic_distribution.n33.n31            0                       (Unspecified)
system.ruby.network.ctrl_traffic_distribution.n33.n32            0                       (Unspecified)
system.ruby.network.ctrl_traffic_distribution.n33.n33            0                       (Unspecified)
system.ruby.network.ctrl_traffic_distribution.n33.n34            0                       (Unspecified)
system.ruby.network.ctrl_traffic_distribution.n33.n35            0                       (Unspecified)
system.ruby.network.ctrl_traffic_distribution.n33.n36            0                       (Unspecified)
system.ruby.network.ctrl_traffic_distribution.n33.n37            0                       (Unspecified)
system.ruby.network.ctrl_traffic_distribution.n33.n38            0                       (Unspecified)
system.ruby.network.ctrl_traffic_distribution.n33.n39            0                       (Unspecified)
system.ruby.network.ctrl_traffic_distribution.n33.n4            0                       (Unspecified)
system.ruby.network.ctrl_traffic_distribution.n33.n40            0                       (Unspecified)
system.ruby.network.ctrl_traffic_distribution.n33.n41            0                       (Unspecified)
system.ruby.network.ctrl_traffic_distribution.n33.n42            0                       (Unspecified)
system.ruby.network.ctrl_traffic_distribution.n33.n43            0                       (Unspecified)
system.ruby.network.ctrl_traffic_distribution.n33.n44            0                       (Unspecified)
system.ruby.network.ctrl_traffic_distribution.n33.n45            0                       (Unspecified)
system.ruby.network.ctrl_traffic_distribution.n33.n46            0                       (Unspecified)
system.ruby.network.ctrl_traffic_distribution.n33.n47            0                       (Unspecified)
system.ruby.network.ctrl_traffic_distribution.n33.n48            0                       (Unspecified)
system.ruby.network.ctrl_traffic_distribution.n33.n49            0                       (Unspecified)
system.ruby.network.ctrl_traffic_distribution.n33.n5            0                       (Unspecified)
system.ruby.network.ctrl_traffic_distribution.n33.n50            0                       (Unspecified)
system.ruby.network.ctrl_traffic_distribution.n33.n51            0                       (Unspecified)
system.ruby.network.ctrl_traffic_distribution.n33.n52            0                       (Unspecified)
system.ruby.network.ctrl_traffic_distribution.n33.n53            0                       (Unspecified)
system.ruby.network.ctrl_traffic_distribution.n33.n54            0                       (Unspecified)
system.ruby.network.ctrl_traffic_distribution.n33.n55            0                       (Unspecified)
system.ruby.network.ctrl_traffic_distribution.n33.n56            0                       (Unspecified)
system.ruby.network.ctrl_traffic_distribution.n33.n57            0                       (Unspecified)
system.ruby.network.ctrl_traffic_distribution.n33.n58            0                       (Unspecified)
system.ruby.network.ctrl_traffic_distribution.n33.n59            0                       (Unspecified)
system.ruby.network.ctrl_traffic_distribution.n33.n6            0                       (Unspecified)
system.ruby.network.ctrl_traffic_distribution.n33.n60            0                       (Unspecified)
system.ruby.network.ctrl_traffic_distribution.n33.n61            0                       (Unspecified)
system.ruby.network.ctrl_traffic_distribution.n33.n62            0                       (Unspecified)
system.ruby.network.ctrl_traffic_distribution.n33.n63            0                       (Unspecified)
system.ruby.network.ctrl_traffic_distribution.n33.n7            0                       (Unspecified)
system.ruby.network.ctrl_traffic_distribution.n33.n8            0                       (Unspecified)
system.ruby.network.ctrl_traffic_distribution.n33.n9            0                       (Unspecified)
system.ruby.network.ctrl_traffic_distribution.n34.n0            0                       (Unspecified)
system.ruby.network.ctrl_traffic_distribution.n34.n1            0                       (Unspecified)
system.ruby.network.ctrl_traffic_distribution.n34.n10            0                       (Unspecified)
system.ruby.network.ctrl_traffic_distribution.n34.n11            0                       (Unspecified)
system.ruby.network.ctrl_traffic_distribution.n34.n12            0                       (Unspecified)
system.ruby.network.ctrl_traffic_distribution.n34.n13            0                       (Unspecified)
system.ruby.network.ctrl_traffic_distribution.n34.n14            0                       (Unspecified)
system.ruby.network.ctrl_traffic_distribution.n34.n15            0                       (Unspecified)
system.ruby.network.ctrl_traffic_distribution.n34.n16            0                       (Unspecified)
system.ruby.network.ctrl_traffic_distribution.n34.n17            0                       (Unspecified)
system.ruby.network.ctrl_traffic_distribution.n34.n18            0                       (Unspecified)
system.ruby.network.ctrl_traffic_distribution.n34.n19            0                       (Unspecified)
system.ruby.network.ctrl_traffic_distribution.n34.n2            0                       (Unspecified)
system.ruby.network.ctrl_traffic_distribution.n34.n20            0                       (Unspecified)
system.ruby.network.ctrl_traffic_distribution.n34.n21            0                       (Unspecified)
system.ruby.network.ctrl_traffic_distribution.n34.n22            0                       (Unspecified)
system.ruby.network.ctrl_traffic_distribution.n34.n23            0                       (Unspecified)
system.ruby.network.ctrl_traffic_distribution.n34.n24            0                       (Unspecified)
system.ruby.network.ctrl_traffic_distribution.n34.n25            0                       (Unspecified)
system.ruby.network.ctrl_traffic_distribution.n34.n26            0                       (Unspecified)
system.ruby.network.ctrl_traffic_distribution.n34.n27            0                       (Unspecified)
system.ruby.network.ctrl_traffic_distribution.n34.n28            0                       (Unspecified)
system.ruby.network.ctrl_traffic_distribution.n34.n29            0                       (Unspecified)
system.ruby.network.ctrl_traffic_distribution.n34.n3            0                       (Unspecified)
system.ruby.network.ctrl_traffic_distribution.n34.n30            0                       (Unspecified)
system.ruby.network.ctrl_traffic_distribution.n34.n31            0                       (Unspecified)
system.ruby.network.ctrl_traffic_distribution.n34.n32            0                       (Unspecified)
system.ruby.network.ctrl_traffic_distribution.n34.n33            0                       (Unspecified)
system.ruby.network.ctrl_traffic_distribution.n34.n34            0                       (Unspecified)
system.ruby.network.ctrl_traffic_distribution.n34.n35            0                       (Unspecified)
system.ruby.network.ctrl_traffic_distribution.n34.n36            0                       (Unspecified)
system.ruby.network.ctrl_traffic_distribution.n34.n37            0                       (Unspecified)
system.ruby.network.ctrl_traffic_distribution.n34.n38            0                       (Unspecified)
system.ruby.network.ctrl_traffic_distribution.n34.n39            0                       (Unspecified)
system.ruby.network.ctrl_traffic_distribution.n34.n4            0                       (Unspecified)
system.ruby.network.ctrl_traffic_distribution.n34.n40            0                       (Unspecified)
system.ruby.network.ctrl_traffic_distribution.n34.n41            0                       (Unspecified)
system.ruby.network.ctrl_traffic_distribution.n34.n42            0                       (Unspecified)
system.ruby.network.ctrl_traffic_distribution.n34.n43            0                       (Unspecified)
system.ruby.network.ctrl_traffic_distribution.n34.n44            0                       (Unspecified)
system.ruby.network.ctrl_traffic_distribution.n34.n45            0                       (Unspecified)
system.ruby.network.ctrl_traffic_distribution.n34.n46            0                       (Unspecified)
system.ruby.network.ctrl_traffic_distribution.n34.n47            0                       (Unspecified)
system.ruby.network.ctrl_traffic_distribution.n34.n48            0                       (Unspecified)
system.ruby.network.ctrl_traffic_distribution.n34.n49            0                       (Unspecified)
system.ruby.network.ctrl_traffic_distribution.n34.n5            0                       (Unspecified)
system.ruby.network.ctrl_traffic_distribution.n34.n50            0                       (Unspecified)
system.ruby.network.ctrl_traffic_distribution.n34.n51            0                       (Unspecified)
system.ruby.network.ctrl_traffic_distribution.n34.n52            0                       (Unspecified)
system.ruby.network.ctrl_traffic_distribution.n34.n53            0                       (Unspecified)
system.ruby.network.ctrl_traffic_distribution.n34.n54            0                       (Unspecified)
system.ruby.network.ctrl_traffic_distribution.n34.n55            0                       (Unspecified)
system.ruby.network.ctrl_traffic_distribution.n34.n56            0                       (Unspecified)
system.ruby.network.ctrl_traffic_distribution.n34.n57            0                       (Unspecified)
system.ruby.network.ctrl_traffic_distribution.n34.n58            0                       (Unspecified)
system.ruby.network.ctrl_traffic_distribution.n34.n59            0                       (Unspecified)
system.ruby.network.ctrl_traffic_distribution.n34.n6            0                       (Unspecified)
system.ruby.network.ctrl_traffic_distribution.n34.n60            0                       (Unspecified)
system.ruby.network.ctrl_traffic_distribution.n34.n61            0                       (Unspecified)
system.ruby.network.ctrl_traffic_distribution.n34.n62            0                       (Unspecified)
system.ruby.network.ctrl_traffic_distribution.n34.n63            0                       (Unspecified)
system.ruby.network.ctrl_traffic_distribution.n34.n7            0                       (Unspecified)
system.ruby.network.ctrl_traffic_distribution.n34.n8            0                       (Unspecified)
system.ruby.network.ctrl_traffic_distribution.n34.n9            0                       (Unspecified)
system.ruby.network.ctrl_traffic_distribution.n35.n0            0                       (Unspecified)
system.ruby.network.ctrl_traffic_distribution.n35.n1            0                       (Unspecified)
system.ruby.network.ctrl_traffic_distribution.n35.n10            0                       (Unspecified)
system.ruby.network.ctrl_traffic_distribution.n35.n11            0                       (Unspecified)
system.ruby.network.ctrl_traffic_distribution.n35.n12            0                       (Unspecified)
system.ruby.network.ctrl_traffic_distribution.n35.n13            0                       (Unspecified)
system.ruby.network.ctrl_traffic_distribution.n35.n14            0                       (Unspecified)
system.ruby.network.ctrl_traffic_distribution.n35.n15            0                       (Unspecified)
system.ruby.network.ctrl_traffic_distribution.n35.n16            0                       (Unspecified)
system.ruby.network.ctrl_traffic_distribution.n35.n17            0                       (Unspecified)
system.ruby.network.ctrl_traffic_distribution.n35.n18            0                       (Unspecified)
system.ruby.network.ctrl_traffic_distribution.n35.n19            0                       (Unspecified)
system.ruby.network.ctrl_traffic_distribution.n35.n2            0                       (Unspecified)
system.ruby.network.ctrl_traffic_distribution.n35.n20            0                       (Unspecified)
system.ruby.network.ctrl_traffic_distribution.n35.n21            0                       (Unspecified)
system.ruby.network.ctrl_traffic_distribution.n35.n22            0                       (Unspecified)
system.ruby.network.ctrl_traffic_distribution.n35.n23            0                       (Unspecified)
system.ruby.network.ctrl_traffic_distribution.n35.n24            0                       (Unspecified)
system.ruby.network.ctrl_traffic_distribution.n35.n25            0                       (Unspecified)
system.ruby.network.ctrl_traffic_distribution.n35.n26            0                       (Unspecified)
system.ruby.network.ctrl_traffic_distribution.n35.n27            0                       (Unspecified)
system.ruby.network.ctrl_traffic_distribution.n35.n28            0                       (Unspecified)
system.ruby.network.ctrl_traffic_distribution.n35.n29            0                       (Unspecified)
system.ruby.network.ctrl_traffic_distribution.n35.n3            0                       (Unspecified)
system.ruby.network.ctrl_traffic_distribution.n35.n30            0                       (Unspecified)
system.ruby.network.ctrl_traffic_distribution.n35.n31            0                       (Unspecified)
system.ruby.network.ctrl_traffic_distribution.n35.n32            0                       (Unspecified)
system.ruby.network.ctrl_traffic_distribution.n35.n33            0                       (Unspecified)
system.ruby.network.ctrl_traffic_distribution.n35.n34            0                       (Unspecified)
system.ruby.network.ctrl_traffic_distribution.n35.n35            0                       (Unspecified)
system.ruby.network.ctrl_traffic_distribution.n35.n36            0                       (Unspecified)
system.ruby.network.ctrl_traffic_distribution.n35.n37            0                       (Unspecified)
system.ruby.network.ctrl_traffic_distribution.n35.n38            0                       (Unspecified)
system.ruby.network.ctrl_traffic_distribution.n35.n39            0                       (Unspecified)
system.ruby.network.ctrl_traffic_distribution.n35.n4            0                       (Unspecified)
system.ruby.network.ctrl_traffic_distribution.n35.n40            0                       (Unspecified)
system.ruby.network.ctrl_traffic_distribution.n35.n41            0                       (Unspecified)
system.ruby.network.ctrl_traffic_distribution.n35.n42            0                       (Unspecified)
system.ruby.network.ctrl_traffic_distribution.n35.n43            0                       (Unspecified)
system.ruby.network.ctrl_traffic_distribution.n35.n44            0                       (Unspecified)
system.ruby.network.ctrl_traffic_distribution.n35.n45            0                       (Unspecified)
system.ruby.network.ctrl_traffic_distribution.n35.n46            0                       (Unspecified)
system.ruby.network.ctrl_traffic_distribution.n35.n47            0                       (Unspecified)
system.ruby.network.ctrl_traffic_distribution.n35.n48            0                       (Unspecified)
system.ruby.network.ctrl_traffic_distribution.n35.n49            0                       (Unspecified)
system.ruby.network.ctrl_traffic_distribution.n35.n5            0                       (Unspecified)
system.ruby.network.ctrl_traffic_distribution.n35.n50            0                       (Unspecified)
system.ruby.network.ctrl_traffic_distribution.n35.n51            0                       (Unspecified)
system.ruby.network.ctrl_traffic_distribution.n35.n52            0                       (Unspecified)
system.ruby.network.ctrl_traffic_distribution.n35.n53            0                       (Unspecified)
system.ruby.network.ctrl_traffic_distribution.n35.n54            0                       (Unspecified)
system.ruby.network.ctrl_traffic_distribution.n35.n55            0                       (Unspecified)
system.ruby.network.ctrl_traffic_distribution.n35.n56            0                       (Unspecified)
system.ruby.network.ctrl_traffic_distribution.n35.n57            0                       (Unspecified)
system.ruby.network.ctrl_traffic_distribution.n35.n58            0                       (Unspecified)
system.ruby.network.ctrl_traffic_distribution.n35.n59            0                       (Unspecified)
system.ruby.network.ctrl_traffic_distribution.n35.n6            0                       (Unspecified)
system.ruby.network.ctrl_traffic_distribution.n35.n60            0                       (Unspecified)
system.ruby.network.ctrl_traffic_distribution.n35.n61            0                       (Unspecified)
system.ruby.network.ctrl_traffic_distribution.n35.n62            0                       (Unspecified)
system.ruby.network.ctrl_traffic_distribution.n35.n63            0                       (Unspecified)
system.ruby.network.ctrl_traffic_distribution.n35.n7            0                       (Unspecified)
system.ruby.network.ctrl_traffic_distribution.n35.n8            0                       (Unspecified)
system.ruby.network.ctrl_traffic_distribution.n35.n9            0                       (Unspecified)
system.ruby.network.ctrl_traffic_distribution.n36.n0            0                       (Unspecified)
system.ruby.network.ctrl_traffic_distribution.n36.n1            0                       (Unspecified)
system.ruby.network.ctrl_traffic_distribution.n36.n10            0                       (Unspecified)
system.ruby.network.ctrl_traffic_distribution.n36.n11            0                       (Unspecified)
system.ruby.network.ctrl_traffic_distribution.n36.n12            0                       (Unspecified)
system.ruby.network.ctrl_traffic_distribution.n36.n13            0                       (Unspecified)
system.ruby.network.ctrl_traffic_distribution.n36.n14            0                       (Unspecified)
system.ruby.network.ctrl_traffic_distribution.n36.n15            0                       (Unspecified)
system.ruby.network.ctrl_traffic_distribution.n36.n16            0                       (Unspecified)
system.ruby.network.ctrl_traffic_distribution.n36.n17            0                       (Unspecified)
system.ruby.network.ctrl_traffic_distribution.n36.n18            0                       (Unspecified)
system.ruby.network.ctrl_traffic_distribution.n36.n19            0                       (Unspecified)
system.ruby.network.ctrl_traffic_distribution.n36.n2            0                       (Unspecified)
system.ruby.network.ctrl_traffic_distribution.n36.n20            0                       (Unspecified)
system.ruby.network.ctrl_traffic_distribution.n36.n21            0                       (Unspecified)
system.ruby.network.ctrl_traffic_distribution.n36.n22            0                       (Unspecified)
system.ruby.network.ctrl_traffic_distribution.n36.n23            0                       (Unspecified)
system.ruby.network.ctrl_traffic_distribution.n36.n24            0                       (Unspecified)
system.ruby.network.ctrl_traffic_distribution.n36.n25            0                       (Unspecified)
system.ruby.network.ctrl_traffic_distribution.n36.n26            0                       (Unspecified)
system.ruby.network.ctrl_traffic_distribution.n36.n27            0                       (Unspecified)
system.ruby.network.ctrl_traffic_distribution.n36.n28            0                       (Unspecified)
system.ruby.network.ctrl_traffic_distribution.n36.n29            0                       (Unspecified)
system.ruby.network.ctrl_traffic_distribution.n36.n3            0                       (Unspecified)
system.ruby.network.ctrl_traffic_distribution.n36.n30            0                       (Unspecified)
system.ruby.network.ctrl_traffic_distribution.n36.n31            0                       (Unspecified)
system.ruby.network.ctrl_traffic_distribution.n36.n32            0                       (Unspecified)
system.ruby.network.ctrl_traffic_distribution.n36.n33            0                       (Unspecified)
system.ruby.network.ctrl_traffic_distribution.n36.n34            0                       (Unspecified)
system.ruby.network.ctrl_traffic_distribution.n36.n35            0                       (Unspecified)
system.ruby.network.ctrl_traffic_distribution.n36.n36            0                       (Unspecified)
system.ruby.network.ctrl_traffic_distribution.n36.n37            0                       (Unspecified)
system.ruby.network.ctrl_traffic_distribution.n36.n38            0                       (Unspecified)
system.ruby.network.ctrl_traffic_distribution.n36.n39            0                       (Unspecified)
system.ruby.network.ctrl_traffic_distribution.n36.n4            0                       (Unspecified)
system.ruby.network.ctrl_traffic_distribution.n36.n40            0                       (Unspecified)
system.ruby.network.ctrl_traffic_distribution.n36.n41            0                       (Unspecified)
system.ruby.network.ctrl_traffic_distribution.n36.n42            0                       (Unspecified)
system.ruby.network.ctrl_traffic_distribution.n36.n43            0                       (Unspecified)
system.ruby.network.ctrl_traffic_distribution.n36.n44            0                       (Unspecified)
system.ruby.network.ctrl_traffic_distribution.n36.n45            0                       (Unspecified)
system.ruby.network.ctrl_traffic_distribution.n36.n46            0                       (Unspecified)
system.ruby.network.ctrl_traffic_distribution.n36.n47            0                       (Unspecified)
system.ruby.network.ctrl_traffic_distribution.n36.n48            0                       (Unspecified)
system.ruby.network.ctrl_traffic_distribution.n36.n49            0                       (Unspecified)
system.ruby.network.ctrl_traffic_distribution.n36.n5            0                       (Unspecified)
system.ruby.network.ctrl_traffic_distribution.n36.n50            0                       (Unspecified)
system.ruby.network.ctrl_traffic_distribution.n36.n51            0                       (Unspecified)
system.ruby.network.ctrl_traffic_distribution.n36.n52            0                       (Unspecified)
system.ruby.network.ctrl_traffic_distribution.n36.n53            0                       (Unspecified)
system.ruby.network.ctrl_traffic_distribution.n36.n54            0                       (Unspecified)
system.ruby.network.ctrl_traffic_distribution.n36.n55            0                       (Unspecified)
system.ruby.network.ctrl_traffic_distribution.n36.n56            0                       (Unspecified)
system.ruby.network.ctrl_traffic_distribution.n36.n57            0                       (Unspecified)
system.ruby.network.ctrl_traffic_distribution.n36.n58            0                       (Unspecified)
system.ruby.network.ctrl_traffic_distribution.n36.n59            0                       (Unspecified)
system.ruby.network.ctrl_traffic_distribution.n36.n6            0                       (Unspecified)
system.ruby.network.ctrl_traffic_distribution.n36.n60            0                       (Unspecified)
system.ruby.network.ctrl_traffic_distribution.n36.n61            0                       (Unspecified)
system.ruby.network.ctrl_traffic_distribution.n36.n62            0                       (Unspecified)
system.ruby.network.ctrl_traffic_distribution.n36.n63            0                       (Unspecified)
system.ruby.network.ctrl_traffic_distribution.n36.n7            0                       (Unspecified)
system.ruby.network.ctrl_traffic_distribution.n36.n8            0                       (Unspecified)
system.ruby.network.ctrl_traffic_distribution.n36.n9            0                       (Unspecified)
system.ruby.network.ctrl_traffic_distribution.n37.n0            0                       (Unspecified)
system.ruby.network.ctrl_traffic_distribution.n37.n1            0                       (Unspecified)
system.ruby.network.ctrl_traffic_distribution.n37.n10            0                       (Unspecified)
system.ruby.network.ctrl_traffic_distribution.n37.n11            0                       (Unspecified)
system.ruby.network.ctrl_traffic_distribution.n37.n12            0                       (Unspecified)
system.ruby.network.ctrl_traffic_distribution.n37.n13            0                       (Unspecified)
system.ruby.network.ctrl_traffic_distribution.n37.n14            0                       (Unspecified)
system.ruby.network.ctrl_traffic_distribution.n37.n15            0                       (Unspecified)
system.ruby.network.ctrl_traffic_distribution.n37.n16            0                       (Unspecified)
system.ruby.network.ctrl_traffic_distribution.n37.n17            0                       (Unspecified)
system.ruby.network.ctrl_traffic_distribution.n37.n18            0                       (Unspecified)
system.ruby.network.ctrl_traffic_distribution.n37.n19            0                       (Unspecified)
system.ruby.network.ctrl_traffic_distribution.n37.n2            0                       (Unspecified)
system.ruby.network.ctrl_traffic_distribution.n37.n20            0                       (Unspecified)
system.ruby.network.ctrl_traffic_distribution.n37.n21            0                       (Unspecified)
system.ruby.network.ctrl_traffic_distribution.n37.n22            0                       (Unspecified)
system.ruby.network.ctrl_traffic_distribution.n37.n23            0                       (Unspecified)
system.ruby.network.ctrl_traffic_distribution.n37.n24            0                       (Unspecified)
system.ruby.network.ctrl_traffic_distribution.n37.n25            0                       (Unspecified)
system.ruby.network.ctrl_traffic_distribution.n37.n26            0                       (Unspecified)
system.ruby.network.ctrl_traffic_distribution.n37.n27            0                       (Unspecified)
system.ruby.network.ctrl_traffic_distribution.n37.n28            0                       (Unspecified)
system.ruby.network.ctrl_traffic_distribution.n37.n29            0                       (Unspecified)
system.ruby.network.ctrl_traffic_distribution.n37.n3            0                       (Unspecified)
system.ruby.network.ctrl_traffic_distribution.n37.n30            0                       (Unspecified)
system.ruby.network.ctrl_traffic_distribution.n37.n31            0                       (Unspecified)
system.ruby.network.ctrl_traffic_distribution.n37.n32            0                       (Unspecified)
system.ruby.network.ctrl_traffic_distribution.n37.n33            0                       (Unspecified)
system.ruby.network.ctrl_traffic_distribution.n37.n34            0                       (Unspecified)
system.ruby.network.ctrl_traffic_distribution.n37.n35            0                       (Unspecified)
system.ruby.network.ctrl_traffic_distribution.n37.n36            0                       (Unspecified)
system.ruby.network.ctrl_traffic_distribution.n37.n37            0                       (Unspecified)
system.ruby.network.ctrl_traffic_distribution.n37.n38            0                       (Unspecified)
system.ruby.network.ctrl_traffic_distribution.n37.n39            0                       (Unspecified)
system.ruby.network.ctrl_traffic_distribution.n37.n4            0                       (Unspecified)
system.ruby.network.ctrl_traffic_distribution.n37.n40            0                       (Unspecified)
system.ruby.network.ctrl_traffic_distribution.n37.n41            0                       (Unspecified)
system.ruby.network.ctrl_traffic_distribution.n37.n42            0                       (Unspecified)
system.ruby.network.ctrl_traffic_distribution.n37.n43            0                       (Unspecified)
system.ruby.network.ctrl_traffic_distribution.n37.n44            0                       (Unspecified)
system.ruby.network.ctrl_traffic_distribution.n37.n45            0                       (Unspecified)
system.ruby.network.ctrl_traffic_distribution.n37.n46            0                       (Unspecified)
system.ruby.network.ctrl_traffic_distribution.n37.n47            0                       (Unspecified)
system.ruby.network.ctrl_traffic_distribution.n37.n48            0                       (Unspecified)
system.ruby.network.ctrl_traffic_distribution.n37.n49            0                       (Unspecified)
system.ruby.network.ctrl_traffic_distribution.n37.n5            0                       (Unspecified)
system.ruby.network.ctrl_traffic_distribution.n37.n50            0                       (Unspecified)
system.ruby.network.ctrl_traffic_distribution.n37.n51            0                       (Unspecified)
system.ruby.network.ctrl_traffic_distribution.n37.n52            0                       (Unspecified)
system.ruby.network.ctrl_traffic_distribution.n37.n53            0                       (Unspecified)
system.ruby.network.ctrl_traffic_distribution.n37.n54            0                       (Unspecified)
system.ruby.network.ctrl_traffic_distribution.n37.n55            0                       (Unspecified)
system.ruby.network.ctrl_traffic_distribution.n37.n56            0                       (Unspecified)
system.ruby.network.ctrl_traffic_distribution.n37.n57            0                       (Unspecified)
system.ruby.network.ctrl_traffic_distribution.n37.n58            0                       (Unspecified)
system.ruby.network.ctrl_traffic_distribution.n37.n59            0                       (Unspecified)
system.ruby.network.ctrl_traffic_distribution.n37.n6            0                       (Unspecified)
system.ruby.network.ctrl_traffic_distribution.n37.n60            0                       (Unspecified)
system.ruby.network.ctrl_traffic_distribution.n37.n61            0                       (Unspecified)
system.ruby.network.ctrl_traffic_distribution.n37.n62            0                       (Unspecified)
system.ruby.network.ctrl_traffic_distribution.n37.n63            0                       (Unspecified)
system.ruby.network.ctrl_traffic_distribution.n37.n7            0                       (Unspecified)
system.ruby.network.ctrl_traffic_distribution.n37.n8            0                       (Unspecified)
system.ruby.network.ctrl_traffic_distribution.n37.n9            0                       (Unspecified)
system.ruby.network.ctrl_traffic_distribution.n38.n0            0                       (Unspecified)
system.ruby.network.ctrl_traffic_distribution.n38.n1            0                       (Unspecified)
system.ruby.network.ctrl_traffic_distribution.n38.n10            0                       (Unspecified)
system.ruby.network.ctrl_traffic_distribution.n38.n11            0                       (Unspecified)
system.ruby.network.ctrl_traffic_distribution.n38.n12            0                       (Unspecified)
system.ruby.network.ctrl_traffic_distribution.n38.n13            0                       (Unspecified)
system.ruby.network.ctrl_traffic_distribution.n38.n14            0                       (Unspecified)
system.ruby.network.ctrl_traffic_distribution.n38.n15            0                       (Unspecified)
system.ruby.network.ctrl_traffic_distribution.n38.n16            0                       (Unspecified)
system.ruby.network.ctrl_traffic_distribution.n38.n17            0                       (Unspecified)
system.ruby.network.ctrl_traffic_distribution.n38.n18            0                       (Unspecified)
system.ruby.network.ctrl_traffic_distribution.n38.n19            0                       (Unspecified)
system.ruby.network.ctrl_traffic_distribution.n38.n2            0                       (Unspecified)
system.ruby.network.ctrl_traffic_distribution.n38.n20            0                       (Unspecified)
system.ruby.network.ctrl_traffic_distribution.n38.n21            0                       (Unspecified)
system.ruby.network.ctrl_traffic_distribution.n38.n22            0                       (Unspecified)
system.ruby.network.ctrl_traffic_distribution.n38.n23            0                       (Unspecified)
system.ruby.network.ctrl_traffic_distribution.n38.n24            0                       (Unspecified)
system.ruby.network.ctrl_traffic_distribution.n38.n25            0                       (Unspecified)
system.ruby.network.ctrl_traffic_distribution.n38.n26            0                       (Unspecified)
system.ruby.network.ctrl_traffic_distribution.n38.n27            0                       (Unspecified)
system.ruby.network.ctrl_traffic_distribution.n38.n28            0                       (Unspecified)
system.ruby.network.ctrl_traffic_distribution.n38.n29            0                       (Unspecified)
system.ruby.network.ctrl_traffic_distribution.n38.n3            0                       (Unspecified)
system.ruby.network.ctrl_traffic_distribution.n38.n30            0                       (Unspecified)
system.ruby.network.ctrl_traffic_distribution.n38.n31            0                       (Unspecified)
system.ruby.network.ctrl_traffic_distribution.n38.n32            0                       (Unspecified)
system.ruby.network.ctrl_traffic_distribution.n38.n33            0                       (Unspecified)
system.ruby.network.ctrl_traffic_distribution.n38.n34            0                       (Unspecified)
system.ruby.network.ctrl_traffic_distribution.n38.n35            0                       (Unspecified)
system.ruby.network.ctrl_traffic_distribution.n38.n36            0                       (Unspecified)
system.ruby.network.ctrl_traffic_distribution.n38.n37            0                       (Unspecified)
system.ruby.network.ctrl_traffic_distribution.n38.n38            0                       (Unspecified)
system.ruby.network.ctrl_traffic_distribution.n38.n39            0                       (Unspecified)
system.ruby.network.ctrl_traffic_distribution.n38.n4            0                       (Unspecified)
system.ruby.network.ctrl_traffic_distribution.n38.n40            0                       (Unspecified)
system.ruby.network.ctrl_traffic_distribution.n38.n41            0                       (Unspecified)
system.ruby.network.ctrl_traffic_distribution.n38.n42            0                       (Unspecified)
system.ruby.network.ctrl_traffic_distribution.n38.n43            0                       (Unspecified)
system.ruby.network.ctrl_traffic_distribution.n38.n44            0                       (Unspecified)
system.ruby.network.ctrl_traffic_distribution.n38.n45            0                       (Unspecified)
system.ruby.network.ctrl_traffic_distribution.n38.n46            0                       (Unspecified)
system.ruby.network.ctrl_traffic_distribution.n38.n47            0                       (Unspecified)
system.ruby.network.ctrl_traffic_distribution.n38.n48            0                       (Unspecified)
system.ruby.network.ctrl_traffic_distribution.n38.n49            0                       (Unspecified)
system.ruby.network.ctrl_traffic_distribution.n38.n5            0                       (Unspecified)
system.ruby.network.ctrl_traffic_distribution.n38.n50            0                       (Unspecified)
system.ruby.network.ctrl_traffic_distribution.n38.n51            0                       (Unspecified)
system.ruby.network.ctrl_traffic_distribution.n38.n52            0                       (Unspecified)
system.ruby.network.ctrl_traffic_distribution.n38.n53            0                       (Unspecified)
system.ruby.network.ctrl_traffic_distribution.n38.n54            0                       (Unspecified)
system.ruby.network.ctrl_traffic_distribution.n38.n55            0                       (Unspecified)
system.ruby.network.ctrl_traffic_distribution.n38.n56            0                       (Unspecified)
system.ruby.network.ctrl_traffic_distribution.n38.n57            0                       (Unspecified)
system.ruby.network.ctrl_traffic_distribution.n38.n58            0                       (Unspecified)
system.ruby.network.ctrl_traffic_distribution.n38.n59            0                       (Unspecified)
system.ruby.network.ctrl_traffic_distribution.n38.n6            0                       (Unspecified)
system.ruby.network.ctrl_traffic_distribution.n38.n60            0                       (Unspecified)
system.ruby.network.ctrl_traffic_distribution.n38.n61            0                       (Unspecified)
system.ruby.network.ctrl_traffic_distribution.n38.n62            0                       (Unspecified)
system.ruby.network.ctrl_traffic_distribution.n38.n63            0                       (Unspecified)
system.ruby.network.ctrl_traffic_distribution.n38.n7            0                       (Unspecified)
system.ruby.network.ctrl_traffic_distribution.n38.n8            0                       (Unspecified)
system.ruby.network.ctrl_traffic_distribution.n38.n9            0                       (Unspecified)
system.ruby.network.ctrl_traffic_distribution.n39.n0            1                       (Unspecified)
system.ruby.network.ctrl_traffic_distribution.n39.n1            0                       (Unspecified)
system.ruby.network.ctrl_traffic_distribution.n39.n10            0                       (Unspecified)
system.ruby.network.ctrl_traffic_distribution.n39.n11            0                       (Unspecified)
system.ruby.network.ctrl_traffic_distribution.n39.n12            0                       (Unspecified)
system.ruby.network.ctrl_traffic_distribution.n39.n13            0                       (Unspecified)
system.ruby.network.ctrl_traffic_distribution.n39.n14            0                       (Unspecified)
system.ruby.network.ctrl_traffic_distribution.n39.n15            1                       (Unspecified)
system.ruby.network.ctrl_traffic_distribution.n39.n16            0                       (Unspecified)
system.ruby.network.ctrl_traffic_distribution.n39.n17            0                       (Unspecified)
system.ruby.network.ctrl_traffic_distribution.n39.n18            0                       (Unspecified)
system.ruby.network.ctrl_traffic_distribution.n39.n19            0                       (Unspecified)
system.ruby.network.ctrl_traffic_distribution.n39.n2            0                       (Unspecified)
system.ruby.network.ctrl_traffic_distribution.n39.n20            0                       (Unspecified)
system.ruby.network.ctrl_traffic_distribution.n39.n21            0                       (Unspecified)
system.ruby.network.ctrl_traffic_distribution.n39.n22            0                       (Unspecified)
system.ruby.network.ctrl_traffic_distribution.n39.n23            0                       (Unspecified)
system.ruby.network.ctrl_traffic_distribution.n39.n24            0                       (Unspecified)
system.ruby.network.ctrl_traffic_distribution.n39.n25            0                       (Unspecified)
system.ruby.network.ctrl_traffic_distribution.n39.n26            0                       (Unspecified)
system.ruby.network.ctrl_traffic_distribution.n39.n27            0                       (Unspecified)
system.ruby.network.ctrl_traffic_distribution.n39.n28            0                       (Unspecified)
system.ruby.network.ctrl_traffic_distribution.n39.n29            0                       (Unspecified)
system.ruby.network.ctrl_traffic_distribution.n39.n3            0                       (Unspecified)
system.ruby.network.ctrl_traffic_distribution.n39.n30            0                       (Unspecified)
system.ruby.network.ctrl_traffic_distribution.n39.n31            0                       (Unspecified)
system.ruby.network.ctrl_traffic_distribution.n39.n32            0                       (Unspecified)
system.ruby.network.ctrl_traffic_distribution.n39.n33            0                       (Unspecified)
system.ruby.network.ctrl_traffic_distribution.n39.n34            0                       (Unspecified)
system.ruby.network.ctrl_traffic_distribution.n39.n35            0                       (Unspecified)
system.ruby.network.ctrl_traffic_distribution.n39.n36            0                       (Unspecified)
system.ruby.network.ctrl_traffic_distribution.n39.n37            0                       (Unspecified)
system.ruby.network.ctrl_traffic_distribution.n39.n38            0                       (Unspecified)
system.ruby.network.ctrl_traffic_distribution.n39.n39            0                       (Unspecified)
system.ruby.network.ctrl_traffic_distribution.n39.n4            0                       (Unspecified)
system.ruby.network.ctrl_traffic_distribution.n39.n40            0                       (Unspecified)
system.ruby.network.ctrl_traffic_distribution.n39.n41            0                       (Unspecified)
system.ruby.network.ctrl_traffic_distribution.n39.n42            0                       (Unspecified)
system.ruby.network.ctrl_traffic_distribution.n39.n43            0                       (Unspecified)
system.ruby.network.ctrl_traffic_distribution.n39.n44            0                       (Unspecified)
system.ruby.network.ctrl_traffic_distribution.n39.n45            0                       (Unspecified)
system.ruby.network.ctrl_traffic_distribution.n39.n46            0                       (Unspecified)
system.ruby.network.ctrl_traffic_distribution.n39.n47            0                       (Unspecified)
system.ruby.network.ctrl_traffic_distribution.n39.n48            0                       (Unspecified)
system.ruby.network.ctrl_traffic_distribution.n39.n49            0                       (Unspecified)
system.ruby.network.ctrl_traffic_distribution.n39.n5            0                       (Unspecified)
system.ruby.network.ctrl_traffic_distribution.n39.n50            0                       (Unspecified)
system.ruby.network.ctrl_traffic_distribution.n39.n51            0                       (Unspecified)
system.ruby.network.ctrl_traffic_distribution.n39.n52            0                       (Unspecified)
system.ruby.network.ctrl_traffic_distribution.n39.n53            0                       (Unspecified)
system.ruby.network.ctrl_traffic_distribution.n39.n54            0                       (Unspecified)
system.ruby.network.ctrl_traffic_distribution.n39.n55            0                       (Unspecified)
system.ruby.network.ctrl_traffic_distribution.n39.n56            0                       (Unspecified)
system.ruby.network.ctrl_traffic_distribution.n39.n57            0                       (Unspecified)
system.ruby.network.ctrl_traffic_distribution.n39.n58            0                       (Unspecified)
system.ruby.network.ctrl_traffic_distribution.n39.n59            0                       (Unspecified)
system.ruby.network.ctrl_traffic_distribution.n39.n6            0                       (Unspecified)
system.ruby.network.ctrl_traffic_distribution.n39.n60            0                       (Unspecified)
system.ruby.network.ctrl_traffic_distribution.n39.n61            0                       (Unspecified)
system.ruby.network.ctrl_traffic_distribution.n39.n62            0                       (Unspecified)
system.ruby.network.ctrl_traffic_distribution.n39.n63            0                       (Unspecified)
system.ruby.network.ctrl_traffic_distribution.n39.n7            0                       (Unspecified)
system.ruby.network.ctrl_traffic_distribution.n39.n8            0                       (Unspecified)
system.ruby.network.ctrl_traffic_distribution.n39.n9            0                       (Unspecified)
system.ruby.network.ctrl_traffic_distribution.n4.n0            0                       (Unspecified)
system.ruby.network.ctrl_traffic_distribution.n4.n1            0                       (Unspecified)
system.ruby.network.ctrl_traffic_distribution.n4.n10            0                       (Unspecified)
system.ruby.network.ctrl_traffic_distribution.n4.n11            0                       (Unspecified)
system.ruby.network.ctrl_traffic_distribution.n4.n12            0                       (Unspecified)
system.ruby.network.ctrl_traffic_distribution.n4.n13            0                       (Unspecified)
system.ruby.network.ctrl_traffic_distribution.n4.n14            0                       (Unspecified)
system.ruby.network.ctrl_traffic_distribution.n4.n15            0                       (Unspecified)
system.ruby.network.ctrl_traffic_distribution.n4.n16            0                       (Unspecified)
system.ruby.network.ctrl_traffic_distribution.n4.n17            0                       (Unspecified)
system.ruby.network.ctrl_traffic_distribution.n4.n18            0                       (Unspecified)
system.ruby.network.ctrl_traffic_distribution.n4.n19            0                       (Unspecified)
system.ruby.network.ctrl_traffic_distribution.n4.n2            0                       (Unspecified)
system.ruby.network.ctrl_traffic_distribution.n4.n20            0                       (Unspecified)
system.ruby.network.ctrl_traffic_distribution.n4.n21            0                       (Unspecified)
system.ruby.network.ctrl_traffic_distribution.n4.n22            0                       (Unspecified)
system.ruby.network.ctrl_traffic_distribution.n4.n23            0                       (Unspecified)
system.ruby.network.ctrl_traffic_distribution.n4.n24            0                       (Unspecified)
system.ruby.network.ctrl_traffic_distribution.n4.n25            0                       (Unspecified)
system.ruby.network.ctrl_traffic_distribution.n4.n26            0                       (Unspecified)
system.ruby.network.ctrl_traffic_distribution.n4.n27            0                       (Unspecified)
system.ruby.network.ctrl_traffic_distribution.n4.n28            0                       (Unspecified)
system.ruby.network.ctrl_traffic_distribution.n4.n29            0                       (Unspecified)
system.ruby.network.ctrl_traffic_distribution.n4.n3            0                       (Unspecified)
system.ruby.network.ctrl_traffic_distribution.n4.n30            0                       (Unspecified)
system.ruby.network.ctrl_traffic_distribution.n4.n31            0                       (Unspecified)
system.ruby.network.ctrl_traffic_distribution.n4.n32            0                       (Unspecified)
system.ruby.network.ctrl_traffic_distribution.n4.n33            0                       (Unspecified)
system.ruby.network.ctrl_traffic_distribution.n4.n34            0                       (Unspecified)
system.ruby.network.ctrl_traffic_distribution.n4.n35            0                       (Unspecified)
system.ruby.network.ctrl_traffic_distribution.n4.n36            0                       (Unspecified)
system.ruby.network.ctrl_traffic_distribution.n4.n37            0                       (Unspecified)
system.ruby.network.ctrl_traffic_distribution.n4.n38            0                       (Unspecified)
system.ruby.network.ctrl_traffic_distribution.n4.n39            0                       (Unspecified)
system.ruby.network.ctrl_traffic_distribution.n4.n4            0                       (Unspecified)
system.ruby.network.ctrl_traffic_distribution.n4.n40            0                       (Unspecified)
system.ruby.network.ctrl_traffic_distribution.n4.n41            0                       (Unspecified)
system.ruby.network.ctrl_traffic_distribution.n4.n42            0                       (Unspecified)
system.ruby.network.ctrl_traffic_distribution.n4.n43            0                       (Unspecified)
system.ruby.network.ctrl_traffic_distribution.n4.n44            0                       (Unspecified)
system.ruby.network.ctrl_traffic_distribution.n4.n45            0                       (Unspecified)
system.ruby.network.ctrl_traffic_distribution.n4.n46            0                       (Unspecified)
system.ruby.network.ctrl_traffic_distribution.n4.n47            0                       (Unspecified)
system.ruby.network.ctrl_traffic_distribution.n4.n48            0                       (Unspecified)
system.ruby.network.ctrl_traffic_distribution.n4.n49            0                       (Unspecified)
system.ruby.network.ctrl_traffic_distribution.n4.n5            0                       (Unspecified)
system.ruby.network.ctrl_traffic_distribution.n4.n50            0                       (Unspecified)
system.ruby.network.ctrl_traffic_distribution.n4.n51            0                       (Unspecified)
system.ruby.network.ctrl_traffic_distribution.n4.n52            0                       (Unspecified)
system.ruby.network.ctrl_traffic_distribution.n4.n53            0                       (Unspecified)
system.ruby.network.ctrl_traffic_distribution.n4.n54            0                       (Unspecified)
system.ruby.network.ctrl_traffic_distribution.n4.n55            1                       (Unspecified)
system.ruby.network.ctrl_traffic_distribution.n4.n56            0                       (Unspecified)
system.ruby.network.ctrl_traffic_distribution.n4.n57            0                       (Unspecified)
system.ruby.network.ctrl_traffic_distribution.n4.n58            0                       (Unspecified)
system.ruby.network.ctrl_traffic_distribution.n4.n59            0                       (Unspecified)
system.ruby.network.ctrl_traffic_distribution.n4.n6            0                       (Unspecified)
system.ruby.network.ctrl_traffic_distribution.n4.n60            0                       (Unspecified)
system.ruby.network.ctrl_traffic_distribution.n4.n61            0                       (Unspecified)
system.ruby.network.ctrl_traffic_distribution.n4.n62            0                       (Unspecified)
system.ruby.network.ctrl_traffic_distribution.n4.n63            0                       (Unspecified)
system.ruby.network.ctrl_traffic_distribution.n4.n7            0                       (Unspecified)
system.ruby.network.ctrl_traffic_distribution.n4.n8            0                       (Unspecified)
system.ruby.network.ctrl_traffic_distribution.n4.n9            0                       (Unspecified)
system.ruby.network.ctrl_traffic_distribution.n40.n0            0                       (Unspecified)
system.ruby.network.ctrl_traffic_distribution.n40.n1            0                       (Unspecified)
system.ruby.network.ctrl_traffic_distribution.n40.n10            0                       (Unspecified)
system.ruby.network.ctrl_traffic_distribution.n40.n11            0                       (Unspecified)
system.ruby.network.ctrl_traffic_distribution.n40.n12            0                       (Unspecified)
system.ruby.network.ctrl_traffic_distribution.n40.n13            0                       (Unspecified)
system.ruby.network.ctrl_traffic_distribution.n40.n14            0                       (Unspecified)
system.ruby.network.ctrl_traffic_distribution.n40.n15            0                       (Unspecified)
system.ruby.network.ctrl_traffic_distribution.n40.n16            0                       (Unspecified)
system.ruby.network.ctrl_traffic_distribution.n40.n17            0                       (Unspecified)
system.ruby.network.ctrl_traffic_distribution.n40.n18            0                       (Unspecified)
system.ruby.network.ctrl_traffic_distribution.n40.n19            0                       (Unspecified)
system.ruby.network.ctrl_traffic_distribution.n40.n2            0                       (Unspecified)
system.ruby.network.ctrl_traffic_distribution.n40.n20            0                       (Unspecified)
system.ruby.network.ctrl_traffic_distribution.n40.n21            0                       (Unspecified)
system.ruby.network.ctrl_traffic_distribution.n40.n22            0                       (Unspecified)
system.ruby.network.ctrl_traffic_distribution.n40.n23            0                       (Unspecified)
system.ruby.network.ctrl_traffic_distribution.n40.n24            0                       (Unspecified)
system.ruby.network.ctrl_traffic_distribution.n40.n25            0                       (Unspecified)
system.ruby.network.ctrl_traffic_distribution.n40.n26            0                       (Unspecified)
system.ruby.network.ctrl_traffic_distribution.n40.n27            0                       (Unspecified)
system.ruby.network.ctrl_traffic_distribution.n40.n28            0                       (Unspecified)
system.ruby.network.ctrl_traffic_distribution.n40.n29            0                       (Unspecified)
system.ruby.network.ctrl_traffic_distribution.n40.n3            1                       (Unspecified)
system.ruby.network.ctrl_traffic_distribution.n40.n30            0                       (Unspecified)
system.ruby.network.ctrl_traffic_distribution.n40.n31            0                       (Unspecified)
system.ruby.network.ctrl_traffic_distribution.n40.n32            0                       (Unspecified)
system.ruby.network.ctrl_traffic_distribution.n40.n33            0                       (Unspecified)
system.ruby.network.ctrl_traffic_distribution.n40.n34            0                       (Unspecified)
system.ruby.network.ctrl_traffic_distribution.n40.n35            0                       (Unspecified)
system.ruby.network.ctrl_traffic_distribution.n40.n36            0                       (Unspecified)
system.ruby.network.ctrl_traffic_distribution.n40.n37            0                       (Unspecified)
system.ruby.network.ctrl_traffic_distribution.n40.n38            0                       (Unspecified)
system.ruby.network.ctrl_traffic_distribution.n40.n39            0                       (Unspecified)
system.ruby.network.ctrl_traffic_distribution.n40.n4            0                       (Unspecified)
system.ruby.network.ctrl_traffic_distribution.n40.n40            0                       (Unspecified)
system.ruby.network.ctrl_traffic_distribution.n40.n41            0                       (Unspecified)
system.ruby.network.ctrl_traffic_distribution.n40.n42            0                       (Unspecified)
system.ruby.network.ctrl_traffic_distribution.n40.n43            0                       (Unspecified)
system.ruby.network.ctrl_traffic_distribution.n40.n44            0                       (Unspecified)
system.ruby.network.ctrl_traffic_distribution.n40.n45            0                       (Unspecified)
system.ruby.network.ctrl_traffic_distribution.n40.n46            0                       (Unspecified)
system.ruby.network.ctrl_traffic_distribution.n40.n47            0                       (Unspecified)
system.ruby.network.ctrl_traffic_distribution.n40.n48            0                       (Unspecified)
system.ruby.network.ctrl_traffic_distribution.n40.n49            0                       (Unspecified)
system.ruby.network.ctrl_traffic_distribution.n40.n5            0                       (Unspecified)
system.ruby.network.ctrl_traffic_distribution.n40.n50            0                       (Unspecified)
system.ruby.network.ctrl_traffic_distribution.n40.n51            0                       (Unspecified)
system.ruby.network.ctrl_traffic_distribution.n40.n52            0                       (Unspecified)
system.ruby.network.ctrl_traffic_distribution.n40.n53            0                       (Unspecified)
system.ruby.network.ctrl_traffic_distribution.n40.n54            0                       (Unspecified)
system.ruby.network.ctrl_traffic_distribution.n40.n55            0                       (Unspecified)
system.ruby.network.ctrl_traffic_distribution.n40.n56            0                       (Unspecified)
system.ruby.network.ctrl_traffic_distribution.n40.n57            0                       (Unspecified)
system.ruby.network.ctrl_traffic_distribution.n40.n58            0                       (Unspecified)
system.ruby.network.ctrl_traffic_distribution.n40.n59            0                       (Unspecified)
system.ruby.network.ctrl_traffic_distribution.n40.n6            0                       (Unspecified)
system.ruby.network.ctrl_traffic_distribution.n40.n60            0                       (Unspecified)
system.ruby.network.ctrl_traffic_distribution.n40.n61            0                       (Unspecified)
system.ruby.network.ctrl_traffic_distribution.n40.n62            0                       (Unspecified)
system.ruby.network.ctrl_traffic_distribution.n40.n63            0                       (Unspecified)
system.ruby.network.ctrl_traffic_distribution.n40.n7            0                       (Unspecified)
system.ruby.network.ctrl_traffic_distribution.n40.n8            0                       (Unspecified)
system.ruby.network.ctrl_traffic_distribution.n40.n9            0                       (Unspecified)
system.ruby.network.ctrl_traffic_distribution.n41.n0            0                       (Unspecified)
system.ruby.network.ctrl_traffic_distribution.n41.n1            0                       (Unspecified)
system.ruby.network.ctrl_traffic_distribution.n41.n10            0                       (Unspecified)
system.ruby.network.ctrl_traffic_distribution.n41.n11            0                       (Unspecified)
system.ruby.network.ctrl_traffic_distribution.n41.n12            0                       (Unspecified)
system.ruby.network.ctrl_traffic_distribution.n41.n13            0                       (Unspecified)
system.ruby.network.ctrl_traffic_distribution.n41.n14            0                       (Unspecified)
system.ruby.network.ctrl_traffic_distribution.n41.n15            0                       (Unspecified)
system.ruby.network.ctrl_traffic_distribution.n41.n16            0                       (Unspecified)
system.ruby.network.ctrl_traffic_distribution.n41.n17            0                       (Unspecified)
system.ruby.network.ctrl_traffic_distribution.n41.n18            0                       (Unspecified)
system.ruby.network.ctrl_traffic_distribution.n41.n19            0                       (Unspecified)
system.ruby.network.ctrl_traffic_distribution.n41.n2            0                       (Unspecified)
system.ruby.network.ctrl_traffic_distribution.n41.n20            0                       (Unspecified)
system.ruby.network.ctrl_traffic_distribution.n41.n21            0                       (Unspecified)
system.ruby.network.ctrl_traffic_distribution.n41.n22            0                       (Unspecified)
system.ruby.network.ctrl_traffic_distribution.n41.n23            0                       (Unspecified)
system.ruby.network.ctrl_traffic_distribution.n41.n24            0                       (Unspecified)
system.ruby.network.ctrl_traffic_distribution.n41.n25            0                       (Unspecified)
system.ruby.network.ctrl_traffic_distribution.n41.n26            0                       (Unspecified)
system.ruby.network.ctrl_traffic_distribution.n41.n27            0                       (Unspecified)
system.ruby.network.ctrl_traffic_distribution.n41.n28            0                       (Unspecified)
system.ruby.network.ctrl_traffic_distribution.n41.n29            0                       (Unspecified)
system.ruby.network.ctrl_traffic_distribution.n41.n3            0                       (Unspecified)
system.ruby.network.ctrl_traffic_distribution.n41.n30            0                       (Unspecified)
system.ruby.network.ctrl_traffic_distribution.n41.n31            0                       (Unspecified)
system.ruby.network.ctrl_traffic_distribution.n41.n32            0                       (Unspecified)
system.ruby.network.ctrl_traffic_distribution.n41.n33            0                       (Unspecified)
system.ruby.network.ctrl_traffic_distribution.n41.n34            0                       (Unspecified)
system.ruby.network.ctrl_traffic_distribution.n41.n35            0                       (Unspecified)
system.ruby.network.ctrl_traffic_distribution.n41.n36            0                       (Unspecified)
system.ruby.network.ctrl_traffic_distribution.n41.n37            0                       (Unspecified)
system.ruby.network.ctrl_traffic_distribution.n41.n38            0                       (Unspecified)
system.ruby.network.ctrl_traffic_distribution.n41.n39            0                       (Unspecified)
system.ruby.network.ctrl_traffic_distribution.n41.n4            0                       (Unspecified)
system.ruby.network.ctrl_traffic_distribution.n41.n40            0                       (Unspecified)
system.ruby.network.ctrl_traffic_distribution.n41.n41            0                       (Unspecified)
system.ruby.network.ctrl_traffic_distribution.n41.n42            0                       (Unspecified)
system.ruby.network.ctrl_traffic_distribution.n41.n43            0                       (Unspecified)
system.ruby.network.ctrl_traffic_distribution.n41.n44            0                       (Unspecified)
system.ruby.network.ctrl_traffic_distribution.n41.n45            0                       (Unspecified)
system.ruby.network.ctrl_traffic_distribution.n41.n46            0                       (Unspecified)
system.ruby.network.ctrl_traffic_distribution.n41.n47            0                       (Unspecified)
system.ruby.network.ctrl_traffic_distribution.n41.n48            0                       (Unspecified)
system.ruby.network.ctrl_traffic_distribution.n41.n49            0                       (Unspecified)
system.ruby.network.ctrl_traffic_distribution.n41.n5            1                       (Unspecified)
system.ruby.network.ctrl_traffic_distribution.n41.n50            0                       (Unspecified)
system.ruby.network.ctrl_traffic_distribution.n41.n51            0                       (Unspecified)
system.ruby.network.ctrl_traffic_distribution.n41.n52            0                       (Unspecified)
system.ruby.network.ctrl_traffic_distribution.n41.n53            0                       (Unspecified)
system.ruby.network.ctrl_traffic_distribution.n41.n54            0                       (Unspecified)
system.ruby.network.ctrl_traffic_distribution.n41.n55            0                       (Unspecified)
system.ruby.network.ctrl_traffic_distribution.n41.n56            0                       (Unspecified)
system.ruby.network.ctrl_traffic_distribution.n41.n57            0                       (Unspecified)
system.ruby.network.ctrl_traffic_distribution.n41.n58            0                       (Unspecified)
system.ruby.network.ctrl_traffic_distribution.n41.n59            0                       (Unspecified)
system.ruby.network.ctrl_traffic_distribution.n41.n6            0                       (Unspecified)
system.ruby.network.ctrl_traffic_distribution.n41.n60            0                       (Unspecified)
system.ruby.network.ctrl_traffic_distribution.n41.n61            0                       (Unspecified)
system.ruby.network.ctrl_traffic_distribution.n41.n62            0                       (Unspecified)
system.ruby.network.ctrl_traffic_distribution.n41.n63            0                       (Unspecified)
system.ruby.network.ctrl_traffic_distribution.n41.n7            0                       (Unspecified)
system.ruby.network.ctrl_traffic_distribution.n41.n8            0                       (Unspecified)
system.ruby.network.ctrl_traffic_distribution.n41.n9            1                       (Unspecified)
system.ruby.network.ctrl_traffic_distribution.n42.n0            0                       (Unspecified)
system.ruby.network.ctrl_traffic_distribution.n42.n1            0                       (Unspecified)
system.ruby.network.ctrl_traffic_distribution.n42.n10            1                       (Unspecified)
system.ruby.network.ctrl_traffic_distribution.n42.n11            0                       (Unspecified)
system.ruby.network.ctrl_traffic_distribution.n42.n12            0                       (Unspecified)
system.ruby.network.ctrl_traffic_distribution.n42.n13            0                       (Unspecified)
system.ruby.network.ctrl_traffic_distribution.n42.n14            0                       (Unspecified)
system.ruby.network.ctrl_traffic_distribution.n42.n15            0                       (Unspecified)
system.ruby.network.ctrl_traffic_distribution.n42.n16            0                       (Unspecified)
system.ruby.network.ctrl_traffic_distribution.n42.n17            0                       (Unspecified)
system.ruby.network.ctrl_traffic_distribution.n42.n18            0                       (Unspecified)
system.ruby.network.ctrl_traffic_distribution.n42.n19            0                       (Unspecified)
system.ruby.network.ctrl_traffic_distribution.n42.n2            0                       (Unspecified)
system.ruby.network.ctrl_traffic_distribution.n42.n20            0                       (Unspecified)
system.ruby.network.ctrl_traffic_distribution.n42.n21            0                       (Unspecified)
system.ruby.network.ctrl_traffic_distribution.n42.n22            0                       (Unspecified)
system.ruby.network.ctrl_traffic_distribution.n42.n23            0                       (Unspecified)
system.ruby.network.ctrl_traffic_distribution.n42.n24            0                       (Unspecified)
system.ruby.network.ctrl_traffic_distribution.n42.n25            0                       (Unspecified)
system.ruby.network.ctrl_traffic_distribution.n42.n26            0                       (Unspecified)
system.ruby.network.ctrl_traffic_distribution.n42.n27            0                       (Unspecified)
system.ruby.network.ctrl_traffic_distribution.n42.n28            0                       (Unspecified)
system.ruby.network.ctrl_traffic_distribution.n42.n29            0                       (Unspecified)
system.ruby.network.ctrl_traffic_distribution.n42.n3            0                       (Unspecified)
system.ruby.network.ctrl_traffic_distribution.n42.n30            0                       (Unspecified)
system.ruby.network.ctrl_traffic_distribution.n42.n31            0                       (Unspecified)
system.ruby.network.ctrl_traffic_distribution.n42.n32            0                       (Unspecified)
system.ruby.network.ctrl_traffic_distribution.n42.n33            0                       (Unspecified)
system.ruby.network.ctrl_traffic_distribution.n42.n34            0                       (Unspecified)
system.ruby.network.ctrl_traffic_distribution.n42.n35            0                       (Unspecified)
system.ruby.network.ctrl_traffic_distribution.n42.n36            0                       (Unspecified)
system.ruby.network.ctrl_traffic_distribution.n42.n37            0                       (Unspecified)
system.ruby.network.ctrl_traffic_distribution.n42.n38            0                       (Unspecified)
system.ruby.network.ctrl_traffic_distribution.n42.n39            0                       (Unspecified)
system.ruby.network.ctrl_traffic_distribution.n42.n4            0                       (Unspecified)
system.ruby.network.ctrl_traffic_distribution.n42.n40            0                       (Unspecified)
system.ruby.network.ctrl_traffic_distribution.n42.n41            0                       (Unspecified)
system.ruby.network.ctrl_traffic_distribution.n42.n42            0                       (Unspecified)
system.ruby.network.ctrl_traffic_distribution.n42.n43            0                       (Unspecified)
system.ruby.network.ctrl_traffic_distribution.n42.n44            0                       (Unspecified)
system.ruby.network.ctrl_traffic_distribution.n42.n45            0                       (Unspecified)
system.ruby.network.ctrl_traffic_distribution.n42.n46            0                       (Unspecified)
system.ruby.network.ctrl_traffic_distribution.n42.n47            0                       (Unspecified)
system.ruby.network.ctrl_traffic_distribution.n42.n48            0                       (Unspecified)
system.ruby.network.ctrl_traffic_distribution.n42.n49            0                       (Unspecified)
system.ruby.network.ctrl_traffic_distribution.n42.n5            0                       (Unspecified)
system.ruby.network.ctrl_traffic_distribution.n42.n50            0                       (Unspecified)
system.ruby.network.ctrl_traffic_distribution.n42.n51            0                       (Unspecified)
system.ruby.network.ctrl_traffic_distribution.n42.n52            0                       (Unspecified)
system.ruby.network.ctrl_traffic_distribution.n42.n53            0                       (Unspecified)
system.ruby.network.ctrl_traffic_distribution.n42.n54            0                       (Unspecified)
system.ruby.network.ctrl_traffic_distribution.n42.n55            0                       (Unspecified)
system.ruby.network.ctrl_traffic_distribution.n42.n56            0                       (Unspecified)
system.ruby.network.ctrl_traffic_distribution.n42.n57            0                       (Unspecified)
system.ruby.network.ctrl_traffic_distribution.n42.n58            0                       (Unspecified)
system.ruby.network.ctrl_traffic_distribution.n42.n59            0                       (Unspecified)
system.ruby.network.ctrl_traffic_distribution.n42.n6            0                       (Unspecified)
system.ruby.network.ctrl_traffic_distribution.n42.n60            0                       (Unspecified)
system.ruby.network.ctrl_traffic_distribution.n42.n61            0                       (Unspecified)
system.ruby.network.ctrl_traffic_distribution.n42.n62            0                       (Unspecified)
system.ruby.network.ctrl_traffic_distribution.n42.n63            0                       (Unspecified)
system.ruby.network.ctrl_traffic_distribution.n42.n7            0                       (Unspecified)
system.ruby.network.ctrl_traffic_distribution.n42.n8            0                       (Unspecified)
system.ruby.network.ctrl_traffic_distribution.n42.n9            0                       (Unspecified)
system.ruby.network.ctrl_traffic_distribution.n43.n0            0                       (Unspecified)
system.ruby.network.ctrl_traffic_distribution.n43.n1            0                       (Unspecified)
system.ruby.network.ctrl_traffic_distribution.n43.n10            0                       (Unspecified)
system.ruby.network.ctrl_traffic_distribution.n43.n11            0                       (Unspecified)
system.ruby.network.ctrl_traffic_distribution.n43.n12            0                       (Unspecified)
system.ruby.network.ctrl_traffic_distribution.n43.n13            0                       (Unspecified)
system.ruby.network.ctrl_traffic_distribution.n43.n14            0                       (Unspecified)
system.ruby.network.ctrl_traffic_distribution.n43.n15            0                       (Unspecified)
system.ruby.network.ctrl_traffic_distribution.n43.n16            0                       (Unspecified)
system.ruby.network.ctrl_traffic_distribution.n43.n17            0                       (Unspecified)
system.ruby.network.ctrl_traffic_distribution.n43.n18            0                       (Unspecified)
system.ruby.network.ctrl_traffic_distribution.n43.n19            0                       (Unspecified)
system.ruby.network.ctrl_traffic_distribution.n43.n2            0                       (Unspecified)
system.ruby.network.ctrl_traffic_distribution.n43.n20            0                       (Unspecified)
system.ruby.network.ctrl_traffic_distribution.n43.n21            0                       (Unspecified)
system.ruby.network.ctrl_traffic_distribution.n43.n22            0                       (Unspecified)
system.ruby.network.ctrl_traffic_distribution.n43.n23            0                       (Unspecified)
system.ruby.network.ctrl_traffic_distribution.n43.n24            0                       (Unspecified)
system.ruby.network.ctrl_traffic_distribution.n43.n25            0                       (Unspecified)
system.ruby.network.ctrl_traffic_distribution.n43.n26            0                       (Unspecified)
system.ruby.network.ctrl_traffic_distribution.n43.n27            0                       (Unspecified)
system.ruby.network.ctrl_traffic_distribution.n43.n28            0                       (Unspecified)
system.ruby.network.ctrl_traffic_distribution.n43.n29            0                       (Unspecified)
system.ruby.network.ctrl_traffic_distribution.n43.n3            0                       (Unspecified)
system.ruby.network.ctrl_traffic_distribution.n43.n30            0                       (Unspecified)
system.ruby.network.ctrl_traffic_distribution.n43.n31            0                       (Unspecified)
system.ruby.network.ctrl_traffic_distribution.n43.n32            0                       (Unspecified)
system.ruby.network.ctrl_traffic_distribution.n43.n33            0                       (Unspecified)
system.ruby.network.ctrl_traffic_distribution.n43.n34            0                       (Unspecified)
system.ruby.network.ctrl_traffic_distribution.n43.n35            0                       (Unspecified)
system.ruby.network.ctrl_traffic_distribution.n43.n36            0                       (Unspecified)
system.ruby.network.ctrl_traffic_distribution.n43.n37            0                       (Unspecified)
system.ruby.network.ctrl_traffic_distribution.n43.n38            0                       (Unspecified)
system.ruby.network.ctrl_traffic_distribution.n43.n39            0                       (Unspecified)
system.ruby.network.ctrl_traffic_distribution.n43.n4            0                       (Unspecified)
system.ruby.network.ctrl_traffic_distribution.n43.n40            0                       (Unspecified)
system.ruby.network.ctrl_traffic_distribution.n43.n41            0                       (Unspecified)
system.ruby.network.ctrl_traffic_distribution.n43.n42            0                       (Unspecified)
system.ruby.network.ctrl_traffic_distribution.n43.n43            0                       (Unspecified)
system.ruby.network.ctrl_traffic_distribution.n43.n44            0                       (Unspecified)
system.ruby.network.ctrl_traffic_distribution.n43.n45            0                       (Unspecified)
system.ruby.network.ctrl_traffic_distribution.n43.n46            0                       (Unspecified)
system.ruby.network.ctrl_traffic_distribution.n43.n47            0                       (Unspecified)
system.ruby.network.ctrl_traffic_distribution.n43.n48            0                       (Unspecified)
system.ruby.network.ctrl_traffic_distribution.n43.n49            0                       (Unspecified)
system.ruby.network.ctrl_traffic_distribution.n43.n5            0                       (Unspecified)
system.ruby.network.ctrl_traffic_distribution.n43.n50            0                       (Unspecified)
system.ruby.network.ctrl_traffic_distribution.n43.n51            0                       (Unspecified)
system.ruby.network.ctrl_traffic_distribution.n43.n52            0                       (Unspecified)
system.ruby.network.ctrl_traffic_distribution.n43.n53            0                       (Unspecified)
system.ruby.network.ctrl_traffic_distribution.n43.n54            0                       (Unspecified)
system.ruby.network.ctrl_traffic_distribution.n43.n55            0                       (Unspecified)
system.ruby.network.ctrl_traffic_distribution.n43.n56            0                       (Unspecified)
system.ruby.network.ctrl_traffic_distribution.n43.n57            1                       (Unspecified)
system.ruby.network.ctrl_traffic_distribution.n43.n58            0                       (Unspecified)
system.ruby.network.ctrl_traffic_distribution.n43.n59            0                       (Unspecified)
system.ruby.network.ctrl_traffic_distribution.n43.n6            0                       (Unspecified)
system.ruby.network.ctrl_traffic_distribution.n43.n60            0                       (Unspecified)
system.ruby.network.ctrl_traffic_distribution.n43.n61            0                       (Unspecified)
system.ruby.network.ctrl_traffic_distribution.n43.n62            0                       (Unspecified)
system.ruby.network.ctrl_traffic_distribution.n43.n63            0                       (Unspecified)
system.ruby.network.ctrl_traffic_distribution.n43.n7            0                       (Unspecified)
system.ruby.network.ctrl_traffic_distribution.n43.n8            0                       (Unspecified)
system.ruby.network.ctrl_traffic_distribution.n43.n9            0                       (Unspecified)
system.ruby.network.ctrl_traffic_distribution.n44.n0            0                       (Unspecified)
system.ruby.network.ctrl_traffic_distribution.n44.n1            0                       (Unspecified)
system.ruby.network.ctrl_traffic_distribution.n44.n10            0                       (Unspecified)
system.ruby.network.ctrl_traffic_distribution.n44.n11            0                       (Unspecified)
system.ruby.network.ctrl_traffic_distribution.n44.n12            0                       (Unspecified)
system.ruby.network.ctrl_traffic_distribution.n44.n13            0                       (Unspecified)
system.ruby.network.ctrl_traffic_distribution.n44.n14            0                       (Unspecified)
system.ruby.network.ctrl_traffic_distribution.n44.n15            0                       (Unspecified)
system.ruby.network.ctrl_traffic_distribution.n44.n16            0                       (Unspecified)
system.ruby.network.ctrl_traffic_distribution.n44.n17            0                       (Unspecified)
system.ruby.network.ctrl_traffic_distribution.n44.n18            0                       (Unspecified)
system.ruby.network.ctrl_traffic_distribution.n44.n19            0                       (Unspecified)
system.ruby.network.ctrl_traffic_distribution.n44.n2            0                       (Unspecified)
system.ruby.network.ctrl_traffic_distribution.n44.n20            0                       (Unspecified)
system.ruby.network.ctrl_traffic_distribution.n44.n21            0                       (Unspecified)
system.ruby.network.ctrl_traffic_distribution.n44.n22            0                       (Unspecified)
system.ruby.network.ctrl_traffic_distribution.n44.n23            0                       (Unspecified)
system.ruby.network.ctrl_traffic_distribution.n44.n24            1                       (Unspecified)
system.ruby.network.ctrl_traffic_distribution.n44.n25            0                       (Unspecified)
system.ruby.network.ctrl_traffic_distribution.n44.n26            0                       (Unspecified)
system.ruby.network.ctrl_traffic_distribution.n44.n27            0                       (Unspecified)
system.ruby.network.ctrl_traffic_distribution.n44.n28            0                       (Unspecified)
system.ruby.network.ctrl_traffic_distribution.n44.n29            0                       (Unspecified)
system.ruby.network.ctrl_traffic_distribution.n44.n3            0                       (Unspecified)
system.ruby.network.ctrl_traffic_distribution.n44.n30            0                       (Unspecified)
system.ruby.network.ctrl_traffic_distribution.n44.n31            0                       (Unspecified)
system.ruby.network.ctrl_traffic_distribution.n44.n32            0                       (Unspecified)
system.ruby.network.ctrl_traffic_distribution.n44.n33            0                       (Unspecified)
system.ruby.network.ctrl_traffic_distribution.n44.n34            0                       (Unspecified)
system.ruby.network.ctrl_traffic_distribution.n44.n35            0                       (Unspecified)
system.ruby.network.ctrl_traffic_distribution.n44.n36            0                       (Unspecified)
system.ruby.network.ctrl_traffic_distribution.n44.n37            0                       (Unspecified)
system.ruby.network.ctrl_traffic_distribution.n44.n38            0                       (Unspecified)
system.ruby.network.ctrl_traffic_distribution.n44.n39            0                       (Unspecified)
system.ruby.network.ctrl_traffic_distribution.n44.n4            0                       (Unspecified)
system.ruby.network.ctrl_traffic_distribution.n44.n40            0                       (Unspecified)
system.ruby.network.ctrl_traffic_distribution.n44.n41            0                       (Unspecified)
system.ruby.network.ctrl_traffic_distribution.n44.n42            0                       (Unspecified)
system.ruby.network.ctrl_traffic_distribution.n44.n43            0                       (Unspecified)
system.ruby.network.ctrl_traffic_distribution.n44.n44            0                       (Unspecified)
system.ruby.network.ctrl_traffic_distribution.n44.n45            0                       (Unspecified)
system.ruby.network.ctrl_traffic_distribution.n44.n46            0                       (Unspecified)
system.ruby.network.ctrl_traffic_distribution.n44.n47            0                       (Unspecified)
system.ruby.network.ctrl_traffic_distribution.n44.n48            0                       (Unspecified)
system.ruby.network.ctrl_traffic_distribution.n44.n49            0                       (Unspecified)
system.ruby.network.ctrl_traffic_distribution.n44.n5            0                       (Unspecified)
system.ruby.network.ctrl_traffic_distribution.n44.n50            0                       (Unspecified)
system.ruby.network.ctrl_traffic_distribution.n44.n51            0                       (Unspecified)
system.ruby.network.ctrl_traffic_distribution.n44.n52            0                       (Unspecified)
system.ruby.network.ctrl_traffic_distribution.n44.n53            0                       (Unspecified)
system.ruby.network.ctrl_traffic_distribution.n44.n54            0                       (Unspecified)
system.ruby.network.ctrl_traffic_distribution.n44.n55            0                       (Unspecified)
system.ruby.network.ctrl_traffic_distribution.n44.n56            0                       (Unspecified)
system.ruby.network.ctrl_traffic_distribution.n44.n57            0                       (Unspecified)
system.ruby.network.ctrl_traffic_distribution.n44.n58            0                       (Unspecified)
system.ruby.network.ctrl_traffic_distribution.n44.n59            0                       (Unspecified)
system.ruby.network.ctrl_traffic_distribution.n44.n6            0                       (Unspecified)
system.ruby.network.ctrl_traffic_distribution.n44.n60            0                       (Unspecified)
system.ruby.network.ctrl_traffic_distribution.n44.n61            0                       (Unspecified)
system.ruby.network.ctrl_traffic_distribution.n44.n62            0                       (Unspecified)
system.ruby.network.ctrl_traffic_distribution.n44.n63            0                       (Unspecified)
system.ruby.network.ctrl_traffic_distribution.n44.n7            0                       (Unspecified)
system.ruby.network.ctrl_traffic_distribution.n44.n8            0                       (Unspecified)
system.ruby.network.ctrl_traffic_distribution.n44.n9            0                       (Unspecified)
system.ruby.network.ctrl_traffic_distribution.n45.n0            0                       (Unspecified)
system.ruby.network.ctrl_traffic_distribution.n45.n1            0                       (Unspecified)
system.ruby.network.ctrl_traffic_distribution.n45.n10            0                       (Unspecified)
system.ruby.network.ctrl_traffic_distribution.n45.n11            0                       (Unspecified)
system.ruby.network.ctrl_traffic_distribution.n45.n12            0                       (Unspecified)
system.ruby.network.ctrl_traffic_distribution.n45.n13            0                       (Unspecified)
system.ruby.network.ctrl_traffic_distribution.n45.n14            0                       (Unspecified)
system.ruby.network.ctrl_traffic_distribution.n45.n15            0                       (Unspecified)
system.ruby.network.ctrl_traffic_distribution.n45.n16            1                       (Unspecified)
system.ruby.network.ctrl_traffic_distribution.n45.n17            0                       (Unspecified)
system.ruby.network.ctrl_traffic_distribution.n45.n18            0                       (Unspecified)
system.ruby.network.ctrl_traffic_distribution.n45.n19            0                       (Unspecified)
system.ruby.network.ctrl_traffic_distribution.n45.n2            0                       (Unspecified)
system.ruby.network.ctrl_traffic_distribution.n45.n20            0                       (Unspecified)
system.ruby.network.ctrl_traffic_distribution.n45.n21            0                       (Unspecified)
system.ruby.network.ctrl_traffic_distribution.n45.n22            0                       (Unspecified)
system.ruby.network.ctrl_traffic_distribution.n45.n23            0                       (Unspecified)
system.ruby.network.ctrl_traffic_distribution.n45.n24            0                       (Unspecified)
system.ruby.network.ctrl_traffic_distribution.n45.n25            0                       (Unspecified)
system.ruby.network.ctrl_traffic_distribution.n45.n26            0                       (Unspecified)
system.ruby.network.ctrl_traffic_distribution.n45.n27            0                       (Unspecified)
system.ruby.network.ctrl_traffic_distribution.n45.n28            0                       (Unspecified)
system.ruby.network.ctrl_traffic_distribution.n45.n29            0                       (Unspecified)
system.ruby.network.ctrl_traffic_distribution.n45.n3            0                       (Unspecified)
system.ruby.network.ctrl_traffic_distribution.n45.n30            0                       (Unspecified)
system.ruby.network.ctrl_traffic_distribution.n45.n31            0                       (Unspecified)
system.ruby.network.ctrl_traffic_distribution.n45.n32            0                       (Unspecified)
system.ruby.network.ctrl_traffic_distribution.n45.n33            0                       (Unspecified)
system.ruby.network.ctrl_traffic_distribution.n45.n34            0                       (Unspecified)
system.ruby.network.ctrl_traffic_distribution.n45.n35            0                       (Unspecified)
system.ruby.network.ctrl_traffic_distribution.n45.n36            0                       (Unspecified)
system.ruby.network.ctrl_traffic_distribution.n45.n37            0                       (Unspecified)
system.ruby.network.ctrl_traffic_distribution.n45.n38            0                       (Unspecified)
system.ruby.network.ctrl_traffic_distribution.n45.n39            0                       (Unspecified)
system.ruby.network.ctrl_traffic_distribution.n45.n4            0                       (Unspecified)
system.ruby.network.ctrl_traffic_distribution.n45.n40            0                       (Unspecified)
system.ruby.network.ctrl_traffic_distribution.n45.n41            0                       (Unspecified)
system.ruby.network.ctrl_traffic_distribution.n45.n42            0                       (Unspecified)
system.ruby.network.ctrl_traffic_distribution.n45.n43            0                       (Unspecified)
system.ruby.network.ctrl_traffic_distribution.n45.n44            0                       (Unspecified)
system.ruby.network.ctrl_traffic_distribution.n45.n45            0                       (Unspecified)
system.ruby.network.ctrl_traffic_distribution.n45.n46            0                       (Unspecified)
system.ruby.network.ctrl_traffic_distribution.n45.n47            0                       (Unspecified)
system.ruby.network.ctrl_traffic_distribution.n45.n48            0                       (Unspecified)
system.ruby.network.ctrl_traffic_distribution.n45.n49            0                       (Unspecified)
system.ruby.network.ctrl_traffic_distribution.n45.n5            0                       (Unspecified)
system.ruby.network.ctrl_traffic_distribution.n45.n50            0                       (Unspecified)
system.ruby.network.ctrl_traffic_distribution.n45.n51            0                       (Unspecified)
system.ruby.network.ctrl_traffic_distribution.n45.n52            0                       (Unspecified)
system.ruby.network.ctrl_traffic_distribution.n45.n53            0                       (Unspecified)
system.ruby.network.ctrl_traffic_distribution.n45.n54            0                       (Unspecified)
system.ruby.network.ctrl_traffic_distribution.n45.n55            0                       (Unspecified)
system.ruby.network.ctrl_traffic_distribution.n45.n56            0                       (Unspecified)
system.ruby.network.ctrl_traffic_distribution.n45.n57            0                       (Unspecified)
system.ruby.network.ctrl_traffic_distribution.n45.n58            0                       (Unspecified)
system.ruby.network.ctrl_traffic_distribution.n45.n59            0                       (Unspecified)
system.ruby.network.ctrl_traffic_distribution.n45.n6            0                       (Unspecified)
system.ruby.network.ctrl_traffic_distribution.n45.n60            0                       (Unspecified)
system.ruby.network.ctrl_traffic_distribution.n45.n61            0                       (Unspecified)
system.ruby.network.ctrl_traffic_distribution.n45.n62            0                       (Unspecified)
system.ruby.network.ctrl_traffic_distribution.n45.n63            0                       (Unspecified)
system.ruby.network.ctrl_traffic_distribution.n45.n7            0                       (Unspecified)
system.ruby.network.ctrl_traffic_distribution.n45.n8            0                       (Unspecified)
system.ruby.network.ctrl_traffic_distribution.n45.n9            0                       (Unspecified)
system.ruby.network.ctrl_traffic_distribution.n46.n0            1                       (Unspecified)
system.ruby.network.ctrl_traffic_distribution.n46.n1            0                       (Unspecified)
system.ruby.network.ctrl_traffic_distribution.n46.n10            0                       (Unspecified)
system.ruby.network.ctrl_traffic_distribution.n46.n11            0                       (Unspecified)
system.ruby.network.ctrl_traffic_distribution.n46.n12            0                       (Unspecified)
system.ruby.network.ctrl_traffic_distribution.n46.n13            0                       (Unspecified)
system.ruby.network.ctrl_traffic_distribution.n46.n14            0                       (Unspecified)
system.ruby.network.ctrl_traffic_distribution.n46.n15            0                       (Unspecified)
system.ruby.network.ctrl_traffic_distribution.n46.n16            0                       (Unspecified)
system.ruby.network.ctrl_traffic_distribution.n46.n17            0                       (Unspecified)
system.ruby.network.ctrl_traffic_distribution.n46.n18            0                       (Unspecified)
system.ruby.network.ctrl_traffic_distribution.n46.n19            0                       (Unspecified)
system.ruby.network.ctrl_traffic_distribution.n46.n2            0                       (Unspecified)
system.ruby.network.ctrl_traffic_distribution.n46.n20            0                       (Unspecified)
system.ruby.network.ctrl_traffic_distribution.n46.n21            0                       (Unspecified)
system.ruby.network.ctrl_traffic_distribution.n46.n22            0                       (Unspecified)
system.ruby.network.ctrl_traffic_distribution.n46.n23            0                       (Unspecified)
system.ruby.network.ctrl_traffic_distribution.n46.n24            0                       (Unspecified)
system.ruby.network.ctrl_traffic_distribution.n46.n25            0                       (Unspecified)
system.ruby.network.ctrl_traffic_distribution.n46.n26            0                       (Unspecified)
system.ruby.network.ctrl_traffic_distribution.n46.n27            0                       (Unspecified)
system.ruby.network.ctrl_traffic_distribution.n46.n28            0                       (Unspecified)
system.ruby.network.ctrl_traffic_distribution.n46.n29            0                       (Unspecified)
system.ruby.network.ctrl_traffic_distribution.n46.n3            0                       (Unspecified)
system.ruby.network.ctrl_traffic_distribution.n46.n30            0                       (Unspecified)
system.ruby.network.ctrl_traffic_distribution.n46.n31            0                       (Unspecified)
system.ruby.network.ctrl_traffic_distribution.n46.n32            0                       (Unspecified)
system.ruby.network.ctrl_traffic_distribution.n46.n33            0                       (Unspecified)
system.ruby.network.ctrl_traffic_distribution.n46.n34            0                       (Unspecified)
system.ruby.network.ctrl_traffic_distribution.n46.n35            0                       (Unspecified)
system.ruby.network.ctrl_traffic_distribution.n46.n36            0                       (Unspecified)
system.ruby.network.ctrl_traffic_distribution.n46.n37            0                       (Unspecified)
system.ruby.network.ctrl_traffic_distribution.n46.n38            0                       (Unspecified)
system.ruby.network.ctrl_traffic_distribution.n46.n39            0                       (Unspecified)
system.ruby.network.ctrl_traffic_distribution.n46.n4            0                       (Unspecified)
system.ruby.network.ctrl_traffic_distribution.n46.n40            0                       (Unspecified)
system.ruby.network.ctrl_traffic_distribution.n46.n41            0                       (Unspecified)
system.ruby.network.ctrl_traffic_distribution.n46.n42            0                       (Unspecified)
system.ruby.network.ctrl_traffic_distribution.n46.n43            0                       (Unspecified)
system.ruby.network.ctrl_traffic_distribution.n46.n44            0                       (Unspecified)
system.ruby.network.ctrl_traffic_distribution.n46.n45            0                       (Unspecified)
system.ruby.network.ctrl_traffic_distribution.n46.n46            0                       (Unspecified)
system.ruby.network.ctrl_traffic_distribution.n46.n47            0                       (Unspecified)
system.ruby.network.ctrl_traffic_distribution.n46.n48            0                       (Unspecified)
system.ruby.network.ctrl_traffic_distribution.n46.n49            0                       (Unspecified)
system.ruby.network.ctrl_traffic_distribution.n46.n5            1                       (Unspecified)
system.ruby.network.ctrl_traffic_distribution.n46.n50            0                       (Unspecified)
system.ruby.network.ctrl_traffic_distribution.n46.n51            0                       (Unspecified)
system.ruby.network.ctrl_traffic_distribution.n46.n52            0                       (Unspecified)
system.ruby.network.ctrl_traffic_distribution.n46.n53            0                       (Unspecified)
system.ruby.network.ctrl_traffic_distribution.n46.n54            0                       (Unspecified)
system.ruby.network.ctrl_traffic_distribution.n46.n55            0                       (Unspecified)
system.ruby.network.ctrl_traffic_distribution.n46.n56            0                       (Unspecified)
system.ruby.network.ctrl_traffic_distribution.n46.n57            0                       (Unspecified)
system.ruby.network.ctrl_traffic_distribution.n46.n58            1                       (Unspecified)
system.ruby.network.ctrl_traffic_distribution.n46.n59            0                       (Unspecified)
system.ruby.network.ctrl_traffic_distribution.n46.n6            0                       (Unspecified)
system.ruby.network.ctrl_traffic_distribution.n46.n60            0                       (Unspecified)
system.ruby.network.ctrl_traffic_distribution.n46.n61            0                       (Unspecified)
system.ruby.network.ctrl_traffic_distribution.n46.n62            0                       (Unspecified)
system.ruby.network.ctrl_traffic_distribution.n46.n63            0                       (Unspecified)
system.ruby.network.ctrl_traffic_distribution.n46.n7            0                       (Unspecified)
system.ruby.network.ctrl_traffic_distribution.n46.n8            0                       (Unspecified)
system.ruby.network.ctrl_traffic_distribution.n46.n9            0                       (Unspecified)
system.ruby.network.ctrl_traffic_distribution.n47.n0            0                       (Unspecified)
system.ruby.network.ctrl_traffic_distribution.n47.n1            0                       (Unspecified)
system.ruby.network.ctrl_traffic_distribution.n47.n10            0                       (Unspecified)
system.ruby.network.ctrl_traffic_distribution.n47.n11            0                       (Unspecified)
system.ruby.network.ctrl_traffic_distribution.n47.n12            1                       (Unspecified)
system.ruby.network.ctrl_traffic_distribution.n47.n13            0                       (Unspecified)
system.ruby.network.ctrl_traffic_distribution.n47.n14            0                       (Unspecified)
system.ruby.network.ctrl_traffic_distribution.n47.n15            0                       (Unspecified)
system.ruby.network.ctrl_traffic_distribution.n47.n16            0                       (Unspecified)
system.ruby.network.ctrl_traffic_distribution.n47.n17            0                       (Unspecified)
system.ruby.network.ctrl_traffic_distribution.n47.n18            0                       (Unspecified)
system.ruby.network.ctrl_traffic_distribution.n47.n19            0                       (Unspecified)
system.ruby.network.ctrl_traffic_distribution.n47.n2            0                       (Unspecified)
system.ruby.network.ctrl_traffic_distribution.n47.n20            0                       (Unspecified)
system.ruby.network.ctrl_traffic_distribution.n47.n21            0                       (Unspecified)
system.ruby.network.ctrl_traffic_distribution.n47.n22            0                       (Unspecified)
system.ruby.network.ctrl_traffic_distribution.n47.n23            0                       (Unspecified)
system.ruby.network.ctrl_traffic_distribution.n47.n24            0                       (Unspecified)
system.ruby.network.ctrl_traffic_distribution.n47.n25            0                       (Unspecified)
system.ruby.network.ctrl_traffic_distribution.n47.n26            0                       (Unspecified)
system.ruby.network.ctrl_traffic_distribution.n47.n27            0                       (Unspecified)
system.ruby.network.ctrl_traffic_distribution.n47.n28            0                       (Unspecified)
system.ruby.network.ctrl_traffic_distribution.n47.n29            0                       (Unspecified)
system.ruby.network.ctrl_traffic_distribution.n47.n3            0                       (Unspecified)
system.ruby.network.ctrl_traffic_distribution.n47.n30            0                       (Unspecified)
system.ruby.network.ctrl_traffic_distribution.n47.n31            0                       (Unspecified)
system.ruby.network.ctrl_traffic_distribution.n47.n32            0                       (Unspecified)
system.ruby.network.ctrl_traffic_distribution.n47.n33            0                       (Unspecified)
system.ruby.network.ctrl_traffic_distribution.n47.n34            0                       (Unspecified)
system.ruby.network.ctrl_traffic_distribution.n47.n35            0                       (Unspecified)
system.ruby.network.ctrl_traffic_distribution.n47.n36            0                       (Unspecified)
system.ruby.network.ctrl_traffic_distribution.n47.n37            0                       (Unspecified)
system.ruby.network.ctrl_traffic_distribution.n47.n38            0                       (Unspecified)
system.ruby.network.ctrl_traffic_distribution.n47.n39            0                       (Unspecified)
system.ruby.network.ctrl_traffic_distribution.n47.n4            0                       (Unspecified)
system.ruby.network.ctrl_traffic_distribution.n47.n40            0                       (Unspecified)
system.ruby.network.ctrl_traffic_distribution.n47.n41            0                       (Unspecified)
system.ruby.network.ctrl_traffic_distribution.n47.n42            0                       (Unspecified)
system.ruby.network.ctrl_traffic_distribution.n47.n43            0                       (Unspecified)
system.ruby.network.ctrl_traffic_distribution.n47.n44            0                       (Unspecified)
system.ruby.network.ctrl_traffic_distribution.n47.n45            0                       (Unspecified)
system.ruby.network.ctrl_traffic_distribution.n47.n46            0                       (Unspecified)
system.ruby.network.ctrl_traffic_distribution.n47.n47            0                       (Unspecified)
system.ruby.network.ctrl_traffic_distribution.n47.n48            0                       (Unspecified)
system.ruby.network.ctrl_traffic_distribution.n47.n49            0                       (Unspecified)
system.ruby.network.ctrl_traffic_distribution.n47.n5            0                       (Unspecified)
system.ruby.network.ctrl_traffic_distribution.n47.n50            0                       (Unspecified)
system.ruby.network.ctrl_traffic_distribution.n47.n51            0                       (Unspecified)
system.ruby.network.ctrl_traffic_distribution.n47.n52            0                       (Unspecified)
system.ruby.network.ctrl_traffic_distribution.n47.n53            0                       (Unspecified)
system.ruby.network.ctrl_traffic_distribution.n47.n54            0                       (Unspecified)
system.ruby.network.ctrl_traffic_distribution.n47.n55            0                       (Unspecified)
system.ruby.network.ctrl_traffic_distribution.n47.n56            0                       (Unspecified)
system.ruby.network.ctrl_traffic_distribution.n47.n57            0                       (Unspecified)
system.ruby.network.ctrl_traffic_distribution.n47.n58            0                       (Unspecified)
system.ruby.network.ctrl_traffic_distribution.n47.n59            0                       (Unspecified)
system.ruby.network.ctrl_traffic_distribution.n47.n6            0                       (Unspecified)
system.ruby.network.ctrl_traffic_distribution.n47.n60            0                       (Unspecified)
system.ruby.network.ctrl_traffic_distribution.n47.n61            0                       (Unspecified)
system.ruby.network.ctrl_traffic_distribution.n47.n62            0                       (Unspecified)
system.ruby.network.ctrl_traffic_distribution.n47.n63            0                       (Unspecified)
system.ruby.network.ctrl_traffic_distribution.n47.n7            0                       (Unspecified)
system.ruby.network.ctrl_traffic_distribution.n47.n8            0                       (Unspecified)
system.ruby.network.ctrl_traffic_distribution.n47.n9            0                       (Unspecified)
system.ruby.network.ctrl_traffic_distribution.n48.n0            0                       (Unspecified)
system.ruby.network.ctrl_traffic_distribution.n48.n1            0                       (Unspecified)
system.ruby.network.ctrl_traffic_distribution.n48.n10            0                       (Unspecified)
system.ruby.network.ctrl_traffic_distribution.n48.n11            0                       (Unspecified)
system.ruby.network.ctrl_traffic_distribution.n48.n12            0                       (Unspecified)
system.ruby.network.ctrl_traffic_distribution.n48.n13            0                       (Unspecified)
system.ruby.network.ctrl_traffic_distribution.n48.n14            0                       (Unspecified)
system.ruby.network.ctrl_traffic_distribution.n48.n15            0                       (Unspecified)
system.ruby.network.ctrl_traffic_distribution.n48.n16            0                       (Unspecified)
system.ruby.network.ctrl_traffic_distribution.n48.n17            0                       (Unspecified)
system.ruby.network.ctrl_traffic_distribution.n48.n18            0                       (Unspecified)
system.ruby.network.ctrl_traffic_distribution.n48.n19            0                       (Unspecified)
system.ruby.network.ctrl_traffic_distribution.n48.n2            0                       (Unspecified)
system.ruby.network.ctrl_traffic_distribution.n48.n20            0                       (Unspecified)
system.ruby.network.ctrl_traffic_distribution.n48.n21            0                       (Unspecified)
system.ruby.network.ctrl_traffic_distribution.n48.n22            0                       (Unspecified)
system.ruby.network.ctrl_traffic_distribution.n48.n23            0                       (Unspecified)
system.ruby.network.ctrl_traffic_distribution.n48.n24            0                       (Unspecified)
system.ruby.network.ctrl_traffic_distribution.n48.n25            0                       (Unspecified)
system.ruby.network.ctrl_traffic_distribution.n48.n26            0                       (Unspecified)
system.ruby.network.ctrl_traffic_distribution.n48.n27            0                       (Unspecified)
system.ruby.network.ctrl_traffic_distribution.n48.n28            0                       (Unspecified)
system.ruby.network.ctrl_traffic_distribution.n48.n29            0                       (Unspecified)
system.ruby.network.ctrl_traffic_distribution.n48.n3            0                       (Unspecified)
system.ruby.network.ctrl_traffic_distribution.n48.n30            0                       (Unspecified)
system.ruby.network.ctrl_traffic_distribution.n48.n31            0                       (Unspecified)
system.ruby.network.ctrl_traffic_distribution.n48.n32            0                       (Unspecified)
system.ruby.network.ctrl_traffic_distribution.n48.n33            0                       (Unspecified)
system.ruby.network.ctrl_traffic_distribution.n48.n34            0                       (Unspecified)
system.ruby.network.ctrl_traffic_distribution.n48.n35            0                       (Unspecified)
system.ruby.network.ctrl_traffic_distribution.n48.n36            0                       (Unspecified)
system.ruby.network.ctrl_traffic_distribution.n48.n37            0                       (Unspecified)
system.ruby.network.ctrl_traffic_distribution.n48.n38            0                       (Unspecified)
system.ruby.network.ctrl_traffic_distribution.n48.n39            0                       (Unspecified)
system.ruby.network.ctrl_traffic_distribution.n48.n4            0                       (Unspecified)
system.ruby.network.ctrl_traffic_distribution.n48.n40            0                       (Unspecified)
system.ruby.network.ctrl_traffic_distribution.n48.n41            0                       (Unspecified)
system.ruby.network.ctrl_traffic_distribution.n48.n42            0                       (Unspecified)
system.ruby.network.ctrl_traffic_distribution.n48.n43            0                       (Unspecified)
system.ruby.network.ctrl_traffic_distribution.n48.n44            0                       (Unspecified)
system.ruby.network.ctrl_traffic_distribution.n48.n45            0                       (Unspecified)
system.ruby.network.ctrl_traffic_distribution.n48.n46            0                       (Unspecified)
system.ruby.network.ctrl_traffic_distribution.n48.n47            0                       (Unspecified)
system.ruby.network.ctrl_traffic_distribution.n48.n48            0                       (Unspecified)
system.ruby.network.ctrl_traffic_distribution.n48.n49            0                       (Unspecified)
system.ruby.network.ctrl_traffic_distribution.n48.n5            0                       (Unspecified)
system.ruby.network.ctrl_traffic_distribution.n48.n50            0                       (Unspecified)
system.ruby.network.ctrl_traffic_distribution.n48.n51            0                       (Unspecified)
system.ruby.network.ctrl_traffic_distribution.n48.n52            0                       (Unspecified)
system.ruby.network.ctrl_traffic_distribution.n48.n53            0                       (Unspecified)
system.ruby.network.ctrl_traffic_distribution.n48.n54            0                       (Unspecified)
system.ruby.network.ctrl_traffic_distribution.n48.n55            0                       (Unspecified)
system.ruby.network.ctrl_traffic_distribution.n48.n56            0                       (Unspecified)
system.ruby.network.ctrl_traffic_distribution.n48.n57            0                       (Unspecified)
system.ruby.network.ctrl_traffic_distribution.n48.n58            0                       (Unspecified)
system.ruby.network.ctrl_traffic_distribution.n48.n59            0                       (Unspecified)
system.ruby.network.ctrl_traffic_distribution.n48.n6            0                       (Unspecified)
system.ruby.network.ctrl_traffic_distribution.n48.n60            0                       (Unspecified)
system.ruby.network.ctrl_traffic_distribution.n48.n61            0                       (Unspecified)
system.ruby.network.ctrl_traffic_distribution.n48.n62            0                       (Unspecified)
system.ruby.network.ctrl_traffic_distribution.n48.n63            0                       (Unspecified)
system.ruby.network.ctrl_traffic_distribution.n48.n7            0                       (Unspecified)
system.ruby.network.ctrl_traffic_distribution.n48.n8            0                       (Unspecified)
system.ruby.network.ctrl_traffic_distribution.n48.n9            0                       (Unspecified)
system.ruby.network.ctrl_traffic_distribution.n49.n0            0                       (Unspecified)
system.ruby.network.ctrl_traffic_distribution.n49.n1            0                       (Unspecified)
system.ruby.network.ctrl_traffic_distribution.n49.n10            0                       (Unspecified)
system.ruby.network.ctrl_traffic_distribution.n49.n11            0                       (Unspecified)
system.ruby.network.ctrl_traffic_distribution.n49.n12            0                       (Unspecified)
system.ruby.network.ctrl_traffic_distribution.n49.n13            0                       (Unspecified)
system.ruby.network.ctrl_traffic_distribution.n49.n14            0                       (Unspecified)
system.ruby.network.ctrl_traffic_distribution.n49.n15            0                       (Unspecified)
system.ruby.network.ctrl_traffic_distribution.n49.n16            0                       (Unspecified)
system.ruby.network.ctrl_traffic_distribution.n49.n17            0                       (Unspecified)
system.ruby.network.ctrl_traffic_distribution.n49.n18            0                       (Unspecified)
system.ruby.network.ctrl_traffic_distribution.n49.n19            0                       (Unspecified)
system.ruby.network.ctrl_traffic_distribution.n49.n2            0                       (Unspecified)
system.ruby.network.ctrl_traffic_distribution.n49.n20            0                       (Unspecified)
system.ruby.network.ctrl_traffic_distribution.n49.n21            0                       (Unspecified)
system.ruby.network.ctrl_traffic_distribution.n49.n22            0                       (Unspecified)
system.ruby.network.ctrl_traffic_distribution.n49.n23            0                       (Unspecified)
system.ruby.network.ctrl_traffic_distribution.n49.n24            0                       (Unspecified)
system.ruby.network.ctrl_traffic_distribution.n49.n25            0                       (Unspecified)
system.ruby.network.ctrl_traffic_distribution.n49.n26            0                       (Unspecified)
system.ruby.network.ctrl_traffic_distribution.n49.n27            0                       (Unspecified)
system.ruby.network.ctrl_traffic_distribution.n49.n28            0                       (Unspecified)
system.ruby.network.ctrl_traffic_distribution.n49.n29            0                       (Unspecified)
system.ruby.network.ctrl_traffic_distribution.n49.n3            0                       (Unspecified)
system.ruby.network.ctrl_traffic_distribution.n49.n30            0                       (Unspecified)
system.ruby.network.ctrl_traffic_distribution.n49.n31            0                       (Unspecified)
system.ruby.network.ctrl_traffic_distribution.n49.n32            1                       (Unspecified)
system.ruby.network.ctrl_traffic_distribution.n49.n33            0                       (Unspecified)
system.ruby.network.ctrl_traffic_distribution.n49.n34            0                       (Unspecified)
system.ruby.network.ctrl_traffic_distribution.n49.n35            0                       (Unspecified)
system.ruby.network.ctrl_traffic_distribution.n49.n36            0                       (Unspecified)
system.ruby.network.ctrl_traffic_distribution.n49.n37            0                       (Unspecified)
system.ruby.network.ctrl_traffic_distribution.n49.n38            0                       (Unspecified)
system.ruby.network.ctrl_traffic_distribution.n49.n39            0                       (Unspecified)
system.ruby.network.ctrl_traffic_distribution.n49.n4            0                       (Unspecified)
system.ruby.network.ctrl_traffic_distribution.n49.n40            0                       (Unspecified)
system.ruby.network.ctrl_traffic_distribution.n49.n41            0                       (Unspecified)
system.ruby.network.ctrl_traffic_distribution.n49.n42            0                       (Unspecified)
system.ruby.network.ctrl_traffic_distribution.n49.n43            0                       (Unspecified)
system.ruby.network.ctrl_traffic_distribution.n49.n44            0                       (Unspecified)
system.ruby.network.ctrl_traffic_distribution.n49.n45            0                       (Unspecified)
system.ruby.network.ctrl_traffic_distribution.n49.n46            0                       (Unspecified)
system.ruby.network.ctrl_traffic_distribution.n49.n47            0                       (Unspecified)
system.ruby.network.ctrl_traffic_distribution.n49.n48            0                       (Unspecified)
system.ruby.network.ctrl_traffic_distribution.n49.n49            0                       (Unspecified)
system.ruby.network.ctrl_traffic_distribution.n49.n5            0                       (Unspecified)
system.ruby.network.ctrl_traffic_distribution.n49.n50            0                       (Unspecified)
system.ruby.network.ctrl_traffic_distribution.n49.n51            0                       (Unspecified)
system.ruby.network.ctrl_traffic_distribution.n49.n52            0                       (Unspecified)
system.ruby.network.ctrl_traffic_distribution.n49.n53            0                       (Unspecified)
system.ruby.network.ctrl_traffic_distribution.n49.n54            0                       (Unspecified)
system.ruby.network.ctrl_traffic_distribution.n49.n55            1                       (Unspecified)
system.ruby.network.ctrl_traffic_distribution.n49.n56            0                       (Unspecified)
system.ruby.network.ctrl_traffic_distribution.n49.n57            0                       (Unspecified)
system.ruby.network.ctrl_traffic_distribution.n49.n58            0                       (Unspecified)
system.ruby.network.ctrl_traffic_distribution.n49.n59            0                       (Unspecified)
system.ruby.network.ctrl_traffic_distribution.n49.n6            0                       (Unspecified)
system.ruby.network.ctrl_traffic_distribution.n49.n60            0                       (Unspecified)
system.ruby.network.ctrl_traffic_distribution.n49.n61            0                       (Unspecified)
system.ruby.network.ctrl_traffic_distribution.n49.n62            0                       (Unspecified)
system.ruby.network.ctrl_traffic_distribution.n49.n63            0                       (Unspecified)
system.ruby.network.ctrl_traffic_distribution.n49.n7            0                       (Unspecified)
system.ruby.network.ctrl_traffic_distribution.n49.n8            0                       (Unspecified)
system.ruby.network.ctrl_traffic_distribution.n49.n9            0                       (Unspecified)
system.ruby.network.ctrl_traffic_distribution.n5.n0            0                       (Unspecified)
system.ruby.network.ctrl_traffic_distribution.n5.n1            0                       (Unspecified)
system.ruby.network.ctrl_traffic_distribution.n5.n10            0                       (Unspecified)
system.ruby.network.ctrl_traffic_distribution.n5.n11            0                       (Unspecified)
system.ruby.network.ctrl_traffic_distribution.n5.n12            0                       (Unspecified)
system.ruby.network.ctrl_traffic_distribution.n5.n13            0                       (Unspecified)
system.ruby.network.ctrl_traffic_distribution.n5.n14            0                       (Unspecified)
system.ruby.network.ctrl_traffic_distribution.n5.n15            0                       (Unspecified)
system.ruby.network.ctrl_traffic_distribution.n5.n16            0                       (Unspecified)
system.ruby.network.ctrl_traffic_distribution.n5.n17            0                       (Unspecified)
system.ruby.network.ctrl_traffic_distribution.n5.n18            0                       (Unspecified)
system.ruby.network.ctrl_traffic_distribution.n5.n19            0                       (Unspecified)
system.ruby.network.ctrl_traffic_distribution.n5.n2            0                       (Unspecified)
system.ruby.network.ctrl_traffic_distribution.n5.n20            0                       (Unspecified)
system.ruby.network.ctrl_traffic_distribution.n5.n21            0                       (Unspecified)
system.ruby.network.ctrl_traffic_distribution.n5.n22            0                       (Unspecified)
system.ruby.network.ctrl_traffic_distribution.n5.n23            0                       (Unspecified)
system.ruby.network.ctrl_traffic_distribution.n5.n24            0                       (Unspecified)
system.ruby.network.ctrl_traffic_distribution.n5.n25            0                       (Unspecified)
system.ruby.network.ctrl_traffic_distribution.n5.n26            1                       (Unspecified)
system.ruby.network.ctrl_traffic_distribution.n5.n27            0                       (Unspecified)
system.ruby.network.ctrl_traffic_distribution.n5.n28            0                       (Unspecified)
system.ruby.network.ctrl_traffic_distribution.n5.n29            0                       (Unspecified)
system.ruby.network.ctrl_traffic_distribution.n5.n3            0                       (Unspecified)
system.ruby.network.ctrl_traffic_distribution.n5.n30            0                       (Unspecified)
system.ruby.network.ctrl_traffic_distribution.n5.n31            0                       (Unspecified)
system.ruby.network.ctrl_traffic_distribution.n5.n32            0                       (Unspecified)
system.ruby.network.ctrl_traffic_distribution.n5.n33            0                       (Unspecified)
system.ruby.network.ctrl_traffic_distribution.n5.n34            0                       (Unspecified)
system.ruby.network.ctrl_traffic_distribution.n5.n35            0                       (Unspecified)
system.ruby.network.ctrl_traffic_distribution.n5.n36            0                       (Unspecified)
system.ruby.network.ctrl_traffic_distribution.n5.n37            0                       (Unspecified)
system.ruby.network.ctrl_traffic_distribution.n5.n38            0                       (Unspecified)
system.ruby.network.ctrl_traffic_distribution.n5.n39            0                       (Unspecified)
system.ruby.network.ctrl_traffic_distribution.n5.n4            0                       (Unspecified)
system.ruby.network.ctrl_traffic_distribution.n5.n40            0                       (Unspecified)
system.ruby.network.ctrl_traffic_distribution.n5.n41            1                       (Unspecified)
system.ruby.network.ctrl_traffic_distribution.n5.n42            0                       (Unspecified)
system.ruby.network.ctrl_traffic_distribution.n5.n43            0                       (Unspecified)
system.ruby.network.ctrl_traffic_distribution.n5.n44            0                       (Unspecified)
system.ruby.network.ctrl_traffic_distribution.n5.n45            0                       (Unspecified)
system.ruby.network.ctrl_traffic_distribution.n5.n46            1                       (Unspecified)
system.ruby.network.ctrl_traffic_distribution.n5.n47            0                       (Unspecified)
system.ruby.network.ctrl_traffic_distribution.n5.n48            0                       (Unspecified)
system.ruby.network.ctrl_traffic_distribution.n5.n49            0                       (Unspecified)
system.ruby.network.ctrl_traffic_distribution.n5.n5            0                       (Unspecified)
system.ruby.network.ctrl_traffic_distribution.n5.n50            0                       (Unspecified)
system.ruby.network.ctrl_traffic_distribution.n5.n51            0                       (Unspecified)
system.ruby.network.ctrl_traffic_distribution.n5.n52            0                       (Unspecified)
system.ruby.network.ctrl_traffic_distribution.n5.n53            0                       (Unspecified)
system.ruby.network.ctrl_traffic_distribution.n5.n54            0                       (Unspecified)
system.ruby.network.ctrl_traffic_distribution.n5.n55            0                       (Unspecified)
system.ruby.network.ctrl_traffic_distribution.n5.n56            0                       (Unspecified)
system.ruby.network.ctrl_traffic_distribution.n5.n57            0                       (Unspecified)
system.ruby.network.ctrl_traffic_distribution.n5.n58            0                       (Unspecified)
system.ruby.network.ctrl_traffic_distribution.n5.n59            0                       (Unspecified)
system.ruby.network.ctrl_traffic_distribution.n5.n6            0                       (Unspecified)
system.ruby.network.ctrl_traffic_distribution.n5.n60            0                       (Unspecified)
system.ruby.network.ctrl_traffic_distribution.n5.n61            0                       (Unspecified)
system.ruby.network.ctrl_traffic_distribution.n5.n62            0                       (Unspecified)
system.ruby.network.ctrl_traffic_distribution.n5.n63            0                       (Unspecified)
system.ruby.network.ctrl_traffic_distribution.n5.n7            0                       (Unspecified)
system.ruby.network.ctrl_traffic_distribution.n5.n8            0                       (Unspecified)
system.ruby.network.ctrl_traffic_distribution.n5.n9            0                       (Unspecified)
system.ruby.network.ctrl_traffic_distribution.n50.n0            0                       (Unspecified)
system.ruby.network.ctrl_traffic_distribution.n50.n1            0                       (Unspecified)
system.ruby.network.ctrl_traffic_distribution.n50.n10            0                       (Unspecified)
system.ruby.network.ctrl_traffic_distribution.n50.n11            0                       (Unspecified)
system.ruby.network.ctrl_traffic_distribution.n50.n12            0                       (Unspecified)
system.ruby.network.ctrl_traffic_distribution.n50.n13            0                       (Unspecified)
system.ruby.network.ctrl_traffic_distribution.n50.n14            0                       (Unspecified)
system.ruby.network.ctrl_traffic_distribution.n50.n15            0                       (Unspecified)
system.ruby.network.ctrl_traffic_distribution.n50.n16            0                       (Unspecified)
system.ruby.network.ctrl_traffic_distribution.n50.n17            0                       (Unspecified)
system.ruby.network.ctrl_traffic_distribution.n50.n18            0                       (Unspecified)
system.ruby.network.ctrl_traffic_distribution.n50.n19            0                       (Unspecified)
system.ruby.network.ctrl_traffic_distribution.n50.n2            0                       (Unspecified)
system.ruby.network.ctrl_traffic_distribution.n50.n20            0                       (Unspecified)
system.ruby.network.ctrl_traffic_distribution.n50.n21            0                       (Unspecified)
system.ruby.network.ctrl_traffic_distribution.n50.n22            0                       (Unspecified)
system.ruby.network.ctrl_traffic_distribution.n50.n23            0                       (Unspecified)
system.ruby.network.ctrl_traffic_distribution.n50.n24            0                       (Unspecified)
system.ruby.network.ctrl_traffic_distribution.n50.n25            1                       (Unspecified)
system.ruby.network.ctrl_traffic_distribution.n50.n26            0                       (Unspecified)
system.ruby.network.ctrl_traffic_distribution.n50.n27            0                       (Unspecified)
system.ruby.network.ctrl_traffic_distribution.n50.n28            0                       (Unspecified)
system.ruby.network.ctrl_traffic_distribution.n50.n29            0                       (Unspecified)
system.ruby.network.ctrl_traffic_distribution.n50.n3            0                       (Unspecified)
system.ruby.network.ctrl_traffic_distribution.n50.n30            0                       (Unspecified)
system.ruby.network.ctrl_traffic_distribution.n50.n31            0                       (Unspecified)
system.ruby.network.ctrl_traffic_distribution.n50.n32            0                       (Unspecified)
system.ruby.network.ctrl_traffic_distribution.n50.n33            0                       (Unspecified)
system.ruby.network.ctrl_traffic_distribution.n50.n34            0                       (Unspecified)
system.ruby.network.ctrl_traffic_distribution.n50.n35            0                       (Unspecified)
system.ruby.network.ctrl_traffic_distribution.n50.n36            0                       (Unspecified)
system.ruby.network.ctrl_traffic_distribution.n50.n37            0                       (Unspecified)
system.ruby.network.ctrl_traffic_distribution.n50.n38            0                       (Unspecified)
system.ruby.network.ctrl_traffic_distribution.n50.n39            0                       (Unspecified)
system.ruby.network.ctrl_traffic_distribution.n50.n4            0                       (Unspecified)
system.ruby.network.ctrl_traffic_distribution.n50.n40            0                       (Unspecified)
system.ruby.network.ctrl_traffic_distribution.n50.n41            0                       (Unspecified)
system.ruby.network.ctrl_traffic_distribution.n50.n42            0                       (Unspecified)
system.ruby.network.ctrl_traffic_distribution.n50.n43            0                       (Unspecified)
system.ruby.network.ctrl_traffic_distribution.n50.n44            0                       (Unspecified)
system.ruby.network.ctrl_traffic_distribution.n50.n45            0                       (Unspecified)
system.ruby.network.ctrl_traffic_distribution.n50.n46            0                       (Unspecified)
system.ruby.network.ctrl_traffic_distribution.n50.n47            0                       (Unspecified)
system.ruby.network.ctrl_traffic_distribution.n50.n48            0                       (Unspecified)
system.ruby.network.ctrl_traffic_distribution.n50.n49            0                       (Unspecified)
system.ruby.network.ctrl_traffic_distribution.n50.n5            0                       (Unspecified)
system.ruby.network.ctrl_traffic_distribution.n50.n50            0                       (Unspecified)
system.ruby.network.ctrl_traffic_distribution.n50.n51            0                       (Unspecified)
system.ruby.network.ctrl_traffic_distribution.n50.n52            0                       (Unspecified)
system.ruby.network.ctrl_traffic_distribution.n50.n53            0                       (Unspecified)
system.ruby.network.ctrl_traffic_distribution.n50.n54            0                       (Unspecified)
system.ruby.network.ctrl_traffic_distribution.n50.n55            0                       (Unspecified)
system.ruby.network.ctrl_traffic_distribution.n50.n56            0                       (Unspecified)
system.ruby.network.ctrl_traffic_distribution.n50.n57            0                       (Unspecified)
system.ruby.network.ctrl_traffic_distribution.n50.n58            0                       (Unspecified)
system.ruby.network.ctrl_traffic_distribution.n50.n59            0                       (Unspecified)
system.ruby.network.ctrl_traffic_distribution.n50.n6            0                       (Unspecified)
system.ruby.network.ctrl_traffic_distribution.n50.n60            0                       (Unspecified)
system.ruby.network.ctrl_traffic_distribution.n50.n61            0                       (Unspecified)
system.ruby.network.ctrl_traffic_distribution.n50.n62            0                       (Unspecified)
system.ruby.network.ctrl_traffic_distribution.n50.n63            0                       (Unspecified)
system.ruby.network.ctrl_traffic_distribution.n50.n7            0                       (Unspecified)
system.ruby.network.ctrl_traffic_distribution.n50.n8            0                       (Unspecified)
system.ruby.network.ctrl_traffic_distribution.n50.n9            0                       (Unspecified)
system.ruby.network.ctrl_traffic_distribution.n51.n0            0                       (Unspecified)
system.ruby.network.ctrl_traffic_distribution.n51.n1            0                       (Unspecified)
system.ruby.network.ctrl_traffic_distribution.n51.n10            0                       (Unspecified)
system.ruby.network.ctrl_traffic_distribution.n51.n11            0                       (Unspecified)
system.ruby.network.ctrl_traffic_distribution.n51.n12            0                       (Unspecified)
system.ruby.network.ctrl_traffic_distribution.n51.n13            0                       (Unspecified)
system.ruby.network.ctrl_traffic_distribution.n51.n14            0                       (Unspecified)
system.ruby.network.ctrl_traffic_distribution.n51.n15            0                       (Unspecified)
system.ruby.network.ctrl_traffic_distribution.n51.n16            0                       (Unspecified)
system.ruby.network.ctrl_traffic_distribution.n51.n17            0                       (Unspecified)
system.ruby.network.ctrl_traffic_distribution.n51.n18            0                       (Unspecified)
system.ruby.network.ctrl_traffic_distribution.n51.n19            0                       (Unspecified)
system.ruby.network.ctrl_traffic_distribution.n51.n2            0                       (Unspecified)
system.ruby.network.ctrl_traffic_distribution.n51.n20            0                       (Unspecified)
system.ruby.network.ctrl_traffic_distribution.n51.n21            0                       (Unspecified)
system.ruby.network.ctrl_traffic_distribution.n51.n22            0                       (Unspecified)
system.ruby.network.ctrl_traffic_distribution.n51.n23            0                       (Unspecified)
system.ruby.network.ctrl_traffic_distribution.n51.n24            0                       (Unspecified)
system.ruby.network.ctrl_traffic_distribution.n51.n25            0                       (Unspecified)
system.ruby.network.ctrl_traffic_distribution.n51.n26            0                       (Unspecified)
system.ruby.network.ctrl_traffic_distribution.n51.n27            0                       (Unspecified)
system.ruby.network.ctrl_traffic_distribution.n51.n28            0                       (Unspecified)
system.ruby.network.ctrl_traffic_distribution.n51.n29            0                       (Unspecified)
system.ruby.network.ctrl_traffic_distribution.n51.n3            0                       (Unspecified)
system.ruby.network.ctrl_traffic_distribution.n51.n30            0                       (Unspecified)
system.ruby.network.ctrl_traffic_distribution.n51.n31            0                       (Unspecified)
system.ruby.network.ctrl_traffic_distribution.n51.n32            0                       (Unspecified)
system.ruby.network.ctrl_traffic_distribution.n51.n33            0                       (Unspecified)
system.ruby.network.ctrl_traffic_distribution.n51.n34            0                       (Unspecified)
system.ruby.network.ctrl_traffic_distribution.n51.n35            0                       (Unspecified)
system.ruby.network.ctrl_traffic_distribution.n51.n36            0                       (Unspecified)
system.ruby.network.ctrl_traffic_distribution.n51.n37            0                       (Unspecified)
system.ruby.network.ctrl_traffic_distribution.n51.n38            0                       (Unspecified)
system.ruby.network.ctrl_traffic_distribution.n51.n39            0                       (Unspecified)
system.ruby.network.ctrl_traffic_distribution.n51.n4            0                       (Unspecified)
system.ruby.network.ctrl_traffic_distribution.n51.n40            0                       (Unspecified)
system.ruby.network.ctrl_traffic_distribution.n51.n41            0                       (Unspecified)
system.ruby.network.ctrl_traffic_distribution.n51.n42            0                       (Unspecified)
system.ruby.network.ctrl_traffic_distribution.n51.n43            0                       (Unspecified)
system.ruby.network.ctrl_traffic_distribution.n51.n44            0                       (Unspecified)
system.ruby.network.ctrl_traffic_distribution.n51.n45            0                       (Unspecified)
system.ruby.network.ctrl_traffic_distribution.n51.n46            0                       (Unspecified)
system.ruby.network.ctrl_traffic_distribution.n51.n47            0                       (Unspecified)
system.ruby.network.ctrl_traffic_distribution.n51.n48            0                       (Unspecified)
system.ruby.network.ctrl_traffic_distribution.n51.n49            0                       (Unspecified)
system.ruby.network.ctrl_traffic_distribution.n51.n5            0                       (Unspecified)
system.ruby.network.ctrl_traffic_distribution.n51.n50            0                       (Unspecified)
system.ruby.network.ctrl_traffic_distribution.n51.n51            0                       (Unspecified)
system.ruby.network.ctrl_traffic_distribution.n51.n52            0                       (Unspecified)
system.ruby.network.ctrl_traffic_distribution.n51.n53            0                       (Unspecified)
system.ruby.network.ctrl_traffic_distribution.n51.n54            0                       (Unspecified)
system.ruby.network.ctrl_traffic_distribution.n51.n55            0                       (Unspecified)
system.ruby.network.ctrl_traffic_distribution.n51.n56            0                       (Unspecified)
system.ruby.network.ctrl_traffic_distribution.n51.n57            0                       (Unspecified)
system.ruby.network.ctrl_traffic_distribution.n51.n58            0                       (Unspecified)
system.ruby.network.ctrl_traffic_distribution.n51.n59            0                       (Unspecified)
system.ruby.network.ctrl_traffic_distribution.n51.n6            0                       (Unspecified)
system.ruby.network.ctrl_traffic_distribution.n51.n60            0                       (Unspecified)
system.ruby.network.ctrl_traffic_distribution.n51.n61            0                       (Unspecified)
system.ruby.network.ctrl_traffic_distribution.n51.n62            0                       (Unspecified)
system.ruby.network.ctrl_traffic_distribution.n51.n63            0                       (Unspecified)
system.ruby.network.ctrl_traffic_distribution.n51.n7            0                       (Unspecified)
system.ruby.network.ctrl_traffic_distribution.n51.n8            0                       (Unspecified)
system.ruby.network.ctrl_traffic_distribution.n51.n9            0                       (Unspecified)
system.ruby.network.ctrl_traffic_distribution.n52.n0            0                       (Unspecified)
system.ruby.network.ctrl_traffic_distribution.n52.n1            0                       (Unspecified)
system.ruby.network.ctrl_traffic_distribution.n52.n10            0                       (Unspecified)
system.ruby.network.ctrl_traffic_distribution.n52.n11            0                       (Unspecified)
system.ruby.network.ctrl_traffic_distribution.n52.n12            0                       (Unspecified)
system.ruby.network.ctrl_traffic_distribution.n52.n13            0                       (Unspecified)
system.ruby.network.ctrl_traffic_distribution.n52.n14            0                       (Unspecified)
system.ruby.network.ctrl_traffic_distribution.n52.n15            0                       (Unspecified)
system.ruby.network.ctrl_traffic_distribution.n52.n16            0                       (Unspecified)
system.ruby.network.ctrl_traffic_distribution.n52.n17            0                       (Unspecified)
system.ruby.network.ctrl_traffic_distribution.n52.n18            0                       (Unspecified)
system.ruby.network.ctrl_traffic_distribution.n52.n19            0                       (Unspecified)
system.ruby.network.ctrl_traffic_distribution.n52.n2            0                       (Unspecified)
system.ruby.network.ctrl_traffic_distribution.n52.n20            0                       (Unspecified)
system.ruby.network.ctrl_traffic_distribution.n52.n21            0                       (Unspecified)
system.ruby.network.ctrl_traffic_distribution.n52.n22            0                       (Unspecified)
system.ruby.network.ctrl_traffic_distribution.n52.n23            0                       (Unspecified)
system.ruby.network.ctrl_traffic_distribution.n52.n24            0                       (Unspecified)
system.ruby.network.ctrl_traffic_distribution.n52.n25            0                       (Unspecified)
system.ruby.network.ctrl_traffic_distribution.n52.n26            0                       (Unspecified)
system.ruby.network.ctrl_traffic_distribution.n52.n27            1                       (Unspecified)
system.ruby.network.ctrl_traffic_distribution.n52.n28            0                       (Unspecified)
system.ruby.network.ctrl_traffic_distribution.n52.n29            0                       (Unspecified)
system.ruby.network.ctrl_traffic_distribution.n52.n3            0                       (Unspecified)
system.ruby.network.ctrl_traffic_distribution.n52.n30            0                       (Unspecified)
system.ruby.network.ctrl_traffic_distribution.n52.n31            0                       (Unspecified)
system.ruby.network.ctrl_traffic_distribution.n52.n32            0                       (Unspecified)
system.ruby.network.ctrl_traffic_distribution.n52.n33            0                       (Unspecified)
system.ruby.network.ctrl_traffic_distribution.n52.n34            0                       (Unspecified)
system.ruby.network.ctrl_traffic_distribution.n52.n35            0                       (Unspecified)
system.ruby.network.ctrl_traffic_distribution.n52.n36            0                       (Unspecified)
system.ruby.network.ctrl_traffic_distribution.n52.n37            0                       (Unspecified)
system.ruby.network.ctrl_traffic_distribution.n52.n38            0                       (Unspecified)
system.ruby.network.ctrl_traffic_distribution.n52.n39            0                       (Unspecified)
system.ruby.network.ctrl_traffic_distribution.n52.n4            0                       (Unspecified)
system.ruby.network.ctrl_traffic_distribution.n52.n40            0                       (Unspecified)
system.ruby.network.ctrl_traffic_distribution.n52.n41            0                       (Unspecified)
system.ruby.network.ctrl_traffic_distribution.n52.n42            0                       (Unspecified)
system.ruby.network.ctrl_traffic_distribution.n52.n43            0                       (Unspecified)
system.ruby.network.ctrl_traffic_distribution.n52.n44            0                       (Unspecified)
system.ruby.network.ctrl_traffic_distribution.n52.n45            0                       (Unspecified)
system.ruby.network.ctrl_traffic_distribution.n52.n46            0                       (Unspecified)
system.ruby.network.ctrl_traffic_distribution.n52.n47            0                       (Unspecified)
system.ruby.network.ctrl_traffic_distribution.n52.n48            0                       (Unspecified)
system.ruby.network.ctrl_traffic_distribution.n52.n49            0                       (Unspecified)
system.ruby.network.ctrl_traffic_distribution.n52.n5            0                       (Unspecified)
system.ruby.network.ctrl_traffic_distribution.n52.n50            0                       (Unspecified)
system.ruby.network.ctrl_traffic_distribution.n52.n51            0                       (Unspecified)
system.ruby.network.ctrl_traffic_distribution.n52.n52            0                       (Unspecified)
system.ruby.network.ctrl_traffic_distribution.n52.n53            0                       (Unspecified)
system.ruby.network.ctrl_traffic_distribution.n52.n54            0                       (Unspecified)
system.ruby.network.ctrl_traffic_distribution.n52.n55            0                       (Unspecified)
system.ruby.network.ctrl_traffic_distribution.n52.n56            0                       (Unspecified)
system.ruby.network.ctrl_traffic_distribution.n52.n57            0                       (Unspecified)
system.ruby.network.ctrl_traffic_distribution.n52.n58            0                       (Unspecified)
system.ruby.network.ctrl_traffic_distribution.n52.n59            0                       (Unspecified)
system.ruby.network.ctrl_traffic_distribution.n52.n6            0                       (Unspecified)
system.ruby.network.ctrl_traffic_distribution.n52.n60            0                       (Unspecified)
system.ruby.network.ctrl_traffic_distribution.n52.n61            0                       (Unspecified)
system.ruby.network.ctrl_traffic_distribution.n52.n62            0                       (Unspecified)
system.ruby.network.ctrl_traffic_distribution.n52.n63            0                       (Unspecified)
system.ruby.network.ctrl_traffic_distribution.n52.n7            0                       (Unspecified)
system.ruby.network.ctrl_traffic_distribution.n52.n8            0                       (Unspecified)
system.ruby.network.ctrl_traffic_distribution.n52.n9            0                       (Unspecified)
system.ruby.network.ctrl_traffic_distribution.n53.n0            0                       (Unspecified)
system.ruby.network.ctrl_traffic_distribution.n53.n1            0                       (Unspecified)
system.ruby.network.ctrl_traffic_distribution.n53.n10            0                       (Unspecified)
system.ruby.network.ctrl_traffic_distribution.n53.n11            0                       (Unspecified)
system.ruby.network.ctrl_traffic_distribution.n53.n12            0                       (Unspecified)
system.ruby.network.ctrl_traffic_distribution.n53.n13            0                       (Unspecified)
system.ruby.network.ctrl_traffic_distribution.n53.n14            0                       (Unspecified)
system.ruby.network.ctrl_traffic_distribution.n53.n15            0                       (Unspecified)
system.ruby.network.ctrl_traffic_distribution.n53.n16            0                       (Unspecified)
system.ruby.network.ctrl_traffic_distribution.n53.n17            0                       (Unspecified)
system.ruby.network.ctrl_traffic_distribution.n53.n18            0                       (Unspecified)
system.ruby.network.ctrl_traffic_distribution.n53.n19            0                       (Unspecified)
system.ruby.network.ctrl_traffic_distribution.n53.n2            0                       (Unspecified)
system.ruby.network.ctrl_traffic_distribution.n53.n20            0                       (Unspecified)
system.ruby.network.ctrl_traffic_distribution.n53.n21            0                       (Unspecified)
system.ruby.network.ctrl_traffic_distribution.n53.n22            0                       (Unspecified)
system.ruby.network.ctrl_traffic_distribution.n53.n23            0                       (Unspecified)
system.ruby.network.ctrl_traffic_distribution.n53.n24            0                       (Unspecified)
system.ruby.network.ctrl_traffic_distribution.n53.n25            0                       (Unspecified)
system.ruby.network.ctrl_traffic_distribution.n53.n26            0                       (Unspecified)
system.ruby.network.ctrl_traffic_distribution.n53.n27            0                       (Unspecified)
system.ruby.network.ctrl_traffic_distribution.n53.n28            0                       (Unspecified)
system.ruby.network.ctrl_traffic_distribution.n53.n29            0                       (Unspecified)
system.ruby.network.ctrl_traffic_distribution.n53.n3            0                       (Unspecified)
system.ruby.network.ctrl_traffic_distribution.n53.n30            0                       (Unspecified)
system.ruby.network.ctrl_traffic_distribution.n53.n31            0                       (Unspecified)
system.ruby.network.ctrl_traffic_distribution.n53.n32            0                       (Unspecified)
system.ruby.network.ctrl_traffic_distribution.n53.n33            0                       (Unspecified)
system.ruby.network.ctrl_traffic_distribution.n53.n34            0                       (Unspecified)
system.ruby.network.ctrl_traffic_distribution.n53.n35            0                       (Unspecified)
system.ruby.network.ctrl_traffic_distribution.n53.n36            0                       (Unspecified)
system.ruby.network.ctrl_traffic_distribution.n53.n37            0                       (Unspecified)
system.ruby.network.ctrl_traffic_distribution.n53.n38            0                       (Unspecified)
system.ruby.network.ctrl_traffic_distribution.n53.n39            0                       (Unspecified)
system.ruby.network.ctrl_traffic_distribution.n53.n4            0                       (Unspecified)
system.ruby.network.ctrl_traffic_distribution.n53.n40            0                       (Unspecified)
system.ruby.network.ctrl_traffic_distribution.n53.n41            0                       (Unspecified)
system.ruby.network.ctrl_traffic_distribution.n53.n42            0                       (Unspecified)
system.ruby.network.ctrl_traffic_distribution.n53.n43            0                       (Unspecified)
system.ruby.network.ctrl_traffic_distribution.n53.n44            0                       (Unspecified)
system.ruby.network.ctrl_traffic_distribution.n53.n45            0                       (Unspecified)
system.ruby.network.ctrl_traffic_distribution.n53.n46            0                       (Unspecified)
system.ruby.network.ctrl_traffic_distribution.n53.n47            0                       (Unspecified)
system.ruby.network.ctrl_traffic_distribution.n53.n48            0                       (Unspecified)
system.ruby.network.ctrl_traffic_distribution.n53.n49            0                       (Unspecified)
system.ruby.network.ctrl_traffic_distribution.n53.n5            0                       (Unspecified)
system.ruby.network.ctrl_traffic_distribution.n53.n50            0                       (Unspecified)
system.ruby.network.ctrl_traffic_distribution.n53.n51            0                       (Unspecified)
system.ruby.network.ctrl_traffic_distribution.n53.n52            0                       (Unspecified)
system.ruby.network.ctrl_traffic_distribution.n53.n53            0                       (Unspecified)
system.ruby.network.ctrl_traffic_distribution.n53.n54            0                       (Unspecified)
system.ruby.network.ctrl_traffic_distribution.n53.n55            0                       (Unspecified)
system.ruby.network.ctrl_traffic_distribution.n53.n56            0                       (Unspecified)
system.ruby.network.ctrl_traffic_distribution.n53.n57            0                       (Unspecified)
system.ruby.network.ctrl_traffic_distribution.n53.n58            0                       (Unspecified)
system.ruby.network.ctrl_traffic_distribution.n53.n59            0                       (Unspecified)
system.ruby.network.ctrl_traffic_distribution.n53.n6            0                       (Unspecified)
system.ruby.network.ctrl_traffic_distribution.n53.n60            0                       (Unspecified)
system.ruby.network.ctrl_traffic_distribution.n53.n61            0                       (Unspecified)
system.ruby.network.ctrl_traffic_distribution.n53.n62            0                       (Unspecified)
system.ruby.network.ctrl_traffic_distribution.n53.n63            0                       (Unspecified)
system.ruby.network.ctrl_traffic_distribution.n53.n7            0                       (Unspecified)
system.ruby.network.ctrl_traffic_distribution.n53.n8            0                       (Unspecified)
system.ruby.network.ctrl_traffic_distribution.n53.n9            0                       (Unspecified)
system.ruby.network.ctrl_traffic_distribution.n54.n0            0                       (Unspecified)
system.ruby.network.ctrl_traffic_distribution.n54.n1            0                       (Unspecified)
system.ruby.network.ctrl_traffic_distribution.n54.n10            0                       (Unspecified)
system.ruby.network.ctrl_traffic_distribution.n54.n11            0                       (Unspecified)
system.ruby.network.ctrl_traffic_distribution.n54.n12            0                       (Unspecified)
system.ruby.network.ctrl_traffic_distribution.n54.n13            0                       (Unspecified)
system.ruby.network.ctrl_traffic_distribution.n54.n14            0                       (Unspecified)
system.ruby.network.ctrl_traffic_distribution.n54.n15            0                       (Unspecified)
system.ruby.network.ctrl_traffic_distribution.n54.n16            0                       (Unspecified)
system.ruby.network.ctrl_traffic_distribution.n54.n17            1                       (Unspecified)
system.ruby.network.ctrl_traffic_distribution.n54.n18            0                       (Unspecified)
system.ruby.network.ctrl_traffic_distribution.n54.n19            0                       (Unspecified)
system.ruby.network.ctrl_traffic_distribution.n54.n2            0                       (Unspecified)
system.ruby.network.ctrl_traffic_distribution.n54.n20            0                       (Unspecified)
system.ruby.network.ctrl_traffic_distribution.n54.n21            0                       (Unspecified)
system.ruby.network.ctrl_traffic_distribution.n54.n22            0                       (Unspecified)
system.ruby.network.ctrl_traffic_distribution.n54.n23            0                       (Unspecified)
system.ruby.network.ctrl_traffic_distribution.n54.n24            1                       (Unspecified)
system.ruby.network.ctrl_traffic_distribution.n54.n25            0                       (Unspecified)
system.ruby.network.ctrl_traffic_distribution.n54.n26            0                       (Unspecified)
system.ruby.network.ctrl_traffic_distribution.n54.n27            0                       (Unspecified)
system.ruby.network.ctrl_traffic_distribution.n54.n28            0                       (Unspecified)
system.ruby.network.ctrl_traffic_distribution.n54.n29            0                       (Unspecified)
system.ruby.network.ctrl_traffic_distribution.n54.n3            0                       (Unspecified)
system.ruby.network.ctrl_traffic_distribution.n54.n30            0                       (Unspecified)
system.ruby.network.ctrl_traffic_distribution.n54.n31            0                       (Unspecified)
system.ruby.network.ctrl_traffic_distribution.n54.n32            0                       (Unspecified)
system.ruby.network.ctrl_traffic_distribution.n54.n33            0                       (Unspecified)
system.ruby.network.ctrl_traffic_distribution.n54.n34            0                       (Unspecified)
system.ruby.network.ctrl_traffic_distribution.n54.n35            0                       (Unspecified)
system.ruby.network.ctrl_traffic_distribution.n54.n36            0                       (Unspecified)
system.ruby.network.ctrl_traffic_distribution.n54.n37            0                       (Unspecified)
system.ruby.network.ctrl_traffic_distribution.n54.n38            0                       (Unspecified)
system.ruby.network.ctrl_traffic_distribution.n54.n39            0                       (Unspecified)
system.ruby.network.ctrl_traffic_distribution.n54.n4            0                       (Unspecified)
system.ruby.network.ctrl_traffic_distribution.n54.n40            0                       (Unspecified)
system.ruby.network.ctrl_traffic_distribution.n54.n41            0                       (Unspecified)
system.ruby.network.ctrl_traffic_distribution.n54.n42            0                       (Unspecified)
system.ruby.network.ctrl_traffic_distribution.n54.n43            0                       (Unspecified)
system.ruby.network.ctrl_traffic_distribution.n54.n44            0                       (Unspecified)
system.ruby.network.ctrl_traffic_distribution.n54.n45            0                       (Unspecified)
system.ruby.network.ctrl_traffic_distribution.n54.n46            0                       (Unspecified)
system.ruby.network.ctrl_traffic_distribution.n54.n47            0                       (Unspecified)
system.ruby.network.ctrl_traffic_distribution.n54.n48            0                       (Unspecified)
system.ruby.network.ctrl_traffic_distribution.n54.n49            0                       (Unspecified)
system.ruby.network.ctrl_traffic_distribution.n54.n5            0                       (Unspecified)
system.ruby.network.ctrl_traffic_distribution.n54.n50            0                       (Unspecified)
system.ruby.network.ctrl_traffic_distribution.n54.n51            0                       (Unspecified)
system.ruby.network.ctrl_traffic_distribution.n54.n52            0                       (Unspecified)
system.ruby.network.ctrl_traffic_distribution.n54.n53            0                       (Unspecified)
system.ruby.network.ctrl_traffic_distribution.n54.n54            0                       (Unspecified)
system.ruby.network.ctrl_traffic_distribution.n54.n55            0                       (Unspecified)
system.ruby.network.ctrl_traffic_distribution.n54.n56            0                       (Unspecified)
system.ruby.network.ctrl_traffic_distribution.n54.n57            0                       (Unspecified)
system.ruby.network.ctrl_traffic_distribution.n54.n58            0                       (Unspecified)
system.ruby.network.ctrl_traffic_distribution.n54.n59            0                       (Unspecified)
system.ruby.network.ctrl_traffic_distribution.n54.n6            0                       (Unspecified)
system.ruby.network.ctrl_traffic_distribution.n54.n60            0                       (Unspecified)
system.ruby.network.ctrl_traffic_distribution.n54.n61            0                       (Unspecified)
system.ruby.network.ctrl_traffic_distribution.n54.n62            0                       (Unspecified)
system.ruby.network.ctrl_traffic_distribution.n54.n63            0                       (Unspecified)
system.ruby.network.ctrl_traffic_distribution.n54.n7            0                       (Unspecified)
system.ruby.network.ctrl_traffic_distribution.n54.n8            0                       (Unspecified)
system.ruby.network.ctrl_traffic_distribution.n54.n9            0                       (Unspecified)
system.ruby.network.ctrl_traffic_distribution.n55.n0            0                       (Unspecified)
system.ruby.network.ctrl_traffic_distribution.n55.n1            0                       (Unspecified)
system.ruby.network.ctrl_traffic_distribution.n55.n10            0                       (Unspecified)
system.ruby.network.ctrl_traffic_distribution.n55.n11            0                       (Unspecified)
system.ruby.network.ctrl_traffic_distribution.n55.n12            0                       (Unspecified)
system.ruby.network.ctrl_traffic_distribution.n55.n13            0                       (Unspecified)
system.ruby.network.ctrl_traffic_distribution.n55.n14            0                       (Unspecified)
system.ruby.network.ctrl_traffic_distribution.n55.n15            0                       (Unspecified)
system.ruby.network.ctrl_traffic_distribution.n55.n16            0                       (Unspecified)
system.ruby.network.ctrl_traffic_distribution.n55.n17            0                       (Unspecified)
system.ruby.network.ctrl_traffic_distribution.n55.n18            0                       (Unspecified)
system.ruby.network.ctrl_traffic_distribution.n55.n19            0                       (Unspecified)
system.ruby.network.ctrl_traffic_distribution.n55.n2            0                       (Unspecified)
system.ruby.network.ctrl_traffic_distribution.n55.n20            0                       (Unspecified)
system.ruby.network.ctrl_traffic_distribution.n55.n21            0                       (Unspecified)
system.ruby.network.ctrl_traffic_distribution.n55.n22            1                       (Unspecified)
system.ruby.network.ctrl_traffic_distribution.n55.n23            0                       (Unspecified)
system.ruby.network.ctrl_traffic_distribution.n55.n24            0                       (Unspecified)
system.ruby.network.ctrl_traffic_distribution.n55.n25            0                       (Unspecified)
system.ruby.network.ctrl_traffic_distribution.n55.n26            0                       (Unspecified)
system.ruby.network.ctrl_traffic_distribution.n55.n27            0                       (Unspecified)
system.ruby.network.ctrl_traffic_distribution.n55.n28            0                       (Unspecified)
system.ruby.network.ctrl_traffic_distribution.n55.n29            0                       (Unspecified)
system.ruby.network.ctrl_traffic_distribution.n55.n3            0                       (Unspecified)
system.ruby.network.ctrl_traffic_distribution.n55.n30            0                       (Unspecified)
system.ruby.network.ctrl_traffic_distribution.n55.n31            0                       (Unspecified)
system.ruby.network.ctrl_traffic_distribution.n55.n32            0                       (Unspecified)
system.ruby.network.ctrl_traffic_distribution.n55.n33            0                       (Unspecified)
system.ruby.network.ctrl_traffic_distribution.n55.n34            0                       (Unspecified)
system.ruby.network.ctrl_traffic_distribution.n55.n35            0                       (Unspecified)
system.ruby.network.ctrl_traffic_distribution.n55.n36            0                       (Unspecified)
system.ruby.network.ctrl_traffic_distribution.n55.n37            0                       (Unspecified)
system.ruby.network.ctrl_traffic_distribution.n55.n38            0                       (Unspecified)
system.ruby.network.ctrl_traffic_distribution.n55.n39            0                       (Unspecified)
system.ruby.network.ctrl_traffic_distribution.n55.n4            0                       (Unspecified)
system.ruby.network.ctrl_traffic_distribution.n55.n40            0                       (Unspecified)
system.ruby.network.ctrl_traffic_distribution.n55.n41            0                       (Unspecified)
system.ruby.network.ctrl_traffic_distribution.n55.n42            0                       (Unspecified)
system.ruby.network.ctrl_traffic_distribution.n55.n43            0                       (Unspecified)
system.ruby.network.ctrl_traffic_distribution.n55.n44            0                       (Unspecified)
system.ruby.network.ctrl_traffic_distribution.n55.n45            0                       (Unspecified)
system.ruby.network.ctrl_traffic_distribution.n55.n46            0                       (Unspecified)
system.ruby.network.ctrl_traffic_distribution.n55.n47            0                       (Unspecified)
system.ruby.network.ctrl_traffic_distribution.n55.n48            0                       (Unspecified)
system.ruby.network.ctrl_traffic_distribution.n55.n49            0                       (Unspecified)
system.ruby.network.ctrl_traffic_distribution.n55.n5            0                       (Unspecified)
system.ruby.network.ctrl_traffic_distribution.n55.n50            0                       (Unspecified)
system.ruby.network.ctrl_traffic_distribution.n55.n51            0                       (Unspecified)
system.ruby.network.ctrl_traffic_distribution.n55.n52            0                       (Unspecified)
system.ruby.network.ctrl_traffic_distribution.n55.n53            0                       (Unspecified)
system.ruby.network.ctrl_traffic_distribution.n55.n54            0                       (Unspecified)
system.ruby.network.ctrl_traffic_distribution.n55.n55            0                       (Unspecified)
system.ruby.network.ctrl_traffic_distribution.n55.n56            0                       (Unspecified)
system.ruby.network.ctrl_traffic_distribution.n55.n57            0                       (Unspecified)
system.ruby.network.ctrl_traffic_distribution.n55.n58            0                       (Unspecified)
system.ruby.network.ctrl_traffic_distribution.n55.n59            0                       (Unspecified)
system.ruby.network.ctrl_traffic_distribution.n55.n6            0                       (Unspecified)
system.ruby.network.ctrl_traffic_distribution.n55.n60            0                       (Unspecified)
system.ruby.network.ctrl_traffic_distribution.n55.n61            0                       (Unspecified)
system.ruby.network.ctrl_traffic_distribution.n55.n62            0                       (Unspecified)
system.ruby.network.ctrl_traffic_distribution.n55.n63            0                       (Unspecified)
system.ruby.network.ctrl_traffic_distribution.n55.n7            0                       (Unspecified)
system.ruby.network.ctrl_traffic_distribution.n55.n8            0                       (Unspecified)
system.ruby.network.ctrl_traffic_distribution.n55.n9            0                       (Unspecified)
system.ruby.network.ctrl_traffic_distribution.n56.n0            0                       (Unspecified)
system.ruby.network.ctrl_traffic_distribution.n56.n1            0                       (Unspecified)
system.ruby.network.ctrl_traffic_distribution.n56.n10            0                       (Unspecified)
system.ruby.network.ctrl_traffic_distribution.n56.n11            0                       (Unspecified)
system.ruby.network.ctrl_traffic_distribution.n56.n12            0                       (Unspecified)
system.ruby.network.ctrl_traffic_distribution.n56.n13            0                       (Unspecified)
system.ruby.network.ctrl_traffic_distribution.n56.n14            0                       (Unspecified)
system.ruby.network.ctrl_traffic_distribution.n56.n15            0                       (Unspecified)
system.ruby.network.ctrl_traffic_distribution.n56.n16            0                       (Unspecified)
system.ruby.network.ctrl_traffic_distribution.n56.n17            0                       (Unspecified)
system.ruby.network.ctrl_traffic_distribution.n56.n18            0                       (Unspecified)
system.ruby.network.ctrl_traffic_distribution.n56.n19            0                       (Unspecified)
system.ruby.network.ctrl_traffic_distribution.n56.n2            0                       (Unspecified)
system.ruby.network.ctrl_traffic_distribution.n56.n20            0                       (Unspecified)
system.ruby.network.ctrl_traffic_distribution.n56.n21            0                       (Unspecified)
system.ruby.network.ctrl_traffic_distribution.n56.n22            0                       (Unspecified)
system.ruby.network.ctrl_traffic_distribution.n56.n23            0                       (Unspecified)
system.ruby.network.ctrl_traffic_distribution.n56.n24            1                       (Unspecified)
system.ruby.network.ctrl_traffic_distribution.n56.n25            0                       (Unspecified)
system.ruby.network.ctrl_traffic_distribution.n56.n26            0                       (Unspecified)
system.ruby.network.ctrl_traffic_distribution.n56.n27            0                       (Unspecified)
system.ruby.network.ctrl_traffic_distribution.n56.n28            0                       (Unspecified)
system.ruby.network.ctrl_traffic_distribution.n56.n29            0                       (Unspecified)
system.ruby.network.ctrl_traffic_distribution.n56.n3            0                       (Unspecified)
system.ruby.network.ctrl_traffic_distribution.n56.n30            0                       (Unspecified)
system.ruby.network.ctrl_traffic_distribution.n56.n31            0                       (Unspecified)
system.ruby.network.ctrl_traffic_distribution.n56.n32            0                       (Unspecified)
system.ruby.network.ctrl_traffic_distribution.n56.n33            0                       (Unspecified)
system.ruby.network.ctrl_traffic_distribution.n56.n34            0                       (Unspecified)
system.ruby.network.ctrl_traffic_distribution.n56.n35            0                       (Unspecified)
system.ruby.network.ctrl_traffic_distribution.n56.n36            0                       (Unspecified)
system.ruby.network.ctrl_traffic_distribution.n56.n37            0                       (Unspecified)
system.ruby.network.ctrl_traffic_distribution.n56.n38            0                       (Unspecified)
system.ruby.network.ctrl_traffic_distribution.n56.n39            0                       (Unspecified)
system.ruby.network.ctrl_traffic_distribution.n56.n4            0                       (Unspecified)
system.ruby.network.ctrl_traffic_distribution.n56.n40            0                       (Unspecified)
system.ruby.network.ctrl_traffic_distribution.n56.n41            0                       (Unspecified)
system.ruby.network.ctrl_traffic_distribution.n56.n42            0                       (Unspecified)
system.ruby.network.ctrl_traffic_distribution.n56.n43            0                       (Unspecified)
system.ruby.network.ctrl_traffic_distribution.n56.n44            0                       (Unspecified)
system.ruby.network.ctrl_traffic_distribution.n56.n45            0                       (Unspecified)
system.ruby.network.ctrl_traffic_distribution.n56.n46            0                       (Unspecified)
system.ruby.network.ctrl_traffic_distribution.n56.n47            0                       (Unspecified)
system.ruby.network.ctrl_traffic_distribution.n56.n48            0                       (Unspecified)
system.ruby.network.ctrl_traffic_distribution.n56.n49            0                       (Unspecified)
system.ruby.network.ctrl_traffic_distribution.n56.n5            0                       (Unspecified)
system.ruby.network.ctrl_traffic_distribution.n56.n50            0                       (Unspecified)
system.ruby.network.ctrl_traffic_distribution.n56.n51            0                       (Unspecified)
system.ruby.network.ctrl_traffic_distribution.n56.n52            0                       (Unspecified)
system.ruby.network.ctrl_traffic_distribution.n56.n53            1                       (Unspecified)
system.ruby.network.ctrl_traffic_distribution.n56.n54            0                       (Unspecified)
system.ruby.network.ctrl_traffic_distribution.n56.n55            0                       (Unspecified)
system.ruby.network.ctrl_traffic_distribution.n56.n56            0                       (Unspecified)
system.ruby.network.ctrl_traffic_distribution.n56.n57            0                       (Unspecified)
system.ruby.network.ctrl_traffic_distribution.n56.n58            0                       (Unspecified)
system.ruby.network.ctrl_traffic_distribution.n56.n59            0                       (Unspecified)
system.ruby.network.ctrl_traffic_distribution.n56.n6            0                       (Unspecified)
system.ruby.network.ctrl_traffic_distribution.n56.n60            0                       (Unspecified)
system.ruby.network.ctrl_traffic_distribution.n56.n61            0                       (Unspecified)
system.ruby.network.ctrl_traffic_distribution.n56.n62            0                       (Unspecified)
system.ruby.network.ctrl_traffic_distribution.n56.n63            0                       (Unspecified)
system.ruby.network.ctrl_traffic_distribution.n56.n7            0                       (Unspecified)
system.ruby.network.ctrl_traffic_distribution.n56.n8            0                       (Unspecified)
system.ruby.network.ctrl_traffic_distribution.n56.n9            0                       (Unspecified)
system.ruby.network.ctrl_traffic_distribution.n57.n0            0                       (Unspecified)
system.ruby.network.ctrl_traffic_distribution.n57.n1            0                       (Unspecified)
system.ruby.network.ctrl_traffic_distribution.n57.n10            0                       (Unspecified)
system.ruby.network.ctrl_traffic_distribution.n57.n11            0                       (Unspecified)
system.ruby.network.ctrl_traffic_distribution.n57.n12            0                       (Unspecified)
system.ruby.network.ctrl_traffic_distribution.n57.n13            0                       (Unspecified)
system.ruby.network.ctrl_traffic_distribution.n57.n14            0                       (Unspecified)
system.ruby.network.ctrl_traffic_distribution.n57.n15            0                       (Unspecified)
system.ruby.network.ctrl_traffic_distribution.n57.n16            0                       (Unspecified)
system.ruby.network.ctrl_traffic_distribution.n57.n17            0                       (Unspecified)
system.ruby.network.ctrl_traffic_distribution.n57.n18            0                       (Unspecified)
system.ruby.network.ctrl_traffic_distribution.n57.n19            0                       (Unspecified)
system.ruby.network.ctrl_traffic_distribution.n57.n2            0                       (Unspecified)
system.ruby.network.ctrl_traffic_distribution.n57.n20            0                       (Unspecified)
system.ruby.network.ctrl_traffic_distribution.n57.n21            0                       (Unspecified)
system.ruby.network.ctrl_traffic_distribution.n57.n22            1                       (Unspecified)
system.ruby.network.ctrl_traffic_distribution.n57.n23            0                       (Unspecified)
system.ruby.network.ctrl_traffic_distribution.n57.n24            0                       (Unspecified)
system.ruby.network.ctrl_traffic_distribution.n57.n25            0                       (Unspecified)
system.ruby.network.ctrl_traffic_distribution.n57.n26            0                       (Unspecified)
system.ruby.network.ctrl_traffic_distribution.n57.n27            0                       (Unspecified)
system.ruby.network.ctrl_traffic_distribution.n57.n28            0                       (Unspecified)
system.ruby.network.ctrl_traffic_distribution.n57.n29            0                       (Unspecified)
system.ruby.network.ctrl_traffic_distribution.n57.n3            0                       (Unspecified)
system.ruby.network.ctrl_traffic_distribution.n57.n30            0                       (Unspecified)
system.ruby.network.ctrl_traffic_distribution.n57.n31            0                       (Unspecified)
system.ruby.network.ctrl_traffic_distribution.n57.n32            0                       (Unspecified)
system.ruby.network.ctrl_traffic_distribution.n57.n33            0                       (Unspecified)
system.ruby.network.ctrl_traffic_distribution.n57.n34            0                       (Unspecified)
system.ruby.network.ctrl_traffic_distribution.n57.n35            0                       (Unspecified)
system.ruby.network.ctrl_traffic_distribution.n57.n36            0                       (Unspecified)
system.ruby.network.ctrl_traffic_distribution.n57.n37            0                       (Unspecified)
system.ruby.network.ctrl_traffic_distribution.n57.n38            0                       (Unspecified)
system.ruby.network.ctrl_traffic_distribution.n57.n39            0                       (Unspecified)
system.ruby.network.ctrl_traffic_distribution.n57.n4            0                       (Unspecified)
system.ruby.network.ctrl_traffic_distribution.n57.n40            0                       (Unspecified)
system.ruby.network.ctrl_traffic_distribution.n57.n41            0                       (Unspecified)
system.ruby.network.ctrl_traffic_distribution.n57.n42            0                       (Unspecified)
system.ruby.network.ctrl_traffic_distribution.n57.n43            0                       (Unspecified)
system.ruby.network.ctrl_traffic_distribution.n57.n44            0                       (Unspecified)
system.ruby.network.ctrl_traffic_distribution.n57.n45            0                       (Unspecified)
system.ruby.network.ctrl_traffic_distribution.n57.n46            0                       (Unspecified)
system.ruby.network.ctrl_traffic_distribution.n57.n47            0                       (Unspecified)
system.ruby.network.ctrl_traffic_distribution.n57.n48            0                       (Unspecified)
system.ruby.network.ctrl_traffic_distribution.n57.n49            0                       (Unspecified)
system.ruby.network.ctrl_traffic_distribution.n57.n5            0                       (Unspecified)
system.ruby.network.ctrl_traffic_distribution.n57.n50            0                       (Unspecified)
system.ruby.network.ctrl_traffic_distribution.n57.n51            0                       (Unspecified)
system.ruby.network.ctrl_traffic_distribution.n57.n52            0                       (Unspecified)
system.ruby.network.ctrl_traffic_distribution.n57.n53            0                       (Unspecified)
system.ruby.network.ctrl_traffic_distribution.n57.n54            0                       (Unspecified)
system.ruby.network.ctrl_traffic_distribution.n57.n55            0                       (Unspecified)
system.ruby.network.ctrl_traffic_distribution.n57.n56            0                       (Unspecified)
system.ruby.network.ctrl_traffic_distribution.n57.n57            0                       (Unspecified)
system.ruby.network.ctrl_traffic_distribution.n57.n58            0                       (Unspecified)
system.ruby.network.ctrl_traffic_distribution.n57.n59            0                       (Unspecified)
system.ruby.network.ctrl_traffic_distribution.n57.n6            0                       (Unspecified)
system.ruby.network.ctrl_traffic_distribution.n57.n60            0                       (Unspecified)
system.ruby.network.ctrl_traffic_distribution.n57.n61            0                       (Unspecified)
system.ruby.network.ctrl_traffic_distribution.n57.n62            0                       (Unspecified)
system.ruby.network.ctrl_traffic_distribution.n57.n63            0                       (Unspecified)
system.ruby.network.ctrl_traffic_distribution.n57.n7            0                       (Unspecified)
system.ruby.network.ctrl_traffic_distribution.n57.n8            0                       (Unspecified)
system.ruby.network.ctrl_traffic_distribution.n57.n9            0                       (Unspecified)
system.ruby.network.ctrl_traffic_distribution.n58.n0            0                       (Unspecified)
system.ruby.network.ctrl_traffic_distribution.n58.n1            0                       (Unspecified)
system.ruby.network.ctrl_traffic_distribution.n58.n10            0                       (Unspecified)
system.ruby.network.ctrl_traffic_distribution.n58.n11            0                       (Unspecified)
system.ruby.network.ctrl_traffic_distribution.n58.n12            0                       (Unspecified)
system.ruby.network.ctrl_traffic_distribution.n58.n13            0                       (Unspecified)
system.ruby.network.ctrl_traffic_distribution.n58.n14            0                       (Unspecified)
system.ruby.network.ctrl_traffic_distribution.n58.n15            0                       (Unspecified)
system.ruby.network.ctrl_traffic_distribution.n58.n16            0                       (Unspecified)
system.ruby.network.ctrl_traffic_distribution.n58.n17            0                       (Unspecified)
system.ruby.network.ctrl_traffic_distribution.n58.n18            0                       (Unspecified)
system.ruby.network.ctrl_traffic_distribution.n58.n19            0                       (Unspecified)
system.ruby.network.ctrl_traffic_distribution.n58.n2            0                       (Unspecified)
system.ruby.network.ctrl_traffic_distribution.n58.n20            0                       (Unspecified)
system.ruby.network.ctrl_traffic_distribution.n58.n21            0                       (Unspecified)
system.ruby.network.ctrl_traffic_distribution.n58.n22            0                       (Unspecified)
system.ruby.network.ctrl_traffic_distribution.n58.n23            0                       (Unspecified)
system.ruby.network.ctrl_traffic_distribution.n58.n24            0                       (Unspecified)
system.ruby.network.ctrl_traffic_distribution.n58.n25            0                       (Unspecified)
system.ruby.network.ctrl_traffic_distribution.n58.n26            0                       (Unspecified)
system.ruby.network.ctrl_traffic_distribution.n58.n27            0                       (Unspecified)
system.ruby.network.ctrl_traffic_distribution.n58.n28            0                       (Unspecified)
system.ruby.network.ctrl_traffic_distribution.n58.n29            0                       (Unspecified)
system.ruby.network.ctrl_traffic_distribution.n58.n3            0                       (Unspecified)
system.ruby.network.ctrl_traffic_distribution.n58.n30            0                       (Unspecified)
system.ruby.network.ctrl_traffic_distribution.n58.n31            0                       (Unspecified)
system.ruby.network.ctrl_traffic_distribution.n58.n32            0                       (Unspecified)
system.ruby.network.ctrl_traffic_distribution.n58.n33            0                       (Unspecified)
system.ruby.network.ctrl_traffic_distribution.n58.n34            0                       (Unspecified)
system.ruby.network.ctrl_traffic_distribution.n58.n35            0                       (Unspecified)
system.ruby.network.ctrl_traffic_distribution.n58.n36            0                       (Unspecified)
system.ruby.network.ctrl_traffic_distribution.n58.n37            0                       (Unspecified)
system.ruby.network.ctrl_traffic_distribution.n58.n38            0                       (Unspecified)
system.ruby.network.ctrl_traffic_distribution.n58.n39            0                       (Unspecified)
system.ruby.network.ctrl_traffic_distribution.n58.n4            0                       (Unspecified)
system.ruby.network.ctrl_traffic_distribution.n58.n40            0                       (Unspecified)
system.ruby.network.ctrl_traffic_distribution.n58.n41            0                       (Unspecified)
system.ruby.network.ctrl_traffic_distribution.n58.n42            0                       (Unspecified)
system.ruby.network.ctrl_traffic_distribution.n58.n43            0                       (Unspecified)
system.ruby.network.ctrl_traffic_distribution.n58.n44            0                       (Unspecified)
system.ruby.network.ctrl_traffic_distribution.n58.n45            0                       (Unspecified)
system.ruby.network.ctrl_traffic_distribution.n58.n46            0                       (Unspecified)
system.ruby.network.ctrl_traffic_distribution.n58.n47            0                       (Unspecified)
system.ruby.network.ctrl_traffic_distribution.n58.n48            0                       (Unspecified)
system.ruby.network.ctrl_traffic_distribution.n58.n49            0                       (Unspecified)
system.ruby.network.ctrl_traffic_distribution.n58.n5            0                       (Unspecified)
system.ruby.network.ctrl_traffic_distribution.n58.n50            0                       (Unspecified)
system.ruby.network.ctrl_traffic_distribution.n58.n51            0                       (Unspecified)
system.ruby.network.ctrl_traffic_distribution.n58.n52            0                       (Unspecified)
system.ruby.network.ctrl_traffic_distribution.n58.n53            0                       (Unspecified)
system.ruby.network.ctrl_traffic_distribution.n58.n54            0                       (Unspecified)
system.ruby.network.ctrl_traffic_distribution.n58.n55            0                       (Unspecified)
system.ruby.network.ctrl_traffic_distribution.n58.n56            0                       (Unspecified)
system.ruby.network.ctrl_traffic_distribution.n58.n57            0                       (Unspecified)
system.ruby.network.ctrl_traffic_distribution.n58.n58            0                       (Unspecified)
system.ruby.network.ctrl_traffic_distribution.n58.n59            0                       (Unspecified)
system.ruby.network.ctrl_traffic_distribution.n58.n6            0                       (Unspecified)
system.ruby.network.ctrl_traffic_distribution.n58.n60            0                       (Unspecified)
system.ruby.network.ctrl_traffic_distribution.n58.n61            0                       (Unspecified)
system.ruby.network.ctrl_traffic_distribution.n58.n62            0                       (Unspecified)
system.ruby.network.ctrl_traffic_distribution.n58.n63            0                       (Unspecified)
system.ruby.network.ctrl_traffic_distribution.n58.n7            0                       (Unspecified)
system.ruby.network.ctrl_traffic_distribution.n58.n8            0                       (Unspecified)
system.ruby.network.ctrl_traffic_distribution.n58.n9            0                       (Unspecified)
system.ruby.network.ctrl_traffic_distribution.n59.n0            0                       (Unspecified)
system.ruby.network.ctrl_traffic_distribution.n59.n1            0                       (Unspecified)
system.ruby.network.ctrl_traffic_distribution.n59.n10            0                       (Unspecified)
system.ruby.network.ctrl_traffic_distribution.n59.n11            0                       (Unspecified)
system.ruby.network.ctrl_traffic_distribution.n59.n12            0                       (Unspecified)
system.ruby.network.ctrl_traffic_distribution.n59.n13            0                       (Unspecified)
system.ruby.network.ctrl_traffic_distribution.n59.n14            0                       (Unspecified)
system.ruby.network.ctrl_traffic_distribution.n59.n15            0                       (Unspecified)
system.ruby.network.ctrl_traffic_distribution.n59.n16            0                       (Unspecified)
system.ruby.network.ctrl_traffic_distribution.n59.n17            0                       (Unspecified)
system.ruby.network.ctrl_traffic_distribution.n59.n18            0                       (Unspecified)
system.ruby.network.ctrl_traffic_distribution.n59.n19            0                       (Unspecified)
system.ruby.network.ctrl_traffic_distribution.n59.n2            0                       (Unspecified)
system.ruby.network.ctrl_traffic_distribution.n59.n20            0                       (Unspecified)
system.ruby.network.ctrl_traffic_distribution.n59.n21            0                       (Unspecified)
system.ruby.network.ctrl_traffic_distribution.n59.n22            0                       (Unspecified)
system.ruby.network.ctrl_traffic_distribution.n59.n23            0                       (Unspecified)
system.ruby.network.ctrl_traffic_distribution.n59.n24            0                       (Unspecified)
system.ruby.network.ctrl_traffic_distribution.n59.n25            0                       (Unspecified)
system.ruby.network.ctrl_traffic_distribution.n59.n26            0                       (Unspecified)
system.ruby.network.ctrl_traffic_distribution.n59.n27            0                       (Unspecified)
system.ruby.network.ctrl_traffic_distribution.n59.n28            0                       (Unspecified)
system.ruby.network.ctrl_traffic_distribution.n59.n29            0                       (Unspecified)
system.ruby.network.ctrl_traffic_distribution.n59.n3            0                       (Unspecified)
system.ruby.network.ctrl_traffic_distribution.n59.n30            0                       (Unspecified)
system.ruby.network.ctrl_traffic_distribution.n59.n31            0                       (Unspecified)
system.ruby.network.ctrl_traffic_distribution.n59.n32            0                       (Unspecified)
system.ruby.network.ctrl_traffic_distribution.n59.n33            0                       (Unspecified)
system.ruby.network.ctrl_traffic_distribution.n59.n34            0                       (Unspecified)
system.ruby.network.ctrl_traffic_distribution.n59.n35            0                       (Unspecified)
system.ruby.network.ctrl_traffic_distribution.n59.n36            0                       (Unspecified)
system.ruby.network.ctrl_traffic_distribution.n59.n37            0                       (Unspecified)
system.ruby.network.ctrl_traffic_distribution.n59.n38            0                       (Unspecified)
system.ruby.network.ctrl_traffic_distribution.n59.n39            0                       (Unspecified)
system.ruby.network.ctrl_traffic_distribution.n59.n4            0                       (Unspecified)
system.ruby.network.ctrl_traffic_distribution.n59.n40            1                       (Unspecified)
system.ruby.network.ctrl_traffic_distribution.n59.n41            0                       (Unspecified)
system.ruby.network.ctrl_traffic_distribution.n59.n42            0                       (Unspecified)
system.ruby.network.ctrl_traffic_distribution.n59.n43            0                       (Unspecified)
system.ruby.network.ctrl_traffic_distribution.n59.n44            0                       (Unspecified)
system.ruby.network.ctrl_traffic_distribution.n59.n45            0                       (Unspecified)
system.ruby.network.ctrl_traffic_distribution.n59.n46            0                       (Unspecified)
system.ruby.network.ctrl_traffic_distribution.n59.n47            0                       (Unspecified)
system.ruby.network.ctrl_traffic_distribution.n59.n48            0                       (Unspecified)
system.ruby.network.ctrl_traffic_distribution.n59.n49            0                       (Unspecified)
system.ruby.network.ctrl_traffic_distribution.n59.n5            0                       (Unspecified)
system.ruby.network.ctrl_traffic_distribution.n59.n50            0                       (Unspecified)
system.ruby.network.ctrl_traffic_distribution.n59.n51            0                       (Unspecified)
system.ruby.network.ctrl_traffic_distribution.n59.n52            0                       (Unspecified)
system.ruby.network.ctrl_traffic_distribution.n59.n53            0                       (Unspecified)
system.ruby.network.ctrl_traffic_distribution.n59.n54            0                       (Unspecified)
system.ruby.network.ctrl_traffic_distribution.n59.n55            0                       (Unspecified)
system.ruby.network.ctrl_traffic_distribution.n59.n56            0                       (Unspecified)
system.ruby.network.ctrl_traffic_distribution.n59.n57            0                       (Unspecified)
system.ruby.network.ctrl_traffic_distribution.n59.n58            0                       (Unspecified)
system.ruby.network.ctrl_traffic_distribution.n59.n59            0                       (Unspecified)
system.ruby.network.ctrl_traffic_distribution.n59.n6            0                       (Unspecified)
system.ruby.network.ctrl_traffic_distribution.n59.n60            0                       (Unspecified)
system.ruby.network.ctrl_traffic_distribution.n59.n61            0                       (Unspecified)
system.ruby.network.ctrl_traffic_distribution.n59.n62            0                       (Unspecified)
system.ruby.network.ctrl_traffic_distribution.n59.n63            0                       (Unspecified)
system.ruby.network.ctrl_traffic_distribution.n59.n7            0                       (Unspecified)
system.ruby.network.ctrl_traffic_distribution.n59.n8            0                       (Unspecified)
system.ruby.network.ctrl_traffic_distribution.n59.n9            0                       (Unspecified)
system.ruby.network.ctrl_traffic_distribution.n6.n0            0                       (Unspecified)
system.ruby.network.ctrl_traffic_distribution.n6.n1            0                       (Unspecified)
system.ruby.network.ctrl_traffic_distribution.n6.n10            0                       (Unspecified)
system.ruby.network.ctrl_traffic_distribution.n6.n11            0                       (Unspecified)
system.ruby.network.ctrl_traffic_distribution.n6.n12            0                       (Unspecified)
system.ruby.network.ctrl_traffic_distribution.n6.n13            0                       (Unspecified)
system.ruby.network.ctrl_traffic_distribution.n6.n14            0                       (Unspecified)
system.ruby.network.ctrl_traffic_distribution.n6.n15            0                       (Unspecified)
system.ruby.network.ctrl_traffic_distribution.n6.n16            0                       (Unspecified)
system.ruby.network.ctrl_traffic_distribution.n6.n17            0                       (Unspecified)
system.ruby.network.ctrl_traffic_distribution.n6.n18            0                       (Unspecified)
system.ruby.network.ctrl_traffic_distribution.n6.n19            0                       (Unspecified)
system.ruby.network.ctrl_traffic_distribution.n6.n2            0                       (Unspecified)
system.ruby.network.ctrl_traffic_distribution.n6.n20            0                       (Unspecified)
system.ruby.network.ctrl_traffic_distribution.n6.n21            1                       (Unspecified)
system.ruby.network.ctrl_traffic_distribution.n6.n22            0                       (Unspecified)
system.ruby.network.ctrl_traffic_distribution.n6.n23            0                       (Unspecified)
system.ruby.network.ctrl_traffic_distribution.n6.n24            0                       (Unspecified)
system.ruby.network.ctrl_traffic_distribution.n6.n25            0                       (Unspecified)
system.ruby.network.ctrl_traffic_distribution.n6.n26            0                       (Unspecified)
system.ruby.network.ctrl_traffic_distribution.n6.n27            0                       (Unspecified)
system.ruby.network.ctrl_traffic_distribution.n6.n28            0                       (Unspecified)
system.ruby.network.ctrl_traffic_distribution.n6.n29            0                       (Unspecified)
system.ruby.network.ctrl_traffic_distribution.n6.n3            0                       (Unspecified)
system.ruby.network.ctrl_traffic_distribution.n6.n30            0                       (Unspecified)
system.ruby.network.ctrl_traffic_distribution.n6.n31            0                       (Unspecified)
system.ruby.network.ctrl_traffic_distribution.n6.n32            0                       (Unspecified)
system.ruby.network.ctrl_traffic_distribution.n6.n33            0                       (Unspecified)
system.ruby.network.ctrl_traffic_distribution.n6.n34            0                       (Unspecified)
system.ruby.network.ctrl_traffic_distribution.n6.n35            0                       (Unspecified)
system.ruby.network.ctrl_traffic_distribution.n6.n36            0                       (Unspecified)
system.ruby.network.ctrl_traffic_distribution.n6.n37            0                       (Unspecified)
system.ruby.network.ctrl_traffic_distribution.n6.n38            0                       (Unspecified)
system.ruby.network.ctrl_traffic_distribution.n6.n39            0                       (Unspecified)
system.ruby.network.ctrl_traffic_distribution.n6.n4            0                       (Unspecified)
system.ruby.network.ctrl_traffic_distribution.n6.n40            0                       (Unspecified)
system.ruby.network.ctrl_traffic_distribution.n6.n41            0                       (Unspecified)
system.ruby.network.ctrl_traffic_distribution.n6.n42            0                       (Unspecified)
system.ruby.network.ctrl_traffic_distribution.n6.n43            0                       (Unspecified)
system.ruby.network.ctrl_traffic_distribution.n6.n44            0                       (Unspecified)
system.ruby.network.ctrl_traffic_distribution.n6.n45            0                       (Unspecified)
system.ruby.network.ctrl_traffic_distribution.n6.n46            0                       (Unspecified)
system.ruby.network.ctrl_traffic_distribution.n6.n47            0                       (Unspecified)
system.ruby.network.ctrl_traffic_distribution.n6.n48            0                       (Unspecified)
system.ruby.network.ctrl_traffic_distribution.n6.n49            0                       (Unspecified)
system.ruby.network.ctrl_traffic_distribution.n6.n5            0                       (Unspecified)
system.ruby.network.ctrl_traffic_distribution.n6.n50            0                       (Unspecified)
system.ruby.network.ctrl_traffic_distribution.n6.n51            0                       (Unspecified)
system.ruby.network.ctrl_traffic_distribution.n6.n52            0                       (Unspecified)
system.ruby.network.ctrl_traffic_distribution.n6.n53            0                       (Unspecified)
system.ruby.network.ctrl_traffic_distribution.n6.n54            0                       (Unspecified)
system.ruby.network.ctrl_traffic_distribution.n6.n55            1                       (Unspecified)
system.ruby.network.ctrl_traffic_distribution.n6.n56            0                       (Unspecified)
system.ruby.network.ctrl_traffic_distribution.n6.n57            0                       (Unspecified)
system.ruby.network.ctrl_traffic_distribution.n6.n58            0                       (Unspecified)
system.ruby.network.ctrl_traffic_distribution.n6.n59            0                       (Unspecified)
system.ruby.network.ctrl_traffic_distribution.n6.n6            0                       (Unspecified)
system.ruby.network.ctrl_traffic_distribution.n6.n60            0                       (Unspecified)
system.ruby.network.ctrl_traffic_distribution.n6.n61            0                       (Unspecified)
system.ruby.network.ctrl_traffic_distribution.n6.n62            0                       (Unspecified)
system.ruby.network.ctrl_traffic_distribution.n6.n63            0                       (Unspecified)
system.ruby.network.ctrl_traffic_distribution.n6.n7            0                       (Unspecified)
system.ruby.network.ctrl_traffic_distribution.n6.n8            0                       (Unspecified)
system.ruby.network.ctrl_traffic_distribution.n6.n9            0                       (Unspecified)
system.ruby.network.ctrl_traffic_distribution.n60.n0            0                       (Unspecified)
system.ruby.network.ctrl_traffic_distribution.n60.n1            0                       (Unspecified)
system.ruby.network.ctrl_traffic_distribution.n60.n10            0                       (Unspecified)
system.ruby.network.ctrl_traffic_distribution.n60.n11            0                       (Unspecified)
system.ruby.network.ctrl_traffic_distribution.n60.n12            0                       (Unspecified)
system.ruby.network.ctrl_traffic_distribution.n60.n13            0                       (Unspecified)
system.ruby.network.ctrl_traffic_distribution.n60.n14            0                       (Unspecified)
system.ruby.network.ctrl_traffic_distribution.n60.n15            0                       (Unspecified)
system.ruby.network.ctrl_traffic_distribution.n60.n16            0                       (Unspecified)
system.ruby.network.ctrl_traffic_distribution.n60.n17            0                       (Unspecified)
system.ruby.network.ctrl_traffic_distribution.n60.n18            0                       (Unspecified)
system.ruby.network.ctrl_traffic_distribution.n60.n19            0                       (Unspecified)
system.ruby.network.ctrl_traffic_distribution.n60.n2            0                       (Unspecified)
system.ruby.network.ctrl_traffic_distribution.n60.n20            0                       (Unspecified)
system.ruby.network.ctrl_traffic_distribution.n60.n21            0                       (Unspecified)
system.ruby.network.ctrl_traffic_distribution.n60.n22            0                       (Unspecified)
system.ruby.network.ctrl_traffic_distribution.n60.n23            0                       (Unspecified)
system.ruby.network.ctrl_traffic_distribution.n60.n24            0                       (Unspecified)
system.ruby.network.ctrl_traffic_distribution.n60.n25            0                       (Unspecified)
system.ruby.network.ctrl_traffic_distribution.n60.n26            0                       (Unspecified)
system.ruby.network.ctrl_traffic_distribution.n60.n27            0                       (Unspecified)
system.ruby.network.ctrl_traffic_distribution.n60.n28            0                       (Unspecified)
system.ruby.network.ctrl_traffic_distribution.n60.n29            0                       (Unspecified)
system.ruby.network.ctrl_traffic_distribution.n60.n3            0                       (Unspecified)
system.ruby.network.ctrl_traffic_distribution.n60.n30            0                       (Unspecified)
system.ruby.network.ctrl_traffic_distribution.n60.n31            0                       (Unspecified)
system.ruby.network.ctrl_traffic_distribution.n60.n32            0                       (Unspecified)
system.ruby.network.ctrl_traffic_distribution.n60.n33            0                       (Unspecified)
system.ruby.network.ctrl_traffic_distribution.n60.n34            0                       (Unspecified)
system.ruby.network.ctrl_traffic_distribution.n60.n35            0                       (Unspecified)
system.ruby.network.ctrl_traffic_distribution.n60.n36            0                       (Unspecified)
system.ruby.network.ctrl_traffic_distribution.n60.n37            0                       (Unspecified)
system.ruby.network.ctrl_traffic_distribution.n60.n38            0                       (Unspecified)
system.ruby.network.ctrl_traffic_distribution.n60.n39            0                       (Unspecified)
system.ruby.network.ctrl_traffic_distribution.n60.n4            0                       (Unspecified)
system.ruby.network.ctrl_traffic_distribution.n60.n40            0                       (Unspecified)
system.ruby.network.ctrl_traffic_distribution.n60.n41            0                       (Unspecified)
system.ruby.network.ctrl_traffic_distribution.n60.n42            0                       (Unspecified)
system.ruby.network.ctrl_traffic_distribution.n60.n43            0                       (Unspecified)
system.ruby.network.ctrl_traffic_distribution.n60.n44            0                       (Unspecified)
system.ruby.network.ctrl_traffic_distribution.n60.n45            0                       (Unspecified)
system.ruby.network.ctrl_traffic_distribution.n60.n46            0                       (Unspecified)
system.ruby.network.ctrl_traffic_distribution.n60.n47            0                       (Unspecified)
system.ruby.network.ctrl_traffic_distribution.n60.n48            0                       (Unspecified)
system.ruby.network.ctrl_traffic_distribution.n60.n49            0                       (Unspecified)
system.ruby.network.ctrl_traffic_distribution.n60.n5            0                       (Unspecified)
system.ruby.network.ctrl_traffic_distribution.n60.n50            0                       (Unspecified)
system.ruby.network.ctrl_traffic_distribution.n60.n51            0                       (Unspecified)
system.ruby.network.ctrl_traffic_distribution.n60.n52            0                       (Unspecified)
system.ruby.network.ctrl_traffic_distribution.n60.n53            0                       (Unspecified)
system.ruby.network.ctrl_traffic_distribution.n60.n54            0                       (Unspecified)
system.ruby.network.ctrl_traffic_distribution.n60.n55            0                       (Unspecified)
system.ruby.network.ctrl_traffic_distribution.n60.n56            0                       (Unspecified)
system.ruby.network.ctrl_traffic_distribution.n60.n57            0                       (Unspecified)
system.ruby.network.ctrl_traffic_distribution.n60.n58            0                       (Unspecified)
system.ruby.network.ctrl_traffic_distribution.n60.n59            0                       (Unspecified)
system.ruby.network.ctrl_traffic_distribution.n60.n6            0                       (Unspecified)
system.ruby.network.ctrl_traffic_distribution.n60.n60            0                       (Unspecified)
system.ruby.network.ctrl_traffic_distribution.n60.n61            0                       (Unspecified)
system.ruby.network.ctrl_traffic_distribution.n60.n62            0                       (Unspecified)
system.ruby.network.ctrl_traffic_distribution.n60.n63            0                       (Unspecified)
system.ruby.network.ctrl_traffic_distribution.n60.n7            0                       (Unspecified)
system.ruby.network.ctrl_traffic_distribution.n60.n8            0                       (Unspecified)
system.ruby.network.ctrl_traffic_distribution.n60.n9            0                       (Unspecified)
system.ruby.network.ctrl_traffic_distribution.n61.n0            0                       (Unspecified)
system.ruby.network.ctrl_traffic_distribution.n61.n1            0                       (Unspecified)
system.ruby.network.ctrl_traffic_distribution.n61.n10            0                       (Unspecified)
system.ruby.network.ctrl_traffic_distribution.n61.n11            0                       (Unspecified)
system.ruby.network.ctrl_traffic_distribution.n61.n12            0                       (Unspecified)
system.ruby.network.ctrl_traffic_distribution.n61.n13            0                       (Unspecified)
system.ruby.network.ctrl_traffic_distribution.n61.n14            0                       (Unspecified)
system.ruby.network.ctrl_traffic_distribution.n61.n15            0                       (Unspecified)
system.ruby.network.ctrl_traffic_distribution.n61.n16            0                       (Unspecified)
system.ruby.network.ctrl_traffic_distribution.n61.n17            0                       (Unspecified)
system.ruby.network.ctrl_traffic_distribution.n61.n18            0                       (Unspecified)
system.ruby.network.ctrl_traffic_distribution.n61.n19            0                       (Unspecified)
system.ruby.network.ctrl_traffic_distribution.n61.n2            0                       (Unspecified)
system.ruby.network.ctrl_traffic_distribution.n61.n20            0                       (Unspecified)
system.ruby.network.ctrl_traffic_distribution.n61.n21            0                       (Unspecified)
system.ruby.network.ctrl_traffic_distribution.n61.n22            0                       (Unspecified)
system.ruby.network.ctrl_traffic_distribution.n61.n23            0                       (Unspecified)
system.ruby.network.ctrl_traffic_distribution.n61.n24            0                       (Unspecified)
system.ruby.network.ctrl_traffic_distribution.n61.n25            0                       (Unspecified)
system.ruby.network.ctrl_traffic_distribution.n61.n26            0                       (Unspecified)
system.ruby.network.ctrl_traffic_distribution.n61.n27            0                       (Unspecified)
system.ruby.network.ctrl_traffic_distribution.n61.n28            0                       (Unspecified)
system.ruby.network.ctrl_traffic_distribution.n61.n29            0                       (Unspecified)
system.ruby.network.ctrl_traffic_distribution.n61.n3            0                       (Unspecified)
system.ruby.network.ctrl_traffic_distribution.n61.n30            0                       (Unspecified)
system.ruby.network.ctrl_traffic_distribution.n61.n31            0                       (Unspecified)
system.ruby.network.ctrl_traffic_distribution.n61.n32            0                       (Unspecified)
system.ruby.network.ctrl_traffic_distribution.n61.n33            0                       (Unspecified)
system.ruby.network.ctrl_traffic_distribution.n61.n34            0                       (Unspecified)
system.ruby.network.ctrl_traffic_distribution.n61.n35            0                       (Unspecified)
system.ruby.network.ctrl_traffic_distribution.n61.n36            0                       (Unspecified)
system.ruby.network.ctrl_traffic_distribution.n61.n37            0                       (Unspecified)
system.ruby.network.ctrl_traffic_distribution.n61.n38            0                       (Unspecified)
system.ruby.network.ctrl_traffic_distribution.n61.n39            0                       (Unspecified)
system.ruby.network.ctrl_traffic_distribution.n61.n4            0                       (Unspecified)
system.ruby.network.ctrl_traffic_distribution.n61.n40            0                       (Unspecified)
system.ruby.network.ctrl_traffic_distribution.n61.n41            0                       (Unspecified)
system.ruby.network.ctrl_traffic_distribution.n61.n42            0                       (Unspecified)
system.ruby.network.ctrl_traffic_distribution.n61.n43            0                       (Unspecified)
system.ruby.network.ctrl_traffic_distribution.n61.n44            0                       (Unspecified)
system.ruby.network.ctrl_traffic_distribution.n61.n45            0                       (Unspecified)
system.ruby.network.ctrl_traffic_distribution.n61.n46            0                       (Unspecified)
system.ruby.network.ctrl_traffic_distribution.n61.n47            0                       (Unspecified)
system.ruby.network.ctrl_traffic_distribution.n61.n48            0                       (Unspecified)
system.ruby.network.ctrl_traffic_distribution.n61.n49            0                       (Unspecified)
system.ruby.network.ctrl_traffic_distribution.n61.n5            0                       (Unspecified)
system.ruby.network.ctrl_traffic_distribution.n61.n50            0                       (Unspecified)
system.ruby.network.ctrl_traffic_distribution.n61.n51            0                       (Unspecified)
system.ruby.network.ctrl_traffic_distribution.n61.n52            0                       (Unspecified)
system.ruby.network.ctrl_traffic_distribution.n61.n53            0                       (Unspecified)
system.ruby.network.ctrl_traffic_distribution.n61.n54            0                       (Unspecified)
system.ruby.network.ctrl_traffic_distribution.n61.n55            0                       (Unspecified)
system.ruby.network.ctrl_traffic_distribution.n61.n56            0                       (Unspecified)
system.ruby.network.ctrl_traffic_distribution.n61.n57            0                       (Unspecified)
system.ruby.network.ctrl_traffic_distribution.n61.n58            0                       (Unspecified)
system.ruby.network.ctrl_traffic_distribution.n61.n59            0                       (Unspecified)
system.ruby.network.ctrl_traffic_distribution.n61.n6            0                       (Unspecified)
system.ruby.network.ctrl_traffic_distribution.n61.n60            0                       (Unspecified)
system.ruby.network.ctrl_traffic_distribution.n61.n61            0                       (Unspecified)
system.ruby.network.ctrl_traffic_distribution.n61.n62            0                       (Unspecified)
system.ruby.network.ctrl_traffic_distribution.n61.n63            0                       (Unspecified)
system.ruby.network.ctrl_traffic_distribution.n61.n7            0                       (Unspecified)
system.ruby.network.ctrl_traffic_distribution.n61.n8            0                       (Unspecified)
system.ruby.network.ctrl_traffic_distribution.n61.n9            0                       (Unspecified)
system.ruby.network.ctrl_traffic_distribution.n62.n0            0                       (Unspecified)
system.ruby.network.ctrl_traffic_distribution.n62.n1            0                       (Unspecified)
system.ruby.network.ctrl_traffic_distribution.n62.n10            0                       (Unspecified)
system.ruby.network.ctrl_traffic_distribution.n62.n11            0                       (Unspecified)
system.ruby.network.ctrl_traffic_distribution.n62.n12            0                       (Unspecified)
system.ruby.network.ctrl_traffic_distribution.n62.n13            0                       (Unspecified)
system.ruby.network.ctrl_traffic_distribution.n62.n14            0                       (Unspecified)
system.ruby.network.ctrl_traffic_distribution.n62.n15            0                       (Unspecified)
system.ruby.network.ctrl_traffic_distribution.n62.n16            0                       (Unspecified)
system.ruby.network.ctrl_traffic_distribution.n62.n17            0                       (Unspecified)
system.ruby.network.ctrl_traffic_distribution.n62.n18            0                       (Unspecified)
system.ruby.network.ctrl_traffic_distribution.n62.n19            1                       (Unspecified)
system.ruby.network.ctrl_traffic_distribution.n62.n2            0                       (Unspecified)
system.ruby.network.ctrl_traffic_distribution.n62.n20            0                       (Unspecified)
system.ruby.network.ctrl_traffic_distribution.n62.n21            0                       (Unspecified)
system.ruby.network.ctrl_traffic_distribution.n62.n22            0                       (Unspecified)
system.ruby.network.ctrl_traffic_distribution.n62.n23            0                       (Unspecified)
system.ruby.network.ctrl_traffic_distribution.n62.n24            0                       (Unspecified)
system.ruby.network.ctrl_traffic_distribution.n62.n25            0                       (Unspecified)
system.ruby.network.ctrl_traffic_distribution.n62.n26            0                       (Unspecified)
system.ruby.network.ctrl_traffic_distribution.n62.n27            0                       (Unspecified)
system.ruby.network.ctrl_traffic_distribution.n62.n28            0                       (Unspecified)
system.ruby.network.ctrl_traffic_distribution.n62.n29            0                       (Unspecified)
system.ruby.network.ctrl_traffic_distribution.n62.n3            0                       (Unspecified)
system.ruby.network.ctrl_traffic_distribution.n62.n30            0                       (Unspecified)
system.ruby.network.ctrl_traffic_distribution.n62.n31            0                       (Unspecified)
system.ruby.network.ctrl_traffic_distribution.n62.n32            0                       (Unspecified)
system.ruby.network.ctrl_traffic_distribution.n62.n33            0                       (Unspecified)
system.ruby.network.ctrl_traffic_distribution.n62.n34            0                       (Unspecified)
system.ruby.network.ctrl_traffic_distribution.n62.n35            0                       (Unspecified)
system.ruby.network.ctrl_traffic_distribution.n62.n36            0                       (Unspecified)
system.ruby.network.ctrl_traffic_distribution.n62.n37            0                       (Unspecified)
system.ruby.network.ctrl_traffic_distribution.n62.n38            0                       (Unspecified)
system.ruby.network.ctrl_traffic_distribution.n62.n39            0                       (Unspecified)
system.ruby.network.ctrl_traffic_distribution.n62.n4            0                       (Unspecified)
system.ruby.network.ctrl_traffic_distribution.n62.n40            0                       (Unspecified)
system.ruby.network.ctrl_traffic_distribution.n62.n41            0                       (Unspecified)
system.ruby.network.ctrl_traffic_distribution.n62.n42            0                       (Unspecified)
system.ruby.network.ctrl_traffic_distribution.n62.n43            0                       (Unspecified)
system.ruby.network.ctrl_traffic_distribution.n62.n44            0                       (Unspecified)
system.ruby.network.ctrl_traffic_distribution.n62.n45            0                       (Unspecified)
system.ruby.network.ctrl_traffic_distribution.n62.n46            0                       (Unspecified)
system.ruby.network.ctrl_traffic_distribution.n62.n47            0                       (Unspecified)
system.ruby.network.ctrl_traffic_distribution.n62.n48            0                       (Unspecified)
system.ruby.network.ctrl_traffic_distribution.n62.n49            0                       (Unspecified)
system.ruby.network.ctrl_traffic_distribution.n62.n5            0                       (Unspecified)
system.ruby.network.ctrl_traffic_distribution.n62.n50            0                       (Unspecified)
system.ruby.network.ctrl_traffic_distribution.n62.n51            0                       (Unspecified)
system.ruby.network.ctrl_traffic_distribution.n62.n52            0                       (Unspecified)
system.ruby.network.ctrl_traffic_distribution.n62.n53            0                       (Unspecified)
system.ruby.network.ctrl_traffic_distribution.n62.n54            0                       (Unspecified)
system.ruby.network.ctrl_traffic_distribution.n62.n55            0                       (Unspecified)
system.ruby.network.ctrl_traffic_distribution.n62.n56            0                       (Unspecified)
system.ruby.network.ctrl_traffic_distribution.n62.n57            0                       (Unspecified)
system.ruby.network.ctrl_traffic_distribution.n62.n58            0                       (Unspecified)
system.ruby.network.ctrl_traffic_distribution.n62.n59            0                       (Unspecified)
system.ruby.network.ctrl_traffic_distribution.n62.n6            0                       (Unspecified)
system.ruby.network.ctrl_traffic_distribution.n62.n60            0                       (Unspecified)
system.ruby.network.ctrl_traffic_distribution.n62.n61            0                       (Unspecified)
system.ruby.network.ctrl_traffic_distribution.n62.n62            0                       (Unspecified)
system.ruby.network.ctrl_traffic_distribution.n62.n63            0                       (Unspecified)
system.ruby.network.ctrl_traffic_distribution.n62.n7            0                       (Unspecified)
system.ruby.network.ctrl_traffic_distribution.n62.n8            0                       (Unspecified)
system.ruby.network.ctrl_traffic_distribution.n62.n9            0                       (Unspecified)
system.ruby.network.ctrl_traffic_distribution.n63.n0            0                       (Unspecified)
system.ruby.network.ctrl_traffic_distribution.n63.n1            0                       (Unspecified)
system.ruby.network.ctrl_traffic_distribution.n63.n10            0                       (Unspecified)
system.ruby.network.ctrl_traffic_distribution.n63.n11            0                       (Unspecified)
system.ruby.network.ctrl_traffic_distribution.n63.n12            0                       (Unspecified)
system.ruby.network.ctrl_traffic_distribution.n63.n13            0                       (Unspecified)
system.ruby.network.ctrl_traffic_distribution.n63.n14            0                       (Unspecified)
system.ruby.network.ctrl_traffic_distribution.n63.n15            0                       (Unspecified)
system.ruby.network.ctrl_traffic_distribution.n63.n16            0                       (Unspecified)
system.ruby.network.ctrl_traffic_distribution.n63.n17            0                       (Unspecified)
system.ruby.network.ctrl_traffic_distribution.n63.n18            0                       (Unspecified)
system.ruby.network.ctrl_traffic_distribution.n63.n19            0                       (Unspecified)
system.ruby.network.ctrl_traffic_distribution.n63.n2            0                       (Unspecified)
system.ruby.network.ctrl_traffic_distribution.n63.n20            0                       (Unspecified)
system.ruby.network.ctrl_traffic_distribution.n63.n21            0                       (Unspecified)
system.ruby.network.ctrl_traffic_distribution.n63.n22            0                       (Unspecified)
system.ruby.network.ctrl_traffic_distribution.n63.n23            0                       (Unspecified)
system.ruby.network.ctrl_traffic_distribution.n63.n24            0                       (Unspecified)
system.ruby.network.ctrl_traffic_distribution.n63.n25            0                       (Unspecified)
system.ruby.network.ctrl_traffic_distribution.n63.n26            0                       (Unspecified)
system.ruby.network.ctrl_traffic_distribution.n63.n27            0                       (Unspecified)
system.ruby.network.ctrl_traffic_distribution.n63.n28            0                       (Unspecified)
system.ruby.network.ctrl_traffic_distribution.n63.n29            0                       (Unspecified)
system.ruby.network.ctrl_traffic_distribution.n63.n3            0                       (Unspecified)
system.ruby.network.ctrl_traffic_distribution.n63.n30            0                       (Unspecified)
system.ruby.network.ctrl_traffic_distribution.n63.n31            0                       (Unspecified)
system.ruby.network.ctrl_traffic_distribution.n63.n32            0                       (Unspecified)
system.ruby.network.ctrl_traffic_distribution.n63.n33            0                       (Unspecified)
system.ruby.network.ctrl_traffic_distribution.n63.n34            0                       (Unspecified)
system.ruby.network.ctrl_traffic_distribution.n63.n35            0                       (Unspecified)
system.ruby.network.ctrl_traffic_distribution.n63.n36            0                       (Unspecified)
system.ruby.network.ctrl_traffic_distribution.n63.n37            0                       (Unspecified)
system.ruby.network.ctrl_traffic_distribution.n63.n38            0                       (Unspecified)
system.ruby.network.ctrl_traffic_distribution.n63.n39            0                       (Unspecified)
system.ruby.network.ctrl_traffic_distribution.n63.n4            0                       (Unspecified)
system.ruby.network.ctrl_traffic_distribution.n63.n40            0                       (Unspecified)
system.ruby.network.ctrl_traffic_distribution.n63.n41            0                       (Unspecified)
system.ruby.network.ctrl_traffic_distribution.n63.n42            0                       (Unspecified)
system.ruby.network.ctrl_traffic_distribution.n63.n43            0                       (Unspecified)
system.ruby.network.ctrl_traffic_distribution.n63.n44            0                       (Unspecified)
system.ruby.network.ctrl_traffic_distribution.n63.n45            0                       (Unspecified)
system.ruby.network.ctrl_traffic_distribution.n63.n46            0                       (Unspecified)
system.ruby.network.ctrl_traffic_distribution.n63.n47            0                       (Unspecified)
system.ruby.network.ctrl_traffic_distribution.n63.n48            0                       (Unspecified)
system.ruby.network.ctrl_traffic_distribution.n63.n49            0                       (Unspecified)
system.ruby.network.ctrl_traffic_distribution.n63.n5            0                       (Unspecified)
system.ruby.network.ctrl_traffic_distribution.n63.n50            0                       (Unspecified)
system.ruby.network.ctrl_traffic_distribution.n63.n51            0                       (Unspecified)
system.ruby.network.ctrl_traffic_distribution.n63.n52            0                       (Unspecified)
system.ruby.network.ctrl_traffic_distribution.n63.n53            0                       (Unspecified)
system.ruby.network.ctrl_traffic_distribution.n63.n54            0                       (Unspecified)
system.ruby.network.ctrl_traffic_distribution.n63.n55            0                       (Unspecified)
system.ruby.network.ctrl_traffic_distribution.n63.n56            0                       (Unspecified)
system.ruby.network.ctrl_traffic_distribution.n63.n57            0                       (Unspecified)
system.ruby.network.ctrl_traffic_distribution.n63.n58            0                       (Unspecified)
system.ruby.network.ctrl_traffic_distribution.n63.n59            0                       (Unspecified)
system.ruby.network.ctrl_traffic_distribution.n63.n6            0                       (Unspecified)
system.ruby.network.ctrl_traffic_distribution.n63.n60            0                       (Unspecified)
system.ruby.network.ctrl_traffic_distribution.n63.n61            0                       (Unspecified)
system.ruby.network.ctrl_traffic_distribution.n63.n62            0                       (Unspecified)
system.ruby.network.ctrl_traffic_distribution.n63.n63            0                       (Unspecified)
system.ruby.network.ctrl_traffic_distribution.n63.n7            0                       (Unspecified)
system.ruby.network.ctrl_traffic_distribution.n63.n8            0                       (Unspecified)
system.ruby.network.ctrl_traffic_distribution.n63.n9            0                       (Unspecified)
system.ruby.network.ctrl_traffic_distribution.n7.n0            0                       (Unspecified)
system.ruby.network.ctrl_traffic_distribution.n7.n1            0                       (Unspecified)
system.ruby.network.ctrl_traffic_distribution.n7.n10            0                       (Unspecified)
system.ruby.network.ctrl_traffic_distribution.n7.n11            0                       (Unspecified)
system.ruby.network.ctrl_traffic_distribution.n7.n12            0                       (Unspecified)
system.ruby.network.ctrl_traffic_distribution.n7.n13            0                       (Unspecified)
system.ruby.network.ctrl_traffic_distribution.n7.n14            0                       (Unspecified)
system.ruby.network.ctrl_traffic_distribution.n7.n15            0                       (Unspecified)
system.ruby.network.ctrl_traffic_distribution.n7.n16            0                       (Unspecified)
system.ruby.network.ctrl_traffic_distribution.n7.n17            0                       (Unspecified)
system.ruby.network.ctrl_traffic_distribution.n7.n18            0                       (Unspecified)
system.ruby.network.ctrl_traffic_distribution.n7.n19            0                       (Unspecified)
system.ruby.network.ctrl_traffic_distribution.n7.n2            0                       (Unspecified)
system.ruby.network.ctrl_traffic_distribution.n7.n20            0                       (Unspecified)
system.ruby.network.ctrl_traffic_distribution.n7.n21            0                       (Unspecified)
system.ruby.network.ctrl_traffic_distribution.n7.n22            0                       (Unspecified)
system.ruby.network.ctrl_traffic_distribution.n7.n23            0                       (Unspecified)
system.ruby.network.ctrl_traffic_distribution.n7.n24            0                       (Unspecified)
system.ruby.network.ctrl_traffic_distribution.n7.n25            0                       (Unspecified)
system.ruby.network.ctrl_traffic_distribution.n7.n26            0                       (Unspecified)
system.ruby.network.ctrl_traffic_distribution.n7.n27            0                       (Unspecified)
system.ruby.network.ctrl_traffic_distribution.n7.n28            0                       (Unspecified)
system.ruby.network.ctrl_traffic_distribution.n7.n29            0                       (Unspecified)
system.ruby.network.ctrl_traffic_distribution.n7.n3            0                       (Unspecified)
system.ruby.network.ctrl_traffic_distribution.n7.n30            0                       (Unspecified)
system.ruby.network.ctrl_traffic_distribution.n7.n31            0                       (Unspecified)
system.ruby.network.ctrl_traffic_distribution.n7.n32            0                       (Unspecified)
system.ruby.network.ctrl_traffic_distribution.n7.n33            0                       (Unspecified)
system.ruby.network.ctrl_traffic_distribution.n7.n34            0                       (Unspecified)
system.ruby.network.ctrl_traffic_distribution.n7.n35            0                       (Unspecified)
system.ruby.network.ctrl_traffic_distribution.n7.n36            0                       (Unspecified)
system.ruby.network.ctrl_traffic_distribution.n7.n37            0                       (Unspecified)
system.ruby.network.ctrl_traffic_distribution.n7.n38            0                       (Unspecified)
system.ruby.network.ctrl_traffic_distribution.n7.n39            0                       (Unspecified)
system.ruby.network.ctrl_traffic_distribution.n7.n4            0                       (Unspecified)
system.ruby.network.ctrl_traffic_distribution.n7.n40            0                       (Unspecified)
system.ruby.network.ctrl_traffic_distribution.n7.n41            0                       (Unspecified)
system.ruby.network.ctrl_traffic_distribution.n7.n42            0                       (Unspecified)
system.ruby.network.ctrl_traffic_distribution.n7.n43            0                       (Unspecified)
system.ruby.network.ctrl_traffic_distribution.n7.n44            0                       (Unspecified)
system.ruby.network.ctrl_traffic_distribution.n7.n45            0                       (Unspecified)
system.ruby.network.ctrl_traffic_distribution.n7.n46            0                       (Unspecified)
system.ruby.network.ctrl_traffic_distribution.n7.n47            0                       (Unspecified)
system.ruby.network.ctrl_traffic_distribution.n7.n48            0                       (Unspecified)
system.ruby.network.ctrl_traffic_distribution.n7.n49            0                       (Unspecified)
system.ruby.network.ctrl_traffic_distribution.n7.n5            0                       (Unspecified)
system.ruby.network.ctrl_traffic_distribution.n7.n50            0                       (Unspecified)
system.ruby.network.ctrl_traffic_distribution.n7.n51            0                       (Unspecified)
system.ruby.network.ctrl_traffic_distribution.n7.n52            0                       (Unspecified)
system.ruby.network.ctrl_traffic_distribution.n7.n53            0                       (Unspecified)
system.ruby.network.ctrl_traffic_distribution.n7.n54            0                       (Unspecified)
system.ruby.network.ctrl_traffic_distribution.n7.n55            0                       (Unspecified)
system.ruby.network.ctrl_traffic_distribution.n7.n56            0                       (Unspecified)
system.ruby.network.ctrl_traffic_distribution.n7.n57            0                       (Unspecified)
system.ruby.network.ctrl_traffic_distribution.n7.n58            0                       (Unspecified)
system.ruby.network.ctrl_traffic_distribution.n7.n59            0                       (Unspecified)
system.ruby.network.ctrl_traffic_distribution.n7.n6            0                       (Unspecified)
system.ruby.network.ctrl_traffic_distribution.n7.n60            0                       (Unspecified)
system.ruby.network.ctrl_traffic_distribution.n7.n61            0                       (Unspecified)
system.ruby.network.ctrl_traffic_distribution.n7.n62            0                       (Unspecified)
system.ruby.network.ctrl_traffic_distribution.n7.n63            0                       (Unspecified)
system.ruby.network.ctrl_traffic_distribution.n7.n7            0                       (Unspecified)
system.ruby.network.ctrl_traffic_distribution.n7.n8            0                       (Unspecified)
system.ruby.network.ctrl_traffic_distribution.n7.n9            0                       (Unspecified)
system.ruby.network.ctrl_traffic_distribution.n8.n0            0                       (Unspecified)
system.ruby.network.ctrl_traffic_distribution.n8.n1            0                       (Unspecified)
system.ruby.network.ctrl_traffic_distribution.n8.n10            0                       (Unspecified)
system.ruby.network.ctrl_traffic_distribution.n8.n11            0                       (Unspecified)
system.ruby.network.ctrl_traffic_distribution.n8.n12            0                       (Unspecified)
system.ruby.network.ctrl_traffic_distribution.n8.n13            0                       (Unspecified)
system.ruby.network.ctrl_traffic_distribution.n8.n14            0                       (Unspecified)
system.ruby.network.ctrl_traffic_distribution.n8.n15            0                       (Unspecified)
system.ruby.network.ctrl_traffic_distribution.n8.n16            1                       (Unspecified)
system.ruby.network.ctrl_traffic_distribution.n8.n17            0                       (Unspecified)
system.ruby.network.ctrl_traffic_distribution.n8.n18            0                       (Unspecified)
system.ruby.network.ctrl_traffic_distribution.n8.n19            0                       (Unspecified)
system.ruby.network.ctrl_traffic_distribution.n8.n2            0                       (Unspecified)
system.ruby.network.ctrl_traffic_distribution.n8.n20            0                       (Unspecified)
system.ruby.network.ctrl_traffic_distribution.n8.n21            0                       (Unspecified)
system.ruby.network.ctrl_traffic_distribution.n8.n22            0                       (Unspecified)
system.ruby.network.ctrl_traffic_distribution.n8.n23            0                       (Unspecified)
system.ruby.network.ctrl_traffic_distribution.n8.n24            0                       (Unspecified)
system.ruby.network.ctrl_traffic_distribution.n8.n25            0                       (Unspecified)
system.ruby.network.ctrl_traffic_distribution.n8.n26            0                       (Unspecified)
system.ruby.network.ctrl_traffic_distribution.n8.n27            0                       (Unspecified)
system.ruby.network.ctrl_traffic_distribution.n8.n28            0                       (Unspecified)
system.ruby.network.ctrl_traffic_distribution.n8.n29            0                       (Unspecified)
system.ruby.network.ctrl_traffic_distribution.n8.n3            0                       (Unspecified)
system.ruby.network.ctrl_traffic_distribution.n8.n30            0                       (Unspecified)
system.ruby.network.ctrl_traffic_distribution.n8.n31            0                       (Unspecified)
system.ruby.network.ctrl_traffic_distribution.n8.n32            0                       (Unspecified)
system.ruby.network.ctrl_traffic_distribution.n8.n33            0                       (Unspecified)
system.ruby.network.ctrl_traffic_distribution.n8.n34            0                       (Unspecified)
system.ruby.network.ctrl_traffic_distribution.n8.n35            0                       (Unspecified)
system.ruby.network.ctrl_traffic_distribution.n8.n36            0                       (Unspecified)
system.ruby.network.ctrl_traffic_distribution.n8.n37            0                       (Unspecified)
system.ruby.network.ctrl_traffic_distribution.n8.n38            0                       (Unspecified)
system.ruby.network.ctrl_traffic_distribution.n8.n39            0                       (Unspecified)
system.ruby.network.ctrl_traffic_distribution.n8.n4            0                       (Unspecified)
system.ruby.network.ctrl_traffic_distribution.n8.n40            0                       (Unspecified)
system.ruby.network.ctrl_traffic_distribution.n8.n41            0                       (Unspecified)
system.ruby.network.ctrl_traffic_distribution.n8.n42            0                       (Unspecified)
system.ruby.network.ctrl_traffic_distribution.n8.n43            0                       (Unspecified)
system.ruby.network.ctrl_traffic_distribution.n8.n44            0                       (Unspecified)
system.ruby.network.ctrl_traffic_distribution.n8.n45            0                       (Unspecified)
system.ruby.network.ctrl_traffic_distribution.n8.n46            0                       (Unspecified)
system.ruby.network.ctrl_traffic_distribution.n8.n47            0                       (Unspecified)
system.ruby.network.ctrl_traffic_distribution.n8.n48            0                       (Unspecified)
system.ruby.network.ctrl_traffic_distribution.n8.n49            0                       (Unspecified)
system.ruby.network.ctrl_traffic_distribution.n8.n5            0                       (Unspecified)
system.ruby.network.ctrl_traffic_distribution.n8.n50            0                       (Unspecified)
system.ruby.network.ctrl_traffic_distribution.n8.n51            0                       (Unspecified)
system.ruby.network.ctrl_traffic_distribution.n8.n52            0                       (Unspecified)
system.ruby.network.ctrl_traffic_distribution.n8.n53            0                       (Unspecified)
system.ruby.network.ctrl_traffic_distribution.n8.n54            0                       (Unspecified)
system.ruby.network.ctrl_traffic_distribution.n8.n55            0                       (Unspecified)
system.ruby.network.ctrl_traffic_distribution.n8.n56            0                       (Unspecified)
system.ruby.network.ctrl_traffic_distribution.n8.n57            0                       (Unspecified)
system.ruby.network.ctrl_traffic_distribution.n8.n58            0                       (Unspecified)
system.ruby.network.ctrl_traffic_distribution.n8.n59            0                       (Unspecified)
system.ruby.network.ctrl_traffic_distribution.n8.n6            0                       (Unspecified)
system.ruby.network.ctrl_traffic_distribution.n8.n60            0                       (Unspecified)
system.ruby.network.ctrl_traffic_distribution.n8.n61            0                       (Unspecified)
system.ruby.network.ctrl_traffic_distribution.n8.n62            0                       (Unspecified)
system.ruby.network.ctrl_traffic_distribution.n8.n63            0                       (Unspecified)
system.ruby.network.ctrl_traffic_distribution.n8.n7            0                       (Unspecified)
system.ruby.network.ctrl_traffic_distribution.n8.n8            0                       (Unspecified)
system.ruby.network.ctrl_traffic_distribution.n8.n9            0                       (Unspecified)
system.ruby.network.ctrl_traffic_distribution.n9.n0            0                       (Unspecified)
system.ruby.network.ctrl_traffic_distribution.n9.n1            0                       (Unspecified)
system.ruby.network.ctrl_traffic_distribution.n9.n10            0                       (Unspecified)
system.ruby.network.ctrl_traffic_distribution.n9.n11            0                       (Unspecified)
system.ruby.network.ctrl_traffic_distribution.n9.n12            0                       (Unspecified)
system.ruby.network.ctrl_traffic_distribution.n9.n13            0                       (Unspecified)
system.ruby.network.ctrl_traffic_distribution.n9.n14            0                       (Unspecified)
system.ruby.network.ctrl_traffic_distribution.n9.n15            0                       (Unspecified)
system.ruby.network.ctrl_traffic_distribution.n9.n16            0                       (Unspecified)
system.ruby.network.ctrl_traffic_distribution.n9.n17            0                       (Unspecified)
system.ruby.network.ctrl_traffic_distribution.n9.n18            0                       (Unspecified)
system.ruby.network.ctrl_traffic_distribution.n9.n19            0                       (Unspecified)
system.ruby.network.ctrl_traffic_distribution.n9.n2            0                       (Unspecified)
system.ruby.network.ctrl_traffic_distribution.n9.n20            0                       (Unspecified)
system.ruby.network.ctrl_traffic_distribution.n9.n21            0                       (Unspecified)
system.ruby.network.ctrl_traffic_distribution.n9.n22            0                       (Unspecified)
system.ruby.network.ctrl_traffic_distribution.n9.n23            0                       (Unspecified)
system.ruby.network.ctrl_traffic_distribution.n9.n24            0                       (Unspecified)
system.ruby.network.ctrl_traffic_distribution.n9.n25            0                       (Unspecified)
system.ruby.network.ctrl_traffic_distribution.n9.n26            0                       (Unspecified)
system.ruby.network.ctrl_traffic_distribution.n9.n27            0                       (Unspecified)
system.ruby.network.ctrl_traffic_distribution.n9.n28            0                       (Unspecified)
system.ruby.network.ctrl_traffic_distribution.n9.n29            0                       (Unspecified)
system.ruby.network.ctrl_traffic_distribution.n9.n3            0                       (Unspecified)
system.ruby.network.ctrl_traffic_distribution.n9.n30            0                       (Unspecified)
system.ruby.network.ctrl_traffic_distribution.n9.n31            0                       (Unspecified)
system.ruby.network.ctrl_traffic_distribution.n9.n32            0                       (Unspecified)
system.ruby.network.ctrl_traffic_distribution.n9.n33            0                       (Unspecified)
system.ruby.network.ctrl_traffic_distribution.n9.n34            0                       (Unspecified)
system.ruby.network.ctrl_traffic_distribution.n9.n35            0                       (Unspecified)
system.ruby.network.ctrl_traffic_distribution.n9.n36            0                       (Unspecified)
system.ruby.network.ctrl_traffic_distribution.n9.n37            0                       (Unspecified)
system.ruby.network.ctrl_traffic_distribution.n9.n38            0                       (Unspecified)
system.ruby.network.ctrl_traffic_distribution.n9.n39            0                       (Unspecified)
system.ruby.network.ctrl_traffic_distribution.n9.n4            0                       (Unspecified)
system.ruby.network.ctrl_traffic_distribution.n9.n40            0                       (Unspecified)
system.ruby.network.ctrl_traffic_distribution.n9.n41            0                       (Unspecified)
system.ruby.network.ctrl_traffic_distribution.n9.n42            0                       (Unspecified)
system.ruby.network.ctrl_traffic_distribution.n9.n43            0                       (Unspecified)
system.ruby.network.ctrl_traffic_distribution.n9.n44            0                       (Unspecified)
system.ruby.network.ctrl_traffic_distribution.n9.n45            0                       (Unspecified)
system.ruby.network.ctrl_traffic_distribution.n9.n46            0                       (Unspecified)
system.ruby.network.ctrl_traffic_distribution.n9.n47            0                       (Unspecified)
system.ruby.network.ctrl_traffic_distribution.n9.n48            0                       (Unspecified)
system.ruby.network.ctrl_traffic_distribution.n9.n49            0                       (Unspecified)
system.ruby.network.ctrl_traffic_distribution.n9.n5            0                       (Unspecified)
system.ruby.network.ctrl_traffic_distribution.n9.n50            0                       (Unspecified)
system.ruby.network.ctrl_traffic_distribution.n9.n51            0                       (Unspecified)
system.ruby.network.ctrl_traffic_distribution.n9.n52            0                       (Unspecified)
system.ruby.network.ctrl_traffic_distribution.n9.n53            0                       (Unspecified)
system.ruby.network.ctrl_traffic_distribution.n9.n54            0                       (Unspecified)
system.ruby.network.ctrl_traffic_distribution.n9.n55            0                       (Unspecified)
system.ruby.network.ctrl_traffic_distribution.n9.n56            0                       (Unspecified)
system.ruby.network.ctrl_traffic_distribution.n9.n57            0                       (Unspecified)
system.ruby.network.ctrl_traffic_distribution.n9.n58            0                       (Unspecified)
system.ruby.network.ctrl_traffic_distribution.n9.n59            0                       (Unspecified)
system.ruby.network.ctrl_traffic_distribution.n9.n6            0                       (Unspecified)
system.ruby.network.ctrl_traffic_distribution.n9.n60            0                       (Unspecified)
system.ruby.network.ctrl_traffic_distribution.n9.n61            0                       (Unspecified)
system.ruby.network.ctrl_traffic_distribution.n9.n62            0                       (Unspecified)
system.ruby.network.ctrl_traffic_distribution.n9.n63            0                       (Unspecified)
system.ruby.network.ctrl_traffic_distribution.n9.n7            0                       (Unspecified)
system.ruby.network.ctrl_traffic_distribution.n9.n8            0                       (Unspecified)
system.ruby.network.ctrl_traffic_distribution.n9.n9            0                       (Unspecified)
system.ruby.network.data_traffic_distribution.n0.n0            0                       (Unspecified)
system.ruby.network.data_traffic_distribution.n0.n1            0                       (Unspecified)
system.ruby.network.data_traffic_distribution.n0.n10            0                       (Unspecified)
system.ruby.network.data_traffic_distribution.n0.n11            0                       (Unspecified)
system.ruby.network.data_traffic_distribution.n0.n12            0                       (Unspecified)
system.ruby.network.data_traffic_distribution.n0.n13            0                       (Unspecified)
system.ruby.network.data_traffic_distribution.n0.n14            0                       (Unspecified)
system.ruby.network.data_traffic_distribution.n0.n15            0                       (Unspecified)
system.ruby.network.data_traffic_distribution.n0.n16            0                       (Unspecified)
system.ruby.network.data_traffic_distribution.n0.n17            0                       (Unspecified)
system.ruby.network.data_traffic_distribution.n0.n18            0                       (Unspecified)
system.ruby.network.data_traffic_distribution.n0.n19            0                       (Unspecified)
system.ruby.network.data_traffic_distribution.n0.n2            0                       (Unspecified)
system.ruby.network.data_traffic_distribution.n0.n20            0                       (Unspecified)
system.ruby.network.data_traffic_distribution.n0.n21            0                       (Unspecified)
system.ruby.network.data_traffic_distribution.n0.n22            0                       (Unspecified)
system.ruby.network.data_traffic_distribution.n0.n23            0                       (Unspecified)
system.ruby.network.data_traffic_distribution.n0.n24            0                       (Unspecified)
system.ruby.network.data_traffic_distribution.n0.n25            0                       (Unspecified)
system.ruby.network.data_traffic_distribution.n0.n26            0                       (Unspecified)
system.ruby.network.data_traffic_distribution.n0.n27            0                       (Unspecified)
system.ruby.network.data_traffic_distribution.n0.n28            0                       (Unspecified)
system.ruby.network.data_traffic_distribution.n0.n29            0                       (Unspecified)
system.ruby.network.data_traffic_distribution.n0.n3            0                       (Unspecified)
system.ruby.network.data_traffic_distribution.n0.n30            0                       (Unspecified)
system.ruby.network.data_traffic_distribution.n0.n31            0                       (Unspecified)
system.ruby.network.data_traffic_distribution.n0.n32            0                       (Unspecified)
system.ruby.network.data_traffic_distribution.n0.n33            0                       (Unspecified)
system.ruby.network.data_traffic_distribution.n0.n34            0                       (Unspecified)
system.ruby.network.data_traffic_distribution.n0.n35            0                       (Unspecified)
system.ruby.network.data_traffic_distribution.n0.n36            0                       (Unspecified)
system.ruby.network.data_traffic_distribution.n0.n37            0                       (Unspecified)
system.ruby.network.data_traffic_distribution.n0.n38            0                       (Unspecified)
system.ruby.network.data_traffic_distribution.n0.n39            0                       (Unspecified)
system.ruby.network.data_traffic_distribution.n0.n4            0                       (Unspecified)
system.ruby.network.data_traffic_distribution.n0.n40            0                       (Unspecified)
system.ruby.network.data_traffic_distribution.n0.n41            0                       (Unspecified)
system.ruby.network.data_traffic_distribution.n0.n42            0                       (Unspecified)
system.ruby.network.data_traffic_distribution.n0.n43            0                       (Unspecified)
system.ruby.network.data_traffic_distribution.n0.n44            0                       (Unspecified)
system.ruby.network.data_traffic_distribution.n0.n45            0                       (Unspecified)
system.ruby.network.data_traffic_distribution.n0.n46            1                       (Unspecified)
system.ruby.network.data_traffic_distribution.n0.n47            0                       (Unspecified)
system.ruby.network.data_traffic_distribution.n0.n48            0                       (Unspecified)
system.ruby.network.data_traffic_distribution.n0.n49            0                       (Unspecified)
system.ruby.network.data_traffic_distribution.n0.n5            0                       (Unspecified)
system.ruby.network.data_traffic_distribution.n0.n50            0                       (Unspecified)
system.ruby.network.data_traffic_distribution.n0.n51            0                       (Unspecified)
system.ruby.network.data_traffic_distribution.n0.n52            0                       (Unspecified)
system.ruby.network.data_traffic_distribution.n0.n53            0                       (Unspecified)
system.ruby.network.data_traffic_distribution.n0.n54            0                       (Unspecified)
system.ruby.network.data_traffic_distribution.n0.n55            0                       (Unspecified)
system.ruby.network.data_traffic_distribution.n0.n56            0                       (Unspecified)
system.ruby.network.data_traffic_distribution.n0.n57            0                       (Unspecified)
system.ruby.network.data_traffic_distribution.n0.n58            0                       (Unspecified)
system.ruby.network.data_traffic_distribution.n0.n59            0                       (Unspecified)
system.ruby.network.data_traffic_distribution.n0.n6            0                       (Unspecified)
system.ruby.network.data_traffic_distribution.n0.n60            0                       (Unspecified)
system.ruby.network.data_traffic_distribution.n0.n61            0                       (Unspecified)
system.ruby.network.data_traffic_distribution.n0.n62            0                       (Unspecified)
system.ruby.network.data_traffic_distribution.n0.n63            0                       (Unspecified)
system.ruby.network.data_traffic_distribution.n0.n7            0                       (Unspecified)
system.ruby.network.data_traffic_distribution.n0.n8            0                       (Unspecified)
system.ruby.network.data_traffic_distribution.n0.n9            0                       (Unspecified)
system.ruby.network.data_traffic_distribution.n1.n0            0                       (Unspecified)
system.ruby.network.data_traffic_distribution.n1.n1            0                       (Unspecified)
system.ruby.network.data_traffic_distribution.n1.n10            0                       (Unspecified)
system.ruby.network.data_traffic_distribution.n1.n11            0                       (Unspecified)
system.ruby.network.data_traffic_distribution.n1.n12            0                       (Unspecified)
system.ruby.network.data_traffic_distribution.n1.n13            0                       (Unspecified)
system.ruby.network.data_traffic_distribution.n1.n14            0                       (Unspecified)
system.ruby.network.data_traffic_distribution.n1.n15            0                       (Unspecified)
system.ruby.network.data_traffic_distribution.n1.n16            0                       (Unspecified)
system.ruby.network.data_traffic_distribution.n1.n17            0                       (Unspecified)
system.ruby.network.data_traffic_distribution.n1.n18            0                       (Unspecified)
system.ruby.network.data_traffic_distribution.n1.n19            0                       (Unspecified)
system.ruby.network.data_traffic_distribution.n1.n2            0                       (Unspecified)
system.ruby.network.data_traffic_distribution.n1.n20            0                       (Unspecified)
system.ruby.network.data_traffic_distribution.n1.n21            0                       (Unspecified)
system.ruby.network.data_traffic_distribution.n1.n22            0                       (Unspecified)
system.ruby.network.data_traffic_distribution.n1.n23            0                       (Unspecified)
system.ruby.network.data_traffic_distribution.n1.n24            0                       (Unspecified)
system.ruby.network.data_traffic_distribution.n1.n25            0                       (Unspecified)
system.ruby.network.data_traffic_distribution.n1.n26            0                       (Unspecified)
system.ruby.network.data_traffic_distribution.n1.n27            0                       (Unspecified)
system.ruby.network.data_traffic_distribution.n1.n28            0                       (Unspecified)
system.ruby.network.data_traffic_distribution.n1.n29            0                       (Unspecified)
system.ruby.network.data_traffic_distribution.n1.n3            0                       (Unspecified)
system.ruby.network.data_traffic_distribution.n1.n30            0                       (Unspecified)
system.ruby.network.data_traffic_distribution.n1.n31            0                       (Unspecified)
system.ruby.network.data_traffic_distribution.n1.n32            0                       (Unspecified)
system.ruby.network.data_traffic_distribution.n1.n33            0                       (Unspecified)
system.ruby.network.data_traffic_distribution.n1.n34            0                       (Unspecified)
system.ruby.network.data_traffic_distribution.n1.n35            0                       (Unspecified)
system.ruby.network.data_traffic_distribution.n1.n36            0                       (Unspecified)
system.ruby.network.data_traffic_distribution.n1.n37            0                       (Unspecified)
system.ruby.network.data_traffic_distribution.n1.n38            0                       (Unspecified)
system.ruby.network.data_traffic_distribution.n1.n39            0                       (Unspecified)
system.ruby.network.data_traffic_distribution.n1.n4            0                       (Unspecified)
system.ruby.network.data_traffic_distribution.n1.n40            0                       (Unspecified)
system.ruby.network.data_traffic_distribution.n1.n41            0                       (Unspecified)
system.ruby.network.data_traffic_distribution.n1.n42            0                       (Unspecified)
system.ruby.network.data_traffic_distribution.n1.n43            0                       (Unspecified)
system.ruby.network.data_traffic_distribution.n1.n44            0                       (Unspecified)
system.ruby.network.data_traffic_distribution.n1.n45            0                       (Unspecified)
system.ruby.network.data_traffic_distribution.n1.n46            0                       (Unspecified)
system.ruby.network.data_traffic_distribution.n1.n47            0                       (Unspecified)
system.ruby.network.data_traffic_distribution.n1.n48            0                       (Unspecified)
system.ruby.network.data_traffic_distribution.n1.n49            0                       (Unspecified)
system.ruby.network.data_traffic_distribution.n1.n5            0                       (Unspecified)
system.ruby.network.data_traffic_distribution.n1.n50            0                       (Unspecified)
system.ruby.network.data_traffic_distribution.n1.n51            0                       (Unspecified)
system.ruby.network.data_traffic_distribution.n1.n52            0                       (Unspecified)
system.ruby.network.data_traffic_distribution.n1.n53            0                       (Unspecified)
system.ruby.network.data_traffic_distribution.n1.n54            0                       (Unspecified)
system.ruby.network.data_traffic_distribution.n1.n55            0                       (Unspecified)
system.ruby.network.data_traffic_distribution.n1.n56            0                       (Unspecified)
system.ruby.network.data_traffic_distribution.n1.n57            0                       (Unspecified)
system.ruby.network.data_traffic_distribution.n1.n58            0                       (Unspecified)
system.ruby.network.data_traffic_distribution.n1.n59            0                       (Unspecified)
system.ruby.network.data_traffic_distribution.n1.n6            0                       (Unspecified)
system.ruby.network.data_traffic_distribution.n1.n60            0                       (Unspecified)
system.ruby.network.data_traffic_distribution.n1.n61            0                       (Unspecified)
system.ruby.network.data_traffic_distribution.n1.n62            0                       (Unspecified)
system.ruby.network.data_traffic_distribution.n1.n63            0                       (Unspecified)
system.ruby.network.data_traffic_distribution.n1.n7            0                       (Unspecified)
system.ruby.network.data_traffic_distribution.n1.n8            0                       (Unspecified)
system.ruby.network.data_traffic_distribution.n1.n9            0                       (Unspecified)
system.ruby.network.data_traffic_distribution.n10.n0            0                       (Unspecified)
system.ruby.network.data_traffic_distribution.n10.n1            0                       (Unspecified)
system.ruby.network.data_traffic_distribution.n10.n10            0                       (Unspecified)
system.ruby.network.data_traffic_distribution.n10.n11            0                       (Unspecified)
system.ruby.network.data_traffic_distribution.n10.n12            0                       (Unspecified)
system.ruby.network.data_traffic_distribution.n10.n13            0                       (Unspecified)
system.ruby.network.data_traffic_distribution.n10.n14            0                       (Unspecified)
system.ruby.network.data_traffic_distribution.n10.n15            0                       (Unspecified)
system.ruby.network.data_traffic_distribution.n10.n16            0                       (Unspecified)
system.ruby.network.data_traffic_distribution.n10.n17            0                       (Unspecified)
system.ruby.network.data_traffic_distribution.n10.n18            0                       (Unspecified)
system.ruby.network.data_traffic_distribution.n10.n19            0                       (Unspecified)
system.ruby.network.data_traffic_distribution.n10.n2            0                       (Unspecified)
system.ruby.network.data_traffic_distribution.n10.n20            0                       (Unspecified)
system.ruby.network.data_traffic_distribution.n10.n21            0                       (Unspecified)
system.ruby.network.data_traffic_distribution.n10.n22            0                       (Unspecified)
system.ruby.network.data_traffic_distribution.n10.n23            0                       (Unspecified)
system.ruby.network.data_traffic_distribution.n10.n24            0                       (Unspecified)
system.ruby.network.data_traffic_distribution.n10.n25            0                       (Unspecified)
system.ruby.network.data_traffic_distribution.n10.n26            0                       (Unspecified)
system.ruby.network.data_traffic_distribution.n10.n27            0                       (Unspecified)
system.ruby.network.data_traffic_distribution.n10.n28            0                       (Unspecified)
system.ruby.network.data_traffic_distribution.n10.n29            0                       (Unspecified)
system.ruby.network.data_traffic_distribution.n10.n3            0                       (Unspecified)
system.ruby.network.data_traffic_distribution.n10.n30            0                       (Unspecified)
system.ruby.network.data_traffic_distribution.n10.n31            0                       (Unspecified)
system.ruby.network.data_traffic_distribution.n10.n32            0                       (Unspecified)
system.ruby.network.data_traffic_distribution.n10.n33            0                       (Unspecified)
system.ruby.network.data_traffic_distribution.n10.n34            0                       (Unspecified)
system.ruby.network.data_traffic_distribution.n10.n35            0                       (Unspecified)
system.ruby.network.data_traffic_distribution.n10.n36            0                       (Unspecified)
system.ruby.network.data_traffic_distribution.n10.n37            0                       (Unspecified)
system.ruby.network.data_traffic_distribution.n10.n38            0                       (Unspecified)
system.ruby.network.data_traffic_distribution.n10.n39            0                       (Unspecified)
system.ruby.network.data_traffic_distribution.n10.n4            0                       (Unspecified)
system.ruby.network.data_traffic_distribution.n10.n40            0                       (Unspecified)
system.ruby.network.data_traffic_distribution.n10.n41            0                       (Unspecified)
system.ruby.network.data_traffic_distribution.n10.n42            0                       (Unspecified)
system.ruby.network.data_traffic_distribution.n10.n43            0                       (Unspecified)
system.ruby.network.data_traffic_distribution.n10.n44            0                       (Unspecified)
system.ruby.network.data_traffic_distribution.n10.n45            0                       (Unspecified)
system.ruby.network.data_traffic_distribution.n10.n46            0                       (Unspecified)
system.ruby.network.data_traffic_distribution.n10.n47            0                       (Unspecified)
system.ruby.network.data_traffic_distribution.n10.n48            0                       (Unspecified)
system.ruby.network.data_traffic_distribution.n10.n49            0                       (Unspecified)
system.ruby.network.data_traffic_distribution.n10.n5            0                       (Unspecified)
system.ruby.network.data_traffic_distribution.n10.n50            0                       (Unspecified)
system.ruby.network.data_traffic_distribution.n10.n51            0                       (Unspecified)
system.ruby.network.data_traffic_distribution.n10.n52            0                       (Unspecified)
system.ruby.network.data_traffic_distribution.n10.n53            0                       (Unspecified)
system.ruby.network.data_traffic_distribution.n10.n54            0                       (Unspecified)
system.ruby.network.data_traffic_distribution.n10.n55            0                       (Unspecified)
system.ruby.network.data_traffic_distribution.n10.n56            0                       (Unspecified)
system.ruby.network.data_traffic_distribution.n10.n57            0                       (Unspecified)
system.ruby.network.data_traffic_distribution.n10.n58            0                       (Unspecified)
system.ruby.network.data_traffic_distribution.n10.n59            0                       (Unspecified)
system.ruby.network.data_traffic_distribution.n10.n6            0                       (Unspecified)
system.ruby.network.data_traffic_distribution.n10.n60            0                       (Unspecified)
system.ruby.network.data_traffic_distribution.n10.n61            0                       (Unspecified)
system.ruby.network.data_traffic_distribution.n10.n62            0                       (Unspecified)
system.ruby.network.data_traffic_distribution.n10.n63            0                       (Unspecified)
system.ruby.network.data_traffic_distribution.n10.n7            0                       (Unspecified)
system.ruby.network.data_traffic_distribution.n10.n8            0                       (Unspecified)
system.ruby.network.data_traffic_distribution.n10.n9            0                       (Unspecified)
system.ruby.network.data_traffic_distribution.n11.n0            0                       (Unspecified)
system.ruby.network.data_traffic_distribution.n11.n1            0                       (Unspecified)
system.ruby.network.data_traffic_distribution.n11.n10            0                       (Unspecified)
system.ruby.network.data_traffic_distribution.n11.n11            0                       (Unspecified)
system.ruby.network.data_traffic_distribution.n11.n12            0                       (Unspecified)
system.ruby.network.data_traffic_distribution.n11.n13            0                       (Unspecified)
system.ruby.network.data_traffic_distribution.n11.n14            0                       (Unspecified)
system.ruby.network.data_traffic_distribution.n11.n15            0                       (Unspecified)
system.ruby.network.data_traffic_distribution.n11.n16            0                       (Unspecified)
system.ruby.network.data_traffic_distribution.n11.n17            0                       (Unspecified)
system.ruby.network.data_traffic_distribution.n11.n18            0                       (Unspecified)
system.ruby.network.data_traffic_distribution.n11.n19            0                       (Unspecified)
system.ruby.network.data_traffic_distribution.n11.n2            0                       (Unspecified)
system.ruby.network.data_traffic_distribution.n11.n20            0                       (Unspecified)
system.ruby.network.data_traffic_distribution.n11.n21            0                       (Unspecified)
system.ruby.network.data_traffic_distribution.n11.n22            0                       (Unspecified)
system.ruby.network.data_traffic_distribution.n11.n23            0                       (Unspecified)
system.ruby.network.data_traffic_distribution.n11.n24            0                       (Unspecified)
system.ruby.network.data_traffic_distribution.n11.n25            0                       (Unspecified)
system.ruby.network.data_traffic_distribution.n11.n26            0                       (Unspecified)
system.ruby.network.data_traffic_distribution.n11.n27            0                       (Unspecified)
system.ruby.network.data_traffic_distribution.n11.n28            0                       (Unspecified)
system.ruby.network.data_traffic_distribution.n11.n29            0                       (Unspecified)
system.ruby.network.data_traffic_distribution.n11.n3            0                       (Unspecified)
system.ruby.network.data_traffic_distribution.n11.n30            0                       (Unspecified)
system.ruby.network.data_traffic_distribution.n11.n31            0                       (Unspecified)
system.ruby.network.data_traffic_distribution.n11.n32            0                       (Unspecified)
system.ruby.network.data_traffic_distribution.n11.n33            0                       (Unspecified)
system.ruby.network.data_traffic_distribution.n11.n34            0                       (Unspecified)
system.ruby.network.data_traffic_distribution.n11.n35            0                       (Unspecified)
system.ruby.network.data_traffic_distribution.n11.n36            0                       (Unspecified)
system.ruby.network.data_traffic_distribution.n11.n37            0                       (Unspecified)
system.ruby.network.data_traffic_distribution.n11.n38            0                       (Unspecified)
system.ruby.network.data_traffic_distribution.n11.n39            0                       (Unspecified)
system.ruby.network.data_traffic_distribution.n11.n4            0                       (Unspecified)
system.ruby.network.data_traffic_distribution.n11.n40            0                       (Unspecified)
system.ruby.network.data_traffic_distribution.n11.n41            0                       (Unspecified)
system.ruby.network.data_traffic_distribution.n11.n42            0                       (Unspecified)
system.ruby.network.data_traffic_distribution.n11.n43            0                       (Unspecified)
system.ruby.network.data_traffic_distribution.n11.n44            0                       (Unspecified)
system.ruby.network.data_traffic_distribution.n11.n45            0                       (Unspecified)
system.ruby.network.data_traffic_distribution.n11.n46            0                       (Unspecified)
system.ruby.network.data_traffic_distribution.n11.n47            0                       (Unspecified)
system.ruby.network.data_traffic_distribution.n11.n48            0                       (Unspecified)
system.ruby.network.data_traffic_distribution.n11.n49            0                       (Unspecified)
system.ruby.network.data_traffic_distribution.n11.n5            0                       (Unspecified)
system.ruby.network.data_traffic_distribution.n11.n50            0                       (Unspecified)
system.ruby.network.data_traffic_distribution.n11.n51            0                       (Unspecified)
system.ruby.network.data_traffic_distribution.n11.n52            0                       (Unspecified)
system.ruby.network.data_traffic_distribution.n11.n53            0                       (Unspecified)
system.ruby.network.data_traffic_distribution.n11.n54            0                       (Unspecified)
system.ruby.network.data_traffic_distribution.n11.n55            0                       (Unspecified)
system.ruby.network.data_traffic_distribution.n11.n56            0                       (Unspecified)
system.ruby.network.data_traffic_distribution.n11.n57            0                       (Unspecified)
system.ruby.network.data_traffic_distribution.n11.n58            0                       (Unspecified)
system.ruby.network.data_traffic_distribution.n11.n59            0                       (Unspecified)
system.ruby.network.data_traffic_distribution.n11.n6            0                       (Unspecified)
system.ruby.network.data_traffic_distribution.n11.n60            0                       (Unspecified)
system.ruby.network.data_traffic_distribution.n11.n61            0                       (Unspecified)
system.ruby.network.data_traffic_distribution.n11.n62            0                       (Unspecified)
system.ruby.network.data_traffic_distribution.n11.n63            0                       (Unspecified)
system.ruby.network.data_traffic_distribution.n11.n7            0                       (Unspecified)
system.ruby.network.data_traffic_distribution.n11.n8            0                       (Unspecified)
system.ruby.network.data_traffic_distribution.n11.n9            0                       (Unspecified)
system.ruby.network.data_traffic_distribution.n12.n0            0                       (Unspecified)
system.ruby.network.data_traffic_distribution.n12.n1            0                       (Unspecified)
system.ruby.network.data_traffic_distribution.n12.n10            0                       (Unspecified)
system.ruby.network.data_traffic_distribution.n12.n11            0                       (Unspecified)
system.ruby.network.data_traffic_distribution.n12.n12            0                       (Unspecified)
system.ruby.network.data_traffic_distribution.n12.n13            0                       (Unspecified)
system.ruby.network.data_traffic_distribution.n12.n14            0                       (Unspecified)
system.ruby.network.data_traffic_distribution.n12.n15            0                       (Unspecified)
system.ruby.network.data_traffic_distribution.n12.n16            0                       (Unspecified)
system.ruby.network.data_traffic_distribution.n12.n17            0                       (Unspecified)
system.ruby.network.data_traffic_distribution.n12.n18            0                       (Unspecified)
system.ruby.network.data_traffic_distribution.n12.n19            0                       (Unspecified)
system.ruby.network.data_traffic_distribution.n12.n2            0                       (Unspecified)
system.ruby.network.data_traffic_distribution.n12.n20            0                       (Unspecified)
system.ruby.network.data_traffic_distribution.n12.n21            0                       (Unspecified)
system.ruby.network.data_traffic_distribution.n12.n22            0                       (Unspecified)
system.ruby.network.data_traffic_distribution.n12.n23            0                       (Unspecified)
system.ruby.network.data_traffic_distribution.n12.n24            0                       (Unspecified)
system.ruby.network.data_traffic_distribution.n12.n25            0                       (Unspecified)
system.ruby.network.data_traffic_distribution.n12.n26            0                       (Unspecified)
system.ruby.network.data_traffic_distribution.n12.n27            0                       (Unspecified)
system.ruby.network.data_traffic_distribution.n12.n28            0                       (Unspecified)
system.ruby.network.data_traffic_distribution.n12.n29            0                       (Unspecified)
system.ruby.network.data_traffic_distribution.n12.n3            0                       (Unspecified)
system.ruby.network.data_traffic_distribution.n12.n30            0                       (Unspecified)
system.ruby.network.data_traffic_distribution.n12.n31            0                       (Unspecified)
system.ruby.network.data_traffic_distribution.n12.n32            0                       (Unspecified)
system.ruby.network.data_traffic_distribution.n12.n33            0                       (Unspecified)
system.ruby.network.data_traffic_distribution.n12.n34            0                       (Unspecified)
system.ruby.network.data_traffic_distribution.n12.n35            0                       (Unspecified)
system.ruby.network.data_traffic_distribution.n12.n36            0                       (Unspecified)
system.ruby.network.data_traffic_distribution.n12.n37            0                       (Unspecified)
system.ruby.network.data_traffic_distribution.n12.n38            0                       (Unspecified)
system.ruby.network.data_traffic_distribution.n12.n39            0                       (Unspecified)
system.ruby.network.data_traffic_distribution.n12.n4            0                       (Unspecified)
system.ruby.network.data_traffic_distribution.n12.n40            0                       (Unspecified)
system.ruby.network.data_traffic_distribution.n12.n41            0                       (Unspecified)
system.ruby.network.data_traffic_distribution.n12.n42            0                       (Unspecified)
system.ruby.network.data_traffic_distribution.n12.n43            0                       (Unspecified)
system.ruby.network.data_traffic_distribution.n12.n44            0                       (Unspecified)
system.ruby.network.data_traffic_distribution.n12.n45            0                       (Unspecified)
system.ruby.network.data_traffic_distribution.n12.n46            0                       (Unspecified)
system.ruby.network.data_traffic_distribution.n12.n47            0                       (Unspecified)
system.ruby.network.data_traffic_distribution.n12.n48            0                       (Unspecified)
system.ruby.network.data_traffic_distribution.n12.n49            0                       (Unspecified)
system.ruby.network.data_traffic_distribution.n12.n5            0                       (Unspecified)
system.ruby.network.data_traffic_distribution.n12.n50            0                       (Unspecified)
system.ruby.network.data_traffic_distribution.n12.n51            0                       (Unspecified)
system.ruby.network.data_traffic_distribution.n12.n52            0                       (Unspecified)
system.ruby.network.data_traffic_distribution.n12.n53            0                       (Unspecified)
system.ruby.network.data_traffic_distribution.n12.n54            0                       (Unspecified)
system.ruby.network.data_traffic_distribution.n12.n55            0                       (Unspecified)
system.ruby.network.data_traffic_distribution.n12.n56            0                       (Unspecified)
system.ruby.network.data_traffic_distribution.n12.n57            0                       (Unspecified)
system.ruby.network.data_traffic_distribution.n12.n58            0                       (Unspecified)
system.ruby.network.data_traffic_distribution.n12.n59            0                       (Unspecified)
system.ruby.network.data_traffic_distribution.n12.n6            0                       (Unspecified)
system.ruby.network.data_traffic_distribution.n12.n60            0                       (Unspecified)
system.ruby.network.data_traffic_distribution.n12.n61            0                       (Unspecified)
system.ruby.network.data_traffic_distribution.n12.n62            0                       (Unspecified)
system.ruby.network.data_traffic_distribution.n12.n63            0                       (Unspecified)
system.ruby.network.data_traffic_distribution.n12.n7            0                       (Unspecified)
system.ruby.network.data_traffic_distribution.n12.n8            0                       (Unspecified)
system.ruby.network.data_traffic_distribution.n12.n9            0                       (Unspecified)
system.ruby.network.data_traffic_distribution.n13.n0            0                       (Unspecified)
system.ruby.network.data_traffic_distribution.n13.n1            0                       (Unspecified)
system.ruby.network.data_traffic_distribution.n13.n10            0                       (Unspecified)
system.ruby.network.data_traffic_distribution.n13.n11            0                       (Unspecified)
system.ruby.network.data_traffic_distribution.n13.n12            0                       (Unspecified)
system.ruby.network.data_traffic_distribution.n13.n13            0                       (Unspecified)
system.ruby.network.data_traffic_distribution.n13.n14            0                       (Unspecified)
system.ruby.network.data_traffic_distribution.n13.n15            0                       (Unspecified)
system.ruby.network.data_traffic_distribution.n13.n16            0                       (Unspecified)
system.ruby.network.data_traffic_distribution.n13.n17            0                       (Unspecified)
system.ruby.network.data_traffic_distribution.n13.n18            0                       (Unspecified)
system.ruby.network.data_traffic_distribution.n13.n19            0                       (Unspecified)
system.ruby.network.data_traffic_distribution.n13.n2            0                       (Unspecified)
system.ruby.network.data_traffic_distribution.n13.n20            0                       (Unspecified)
system.ruby.network.data_traffic_distribution.n13.n21            0                       (Unspecified)
system.ruby.network.data_traffic_distribution.n13.n22            0                       (Unspecified)
system.ruby.network.data_traffic_distribution.n13.n23            0                       (Unspecified)
system.ruby.network.data_traffic_distribution.n13.n24            0                       (Unspecified)
system.ruby.network.data_traffic_distribution.n13.n25            0                       (Unspecified)
system.ruby.network.data_traffic_distribution.n13.n26            0                       (Unspecified)
system.ruby.network.data_traffic_distribution.n13.n27            0                       (Unspecified)
system.ruby.network.data_traffic_distribution.n13.n28            0                       (Unspecified)
system.ruby.network.data_traffic_distribution.n13.n29            0                       (Unspecified)
system.ruby.network.data_traffic_distribution.n13.n3            0                       (Unspecified)
system.ruby.network.data_traffic_distribution.n13.n30            0                       (Unspecified)
system.ruby.network.data_traffic_distribution.n13.n31            0                       (Unspecified)
system.ruby.network.data_traffic_distribution.n13.n32            0                       (Unspecified)
system.ruby.network.data_traffic_distribution.n13.n33            0                       (Unspecified)
system.ruby.network.data_traffic_distribution.n13.n34            0                       (Unspecified)
system.ruby.network.data_traffic_distribution.n13.n35            0                       (Unspecified)
system.ruby.network.data_traffic_distribution.n13.n36            0                       (Unspecified)
system.ruby.network.data_traffic_distribution.n13.n37            0                       (Unspecified)
system.ruby.network.data_traffic_distribution.n13.n38            0                       (Unspecified)
system.ruby.network.data_traffic_distribution.n13.n39            0                       (Unspecified)
system.ruby.network.data_traffic_distribution.n13.n4            0                       (Unspecified)
system.ruby.network.data_traffic_distribution.n13.n40            0                       (Unspecified)
system.ruby.network.data_traffic_distribution.n13.n41            0                       (Unspecified)
system.ruby.network.data_traffic_distribution.n13.n42            0                       (Unspecified)
system.ruby.network.data_traffic_distribution.n13.n43            0                       (Unspecified)
system.ruby.network.data_traffic_distribution.n13.n44            0                       (Unspecified)
system.ruby.network.data_traffic_distribution.n13.n45            0                       (Unspecified)
system.ruby.network.data_traffic_distribution.n13.n46            0                       (Unspecified)
system.ruby.network.data_traffic_distribution.n13.n47            0                       (Unspecified)
system.ruby.network.data_traffic_distribution.n13.n48            0                       (Unspecified)
system.ruby.network.data_traffic_distribution.n13.n49            0                       (Unspecified)
system.ruby.network.data_traffic_distribution.n13.n5            0                       (Unspecified)
system.ruby.network.data_traffic_distribution.n13.n50            0                       (Unspecified)
system.ruby.network.data_traffic_distribution.n13.n51            0                       (Unspecified)
system.ruby.network.data_traffic_distribution.n13.n52            0                       (Unspecified)
system.ruby.network.data_traffic_distribution.n13.n53            0                       (Unspecified)
system.ruby.network.data_traffic_distribution.n13.n54            0                       (Unspecified)
system.ruby.network.data_traffic_distribution.n13.n55            0                       (Unspecified)
system.ruby.network.data_traffic_distribution.n13.n56            0                       (Unspecified)
system.ruby.network.data_traffic_distribution.n13.n57            0                       (Unspecified)
system.ruby.network.data_traffic_distribution.n13.n58            0                       (Unspecified)
system.ruby.network.data_traffic_distribution.n13.n59            0                       (Unspecified)
system.ruby.network.data_traffic_distribution.n13.n6            0                       (Unspecified)
system.ruby.network.data_traffic_distribution.n13.n60            0                       (Unspecified)
system.ruby.network.data_traffic_distribution.n13.n61            0                       (Unspecified)
system.ruby.network.data_traffic_distribution.n13.n62            0                       (Unspecified)
system.ruby.network.data_traffic_distribution.n13.n63            0                       (Unspecified)
system.ruby.network.data_traffic_distribution.n13.n7            0                       (Unspecified)
system.ruby.network.data_traffic_distribution.n13.n8            0                       (Unspecified)
system.ruby.network.data_traffic_distribution.n13.n9            0                       (Unspecified)
system.ruby.network.data_traffic_distribution.n14.n0            0                       (Unspecified)
system.ruby.network.data_traffic_distribution.n14.n1            0                       (Unspecified)
system.ruby.network.data_traffic_distribution.n14.n10            0                       (Unspecified)
system.ruby.network.data_traffic_distribution.n14.n11            0                       (Unspecified)
system.ruby.network.data_traffic_distribution.n14.n12            0                       (Unspecified)
system.ruby.network.data_traffic_distribution.n14.n13            0                       (Unspecified)
system.ruby.network.data_traffic_distribution.n14.n14            0                       (Unspecified)
system.ruby.network.data_traffic_distribution.n14.n15            0                       (Unspecified)
system.ruby.network.data_traffic_distribution.n14.n16            0                       (Unspecified)
system.ruby.network.data_traffic_distribution.n14.n17            0                       (Unspecified)
system.ruby.network.data_traffic_distribution.n14.n18            0                       (Unspecified)
system.ruby.network.data_traffic_distribution.n14.n19            0                       (Unspecified)
system.ruby.network.data_traffic_distribution.n14.n2            0                       (Unspecified)
system.ruby.network.data_traffic_distribution.n14.n20            0                       (Unspecified)
system.ruby.network.data_traffic_distribution.n14.n21            0                       (Unspecified)
system.ruby.network.data_traffic_distribution.n14.n22            0                       (Unspecified)
system.ruby.network.data_traffic_distribution.n14.n23            0                       (Unspecified)
system.ruby.network.data_traffic_distribution.n14.n24            0                       (Unspecified)
system.ruby.network.data_traffic_distribution.n14.n25            0                       (Unspecified)
system.ruby.network.data_traffic_distribution.n14.n26            0                       (Unspecified)
system.ruby.network.data_traffic_distribution.n14.n27            0                       (Unspecified)
system.ruby.network.data_traffic_distribution.n14.n28            0                       (Unspecified)
system.ruby.network.data_traffic_distribution.n14.n29            0                       (Unspecified)
system.ruby.network.data_traffic_distribution.n14.n3            0                       (Unspecified)
system.ruby.network.data_traffic_distribution.n14.n30            0                       (Unspecified)
system.ruby.network.data_traffic_distribution.n14.n31            0                       (Unspecified)
system.ruby.network.data_traffic_distribution.n14.n32            0                       (Unspecified)
system.ruby.network.data_traffic_distribution.n14.n33            0                       (Unspecified)
system.ruby.network.data_traffic_distribution.n14.n34            0                       (Unspecified)
system.ruby.network.data_traffic_distribution.n14.n35            0                       (Unspecified)
system.ruby.network.data_traffic_distribution.n14.n36            0                       (Unspecified)
system.ruby.network.data_traffic_distribution.n14.n37            0                       (Unspecified)
system.ruby.network.data_traffic_distribution.n14.n38            0                       (Unspecified)
system.ruby.network.data_traffic_distribution.n14.n39            0                       (Unspecified)
system.ruby.network.data_traffic_distribution.n14.n4            0                       (Unspecified)
system.ruby.network.data_traffic_distribution.n14.n40            0                       (Unspecified)
system.ruby.network.data_traffic_distribution.n14.n41            0                       (Unspecified)
system.ruby.network.data_traffic_distribution.n14.n42            0                       (Unspecified)
system.ruby.network.data_traffic_distribution.n14.n43            0                       (Unspecified)
system.ruby.network.data_traffic_distribution.n14.n44            0                       (Unspecified)
system.ruby.network.data_traffic_distribution.n14.n45            0                       (Unspecified)
system.ruby.network.data_traffic_distribution.n14.n46            0                       (Unspecified)
system.ruby.network.data_traffic_distribution.n14.n47            0                       (Unspecified)
system.ruby.network.data_traffic_distribution.n14.n48            0                       (Unspecified)
system.ruby.network.data_traffic_distribution.n14.n49            0                       (Unspecified)
system.ruby.network.data_traffic_distribution.n14.n5            0                       (Unspecified)
system.ruby.network.data_traffic_distribution.n14.n50            0                       (Unspecified)
system.ruby.network.data_traffic_distribution.n14.n51            0                       (Unspecified)
system.ruby.network.data_traffic_distribution.n14.n52            0                       (Unspecified)
system.ruby.network.data_traffic_distribution.n14.n53            0                       (Unspecified)
system.ruby.network.data_traffic_distribution.n14.n54            0                       (Unspecified)
system.ruby.network.data_traffic_distribution.n14.n55            0                       (Unspecified)
system.ruby.network.data_traffic_distribution.n14.n56            0                       (Unspecified)
system.ruby.network.data_traffic_distribution.n14.n57            0                       (Unspecified)
system.ruby.network.data_traffic_distribution.n14.n58            0                       (Unspecified)
system.ruby.network.data_traffic_distribution.n14.n59            0                       (Unspecified)
system.ruby.network.data_traffic_distribution.n14.n6            0                       (Unspecified)
system.ruby.network.data_traffic_distribution.n14.n60            0                       (Unspecified)
system.ruby.network.data_traffic_distribution.n14.n61            0                       (Unspecified)
system.ruby.network.data_traffic_distribution.n14.n62            0                       (Unspecified)
system.ruby.network.data_traffic_distribution.n14.n63            0                       (Unspecified)
system.ruby.network.data_traffic_distribution.n14.n7            0                       (Unspecified)
system.ruby.network.data_traffic_distribution.n14.n8            0                       (Unspecified)
system.ruby.network.data_traffic_distribution.n14.n9            0                       (Unspecified)
system.ruby.network.data_traffic_distribution.n15.n0            0                       (Unspecified)
system.ruby.network.data_traffic_distribution.n15.n1            0                       (Unspecified)
system.ruby.network.data_traffic_distribution.n15.n10            0                       (Unspecified)
system.ruby.network.data_traffic_distribution.n15.n11            0                       (Unspecified)
system.ruby.network.data_traffic_distribution.n15.n12            0                       (Unspecified)
system.ruby.network.data_traffic_distribution.n15.n13            0                       (Unspecified)
system.ruby.network.data_traffic_distribution.n15.n14            0                       (Unspecified)
system.ruby.network.data_traffic_distribution.n15.n15            0                       (Unspecified)
system.ruby.network.data_traffic_distribution.n15.n16            0                       (Unspecified)
system.ruby.network.data_traffic_distribution.n15.n17            0                       (Unspecified)
system.ruby.network.data_traffic_distribution.n15.n18            0                       (Unspecified)
system.ruby.network.data_traffic_distribution.n15.n19            0                       (Unspecified)
system.ruby.network.data_traffic_distribution.n15.n2            0                       (Unspecified)
system.ruby.network.data_traffic_distribution.n15.n20            0                       (Unspecified)
system.ruby.network.data_traffic_distribution.n15.n21            0                       (Unspecified)
system.ruby.network.data_traffic_distribution.n15.n22            0                       (Unspecified)
system.ruby.network.data_traffic_distribution.n15.n23            0                       (Unspecified)
system.ruby.network.data_traffic_distribution.n15.n24            0                       (Unspecified)
system.ruby.network.data_traffic_distribution.n15.n25            0                       (Unspecified)
system.ruby.network.data_traffic_distribution.n15.n26            0                       (Unspecified)
system.ruby.network.data_traffic_distribution.n15.n27            0                       (Unspecified)
system.ruby.network.data_traffic_distribution.n15.n28            0                       (Unspecified)
system.ruby.network.data_traffic_distribution.n15.n29            0                       (Unspecified)
system.ruby.network.data_traffic_distribution.n15.n3            0                       (Unspecified)
system.ruby.network.data_traffic_distribution.n15.n30            0                       (Unspecified)
system.ruby.network.data_traffic_distribution.n15.n31            0                       (Unspecified)
system.ruby.network.data_traffic_distribution.n15.n32            0                       (Unspecified)
system.ruby.network.data_traffic_distribution.n15.n33            0                       (Unspecified)
system.ruby.network.data_traffic_distribution.n15.n34            0                       (Unspecified)
system.ruby.network.data_traffic_distribution.n15.n35            0                       (Unspecified)
system.ruby.network.data_traffic_distribution.n15.n36            0                       (Unspecified)
system.ruby.network.data_traffic_distribution.n15.n37            0                       (Unspecified)
system.ruby.network.data_traffic_distribution.n15.n38            0                       (Unspecified)
system.ruby.network.data_traffic_distribution.n15.n39            1                       (Unspecified)
system.ruby.network.data_traffic_distribution.n15.n4            0                       (Unspecified)
system.ruby.network.data_traffic_distribution.n15.n40            0                       (Unspecified)
system.ruby.network.data_traffic_distribution.n15.n41            0                       (Unspecified)
system.ruby.network.data_traffic_distribution.n15.n42            0                       (Unspecified)
system.ruby.network.data_traffic_distribution.n15.n43            0                       (Unspecified)
system.ruby.network.data_traffic_distribution.n15.n44            0                       (Unspecified)
system.ruby.network.data_traffic_distribution.n15.n45            0                       (Unspecified)
system.ruby.network.data_traffic_distribution.n15.n46            0                       (Unspecified)
system.ruby.network.data_traffic_distribution.n15.n47            0                       (Unspecified)
system.ruby.network.data_traffic_distribution.n15.n48            0                       (Unspecified)
system.ruby.network.data_traffic_distribution.n15.n49            0                       (Unspecified)
system.ruby.network.data_traffic_distribution.n15.n5            0                       (Unspecified)
system.ruby.network.data_traffic_distribution.n15.n50            0                       (Unspecified)
system.ruby.network.data_traffic_distribution.n15.n51            0                       (Unspecified)
system.ruby.network.data_traffic_distribution.n15.n52            0                       (Unspecified)
system.ruby.network.data_traffic_distribution.n15.n53            0                       (Unspecified)
system.ruby.network.data_traffic_distribution.n15.n54            0                       (Unspecified)
system.ruby.network.data_traffic_distribution.n15.n55            0                       (Unspecified)
system.ruby.network.data_traffic_distribution.n15.n56            0                       (Unspecified)
system.ruby.network.data_traffic_distribution.n15.n57            0                       (Unspecified)
system.ruby.network.data_traffic_distribution.n15.n58            0                       (Unspecified)
system.ruby.network.data_traffic_distribution.n15.n59            0                       (Unspecified)
system.ruby.network.data_traffic_distribution.n15.n6            0                       (Unspecified)
system.ruby.network.data_traffic_distribution.n15.n60            0                       (Unspecified)
system.ruby.network.data_traffic_distribution.n15.n61            0                       (Unspecified)
system.ruby.network.data_traffic_distribution.n15.n62            0                       (Unspecified)
system.ruby.network.data_traffic_distribution.n15.n63            0                       (Unspecified)
system.ruby.network.data_traffic_distribution.n15.n7            0                       (Unspecified)
system.ruby.network.data_traffic_distribution.n15.n8            0                       (Unspecified)
system.ruby.network.data_traffic_distribution.n15.n9            0                       (Unspecified)
system.ruby.network.data_traffic_distribution.n16.n0            0                       (Unspecified)
system.ruby.network.data_traffic_distribution.n16.n1            0                       (Unspecified)
system.ruby.network.data_traffic_distribution.n16.n10            0                       (Unspecified)
system.ruby.network.data_traffic_distribution.n16.n11            0                       (Unspecified)
system.ruby.network.data_traffic_distribution.n16.n12            0                       (Unspecified)
system.ruby.network.data_traffic_distribution.n16.n13            0                       (Unspecified)
system.ruby.network.data_traffic_distribution.n16.n14            0                       (Unspecified)
system.ruby.network.data_traffic_distribution.n16.n15            0                       (Unspecified)
system.ruby.network.data_traffic_distribution.n16.n16            0                       (Unspecified)
system.ruby.network.data_traffic_distribution.n16.n17            0                       (Unspecified)
system.ruby.network.data_traffic_distribution.n16.n18            0                       (Unspecified)
system.ruby.network.data_traffic_distribution.n16.n19            0                       (Unspecified)
system.ruby.network.data_traffic_distribution.n16.n2            0                       (Unspecified)
system.ruby.network.data_traffic_distribution.n16.n20            0                       (Unspecified)
system.ruby.network.data_traffic_distribution.n16.n21            0                       (Unspecified)
system.ruby.network.data_traffic_distribution.n16.n22            0                       (Unspecified)
system.ruby.network.data_traffic_distribution.n16.n23            0                       (Unspecified)
system.ruby.network.data_traffic_distribution.n16.n24            0                       (Unspecified)
system.ruby.network.data_traffic_distribution.n16.n25            0                       (Unspecified)
system.ruby.network.data_traffic_distribution.n16.n26            0                       (Unspecified)
system.ruby.network.data_traffic_distribution.n16.n27            0                       (Unspecified)
system.ruby.network.data_traffic_distribution.n16.n28            0                       (Unspecified)
system.ruby.network.data_traffic_distribution.n16.n29            0                       (Unspecified)
system.ruby.network.data_traffic_distribution.n16.n3            0                       (Unspecified)
system.ruby.network.data_traffic_distribution.n16.n30            0                       (Unspecified)
system.ruby.network.data_traffic_distribution.n16.n31            0                       (Unspecified)
system.ruby.network.data_traffic_distribution.n16.n32            0                       (Unspecified)
system.ruby.network.data_traffic_distribution.n16.n33            0                       (Unspecified)
system.ruby.network.data_traffic_distribution.n16.n34            0                       (Unspecified)
system.ruby.network.data_traffic_distribution.n16.n35            0                       (Unspecified)
system.ruby.network.data_traffic_distribution.n16.n36            0                       (Unspecified)
system.ruby.network.data_traffic_distribution.n16.n37            0                       (Unspecified)
system.ruby.network.data_traffic_distribution.n16.n38            0                       (Unspecified)
system.ruby.network.data_traffic_distribution.n16.n39            0                       (Unspecified)
system.ruby.network.data_traffic_distribution.n16.n4            0                       (Unspecified)
system.ruby.network.data_traffic_distribution.n16.n40            0                       (Unspecified)
system.ruby.network.data_traffic_distribution.n16.n41            0                       (Unspecified)
system.ruby.network.data_traffic_distribution.n16.n42            0                       (Unspecified)
system.ruby.network.data_traffic_distribution.n16.n43            0                       (Unspecified)
system.ruby.network.data_traffic_distribution.n16.n44            0                       (Unspecified)
system.ruby.network.data_traffic_distribution.n16.n45            0                       (Unspecified)
system.ruby.network.data_traffic_distribution.n16.n46            0                       (Unspecified)
system.ruby.network.data_traffic_distribution.n16.n47            0                       (Unspecified)
system.ruby.network.data_traffic_distribution.n16.n48            0                       (Unspecified)
system.ruby.network.data_traffic_distribution.n16.n49            0                       (Unspecified)
system.ruby.network.data_traffic_distribution.n16.n5            0                       (Unspecified)
system.ruby.network.data_traffic_distribution.n16.n50            0                       (Unspecified)
system.ruby.network.data_traffic_distribution.n16.n51            0                       (Unspecified)
system.ruby.network.data_traffic_distribution.n16.n52            0                       (Unspecified)
system.ruby.network.data_traffic_distribution.n16.n53            0                       (Unspecified)
system.ruby.network.data_traffic_distribution.n16.n54            0                       (Unspecified)
system.ruby.network.data_traffic_distribution.n16.n55            0                       (Unspecified)
system.ruby.network.data_traffic_distribution.n16.n56            0                       (Unspecified)
system.ruby.network.data_traffic_distribution.n16.n57            0                       (Unspecified)
system.ruby.network.data_traffic_distribution.n16.n58            0                       (Unspecified)
system.ruby.network.data_traffic_distribution.n16.n59            0                       (Unspecified)
system.ruby.network.data_traffic_distribution.n16.n6            0                       (Unspecified)
system.ruby.network.data_traffic_distribution.n16.n60            0                       (Unspecified)
system.ruby.network.data_traffic_distribution.n16.n61            0                       (Unspecified)
system.ruby.network.data_traffic_distribution.n16.n62            0                       (Unspecified)
system.ruby.network.data_traffic_distribution.n16.n63            0                       (Unspecified)
system.ruby.network.data_traffic_distribution.n16.n7            0                       (Unspecified)
system.ruby.network.data_traffic_distribution.n16.n8            1                       (Unspecified)
system.ruby.network.data_traffic_distribution.n16.n9            0                       (Unspecified)
system.ruby.network.data_traffic_distribution.n17.n0            0                       (Unspecified)
system.ruby.network.data_traffic_distribution.n17.n1            0                       (Unspecified)
system.ruby.network.data_traffic_distribution.n17.n10            0                       (Unspecified)
system.ruby.network.data_traffic_distribution.n17.n11            0                       (Unspecified)
system.ruby.network.data_traffic_distribution.n17.n12            0                       (Unspecified)
system.ruby.network.data_traffic_distribution.n17.n13            0                       (Unspecified)
system.ruby.network.data_traffic_distribution.n17.n14            0                       (Unspecified)
system.ruby.network.data_traffic_distribution.n17.n15            0                       (Unspecified)
system.ruby.network.data_traffic_distribution.n17.n16            0                       (Unspecified)
system.ruby.network.data_traffic_distribution.n17.n17            0                       (Unspecified)
system.ruby.network.data_traffic_distribution.n17.n18            0                       (Unspecified)
system.ruby.network.data_traffic_distribution.n17.n19            0                       (Unspecified)
system.ruby.network.data_traffic_distribution.n17.n2            0                       (Unspecified)
system.ruby.network.data_traffic_distribution.n17.n20            0                       (Unspecified)
system.ruby.network.data_traffic_distribution.n17.n21            0                       (Unspecified)
system.ruby.network.data_traffic_distribution.n17.n22            0                       (Unspecified)
system.ruby.network.data_traffic_distribution.n17.n23            0                       (Unspecified)
system.ruby.network.data_traffic_distribution.n17.n24            0                       (Unspecified)
system.ruby.network.data_traffic_distribution.n17.n25            0                       (Unspecified)
system.ruby.network.data_traffic_distribution.n17.n26            0                       (Unspecified)
system.ruby.network.data_traffic_distribution.n17.n27            0                       (Unspecified)
system.ruby.network.data_traffic_distribution.n17.n28            0                       (Unspecified)
system.ruby.network.data_traffic_distribution.n17.n29            0                       (Unspecified)
system.ruby.network.data_traffic_distribution.n17.n3            0                       (Unspecified)
system.ruby.network.data_traffic_distribution.n17.n30            0                       (Unspecified)
system.ruby.network.data_traffic_distribution.n17.n31            0                       (Unspecified)
system.ruby.network.data_traffic_distribution.n17.n32            0                       (Unspecified)
system.ruby.network.data_traffic_distribution.n17.n33            0                       (Unspecified)
system.ruby.network.data_traffic_distribution.n17.n34            0                       (Unspecified)
system.ruby.network.data_traffic_distribution.n17.n35            0                       (Unspecified)
system.ruby.network.data_traffic_distribution.n17.n36            0                       (Unspecified)
system.ruby.network.data_traffic_distribution.n17.n37            0                       (Unspecified)
system.ruby.network.data_traffic_distribution.n17.n38            0                       (Unspecified)
system.ruby.network.data_traffic_distribution.n17.n39            0                       (Unspecified)
system.ruby.network.data_traffic_distribution.n17.n4            0                       (Unspecified)
system.ruby.network.data_traffic_distribution.n17.n40            0                       (Unspecified)
system.ruby.network.data_traffic_distribution.n17.n41            0                       (Unspecified)
system.ruby.network.data_traffic_distribution.n17.n42            0                       (Unspecified)
system.ruby.network.data_traffic_distribution.n17.n43            0                       (Unspecified)
system.ruby.network.data_traffic_distribution.n17.n44            0                       (Unspecified)
system.ruby.network.data_traffic_distribution.n17.n45            0                       (Unspecified)
system.ruby.network.data_traffic_distribution.n17.n46            0                       (Unspecified)
system.ruby.network.data_traffic_distribution.n17.n47            0                       (Unspecified)
system.ruby.network.data_traffic_distribution.n17.n48            0                       (Unspecified)
system.ruby.network.data_traffic_distribution.n17.n49            0                       (Unspecified)
system.ruby.network.data_traffic_distribution.n17.n5            0                       (Unspecified)
system.ruby.network.data_traffic_distribution.n17.n50            0                       (Unspecified)
system.ruby.network.data_traffic_distribution.n17.n51            0                       (Unspecified)
system.ruby.network.data_traffic_distribution.n17.n52            0                       (Unspecified)
system.ruby.network.data_traffic_distribution.n17.n53            0                       (Unspecified)
system.ruby.network.data_traffic_distribution.n17.n54            1                       (Unspecified)
system.ruby.network.data_traffic_distribution.n17.n55            0                       (Unspecified)
system.ruby.network.data_traffic_distribution.n17.n56            0                       (Unspecified)
system.ruby.network.data_traffic_distribution.n17.n57            0                       (Unspecified)
system.ruby.network.data_traffic_distribution.n17.n58            0                       (Unspecified)
system.ruby.network.data_traffic_distribution.n17.n59            0                       (Unspecified)
system.ruby.network.data_traffic_distribution.n17.n6            0                       (Unspecified)
system.ruby.network.data_traffic_distribution.n17.n60            0                       (Unspecified)
system.ruby.network.data_traffic_distribution.n17.n61            0                       (Unspecified)
system.ruby.network.data_traffic_distribution.n17.n62            0                       (Unspecified)
system.ruby.network.data_traffic_distribution.n17.n63            0                       (Unspecified)
system.ruby.network.data_traffic_distribution.n17.n7            0                       (Unspecified)
system.ruby.network.data_traffic_distribution.n17.n8            0                       (Unspecified)
system.ruby.network.data_traffic_distribution.n17.n9            0                       (Unspecified)
system.ruby.network.data_traffic_distribution.n18.n0            0                       (Unspecified)
system.ruby.network.data_traffic_distribution.n18.n1            0                       (Unspecified)
system.ruby.network.data_traffic_distribution.n18.n10            0                       (Unspecified)
system.ruby.network.data_traffic_distribution.n18.n11            0                       (Unspecified)
system.ruby.network.data_traffic_distribution.n18.n12            0                       (Unspecified)
system.ruby.network.data_traffic_distribution.n18.n13            0                       (Unspecified)
system.ruby.network.data_traffic_distribution.n18.n14            0                       (Unspecified)
system.ruby.network.data_traffic_distribution.n18.n15            0                       (Unspecified)
system.ruby.network.data_traffic_distribution.n18.n16            0                       (Unspecified)
system.ruby.network.data_traffic_distribution.n18.n17            0                       (Unspecified)
system.ruby.network.data_traffic_distribution.n18.n18            0                       (Unspecified)
system.ruby.network.data_traffic_distribution.n18.n19            0                       (Unspecified)
system.ruby.network.data_traffic_distribution.n18.n2            0                       (Unspecified)
system.ruby.network.data_traffic_distribution.n18.n20            0                       (Unspecified)
system.ruby.network.data_traffic_distribution.n18.n21            0                       (Unspecified)
system.ruby.network.data_traffic_distribution.n18.n22            0                       (Unspecified)
system.ruby.network.data_traffic_distribution.n18.n23            0                       (Unspecified)
system.ruby.network.data_traffic_distribution.n18.n24            0                       (Unspecified)
system.ruby.network.data_traffic_distribution.n18.n25            0                       (Unspecified)
system.ruby.network.data_traffic_distribution.n18.n26            0                       (Unspecified)
system.ruby.network.data_traffic_distribution.n18.n27            0                       (Unspecified)
system.ruby.network.data_traffic_distribution.n18.n28            0                       (Unspecified)
system.ruby.network.data_traffic_distribution.n18.n29            0                       (Unspecified)
system.ruby.network.data_traffic_distribution.n18.n3            0                       (Unspecified)
system.ruby.network.data_traffic_distribution.n18.n30            0                       (Unspecified)
system.ruby.network.data_traffic_distribution.n18.n31            0                       (Unspecified)
system.ruby.network.data_traffic_distribution.n18.n32            0                       (Unspecified)
system.ruby.network.data_traffic_distribution.n18.n33            0                       (Unspecified)
system.ruby.network.data_traffic_distribution.n18.n34            0                       (Unspecified)
system.ruby.network.data_traffic_distribution.n18.n35            0                       (Unspecified)
system.ruby.network.data_traffic_distribution.n18.n36            0                       (Unspecified)
system.ruby.network.data_traffic_distribution.n18.n37            0                       (Unspecified)
system.ruby.network.data_traffic_distribution.n18.n38            0                       (Unspecified)
system.ruby.network.data_traffic_distribution.n18.n39            0                       (Unspecified)
system.ruby.network.data_traffic_distribution.n18.n4            0                       (Unspecified)
system.ruby.network.data_traffic_distribution.n18.n40            0                       (Unspecified)
system.ruby.network.data_traffic_distribution.n18.n41            0                       (Unspecified)
system.ruby.network.data_traffic_distribution.n18.n42            0                       (Unspecified)
system.ruby.network.data_traffic_distribution.n18.n43            0                       (Unspecified)
system.ruby.network.data_traffic_distribution.n18.n44            0                       (Unspecified)
system.ruby.network.data_traffic_distribution.n18.n45            0                       (Unspecified)
system.ruby.network.data_traffic_distribution.n18.n46            0                       (Unspecified)
system.ruby.network.data_traffic_distribution.n18.n47            0                       (Unspecified)
system.ruby.network.data_traffic_distribution.n18.n48            0                       (Unspecified)
system.ruby.network.data_traffic_distribution.n18.n49            0                       (Unspecified)
system.ruby.network.data_traffic_distribution.n18.n5            0                       (Unspecified)
system.ruby.network.data_traffic_distribution.n18.n50            0                       (Unspecified)
system.ruby.network.data_traffic_distribution.n18.n51            0                       (Unspecified)
system.ruby.network.data_traffic_distribution.n18.n52            0                       (Unspecified)
system.ruby.network.data_traffic_distribution.n18.n53            0                       (Unspecified)
system.ruby.network.data_traffic_distribution.n18.n54            0                       (Unspecified)
system.ruby.network.data_traffic_distribution.n18.n55            0                       (Unspecified)
system.ruby.network.data_traffic_distribution.n18.n56            0                       (Unspecified)
system.ruby.network.data_traffic_distribution.n18.n57            0                       (Unspecified)
system.ruby.network.data_traffic_distribution.n18.n58            0                       (Unspecified)
system.ruby.network.data_traffic_distribution.n18.n59            0                       (Unspecified)
system.ruby.network.data_traffic_distribution.n18.n6            0                       (Unspecified)
system.ruby.network.data_traffic_distribution.n18.n60            0                       (Unspecified)
system.ruby.network.data_traffic_distribution.n18.n61            0                       (Unspecified)
system.ruby.network.data_traffic_distribution.n18.n62            0                       (Unspecified)
system.ruby.network.data_traffic_distribution.n18.n63            0                       (Unspecified)
system.ruby.network.data_traffic_distribution.n18.n7            0                       (Unspecified)
system.ruby.network.data_traffic_distribution.n18.n8            0                       (Unspecified)
system.ruby.network.data_traffic_distribution.n18.n9            0                       (Unspecified)
system.ruby.network.data_traffic_distribution.n19.n0            0                       (Unspecified)
system.ruby.network.data_traffic_distribution.n19.n1            0                       (Unspecified)
system.ruby.network.data_traffic_distribution.n19.n10            0                       (Unspecified)
system.ruby.network.data_traffic_distribution.n19.n11            0                       (Unspecified)
system.ruby.network.data_traffic_distribution.n19.n12            0                       (Unspecified)
system.ruby.network.data_traffic_distribution.n19.n13            0                       (Unspecified)
system.ruby.network.data_traffic_distribution.n19.n14            0                       (Unspecified)
system.ruby.network.data_traffic_distribution.n19.n15            0                       (Unspecified)
system.ruby.network.data_traffic_distribution.n19.n16            0                       (Unspecified)
system.ruby.network.data_traffic_distribution.n19.n17            0                       (Unspecified)
system.ruby.network.data_traffic_distribution.n19.n18            0                       (Unspecified)
system.ruby.network.data_traffic_distribution.n19.n19            0                       (Unspecified)
system.ruby.network.data_traffic_distribution.n19.n2            0                       (Unspecified)
system.ruby.network.data_traffic_distribution.n19.n20            0                       (Unspecified)
system.ruby.network.data_traffic_distribution.n19.n21            0                       (Unspecified)
system.ruby.network.data_traffic_distribution.n19.n22            0                       (Unspecified)
system.ruby.network.data_traffic_distribution.n19.n23            0                       (Unspecified)
system.ruby.network.data_traffic_distribution.n19.n24            0                       (Unspecified)
system.ruby.network.data_traffic_distribution.n19.n25            0                       (Unspecified)
system.ruby.network.data_traffic_distribution.n19.n26            0                       (Unspecified)
system.ruby.network.data_traffic_distribution.n19.n27            0                       (Unspecified)
system.ruby.network.data_traffic_distribution.n19.n28            0                       (Unspecified)
system.ruby.network.data_traffic_distribution.n19.n29            0                       (Unspecified)
system.ruby.network.data_traffic_distribution.n19.n3            0                       (Unspecified)
system.ruby.network.data_traffic_distribution.n19.n30            0                       (Unspecified)
system.ruby.network.data_traffic_distribution.n19.n31            0                       (Unspecified)
system.ruby.network.data_traffic_distribution.n19.n32            0                       (Unspecified)
system.ruby.network.data_traffic_distribution.n19.n33            0                       (Unspecified)
system.ruby.network.data_traffic_distribution.n19.n34            0                       (Unspecified)
system.ruby.network.data_traffic_distribution.n19.n35            0                       (Unspecified)
system.ruby.network.data_traffic_distribution.n19.n36            0                       (Unspecified)
system.ruby.network.data_traffic_distribution.n19.n37            0                       (Unspecified)
system.ruby.network.data_traffic_distribution.n19.n38            0                       (Unspecified)
system.ruby.network.data_traffic_distribution.n19.n39            0                       (Unspecified)
system.ruby.network.data_traffic_distribution.n19.n4            0                       (Unspecified)
system.ruby.network.data_traffic_distribution.n19.n40            0                       (Unspecified)
system.ruby.network.data_traffic_distribution.n19.n41            0                       (Unspecified)
system.ruby.network.data_traffic_distribution.n19.n42            0                       (Unspecified)
system.ruby.network.data_traffic_distribution.n19.n43            0                       (Unspecified)
system.ruby.network.data_traffic_distribution.n19.n44            0                       (Unspecified)
system.ruby.network.data_traffic_distribution.n19.n45            0                       (Unspecified)
system.ruby.network.data_traffic_distribution.n19.n46            0                       (Unspecified)
system.ruby.network.data_traffic_distribution.n19.n47            0                       (Unspecified)
system.ruby.network.data_traffic_distribution.n19.n48            0                       (Unspecified)
system.ruby.network.data_traffic_distribution.n19.n49            0                       (Unspecified)
system.ruby.network.data_traffic_distribution.n19.n5            0                       (Unspecified)
system.ruby.network.data_traffic_distribution.n19.n50            0                       (Unspecified)
system.ruby.network.data_traffic_distribution.n19.n51            0                       (Unspecified)
system.ruby.network.data_traffic_distribution.n19.n52            0                       (Unspecified)
system.ruby.network.data_traffic_distribution.n19.n53            0                       (Unspecified)
system.ruby.network.data_traffic_distribution.n19.n54            0                       (Unspecified)
system.ruby.network.data_traffic_distribution.n19.n55            0                       (Unspecified)
system.ruby.network.data_traffic_distribution.n19.n56            0                       (Unspecified)
system.ruby.network.data_traffic_distribution.n19.n57            0                       (Unspecified)
system.ruby.network.data_traffic_distribution.n19.n58            0                       (Unspecified)
system.ruby.network.data_traffic_distribution.n19.n59            0                       (Unspecified)
system.ruby.network.data_traffic_distribution.n19.n6            0                       (Unspecified)
system.ruby.network.data_traffic_distribution.n19.n60            0                       (Unspecified)
system.ruby.network.data_traffic_distribution.n19.n61            0                       (Unspecified)
system.ruby.network.data_traffic_distribution.n19.n62            0                       (Unspecified)
system.ruby.network.data_traffic_distribution.n19.n63            0                       (Unspecified)
system.ruby.network.data_traffic_distribution.n19.n7            0                       (Unspecified)
system.ruby.network.data_traffic_distribution.n19.n8            0                       (Unspecified)
system.ruby.network.data_traffic_distribution.n19.n9            0                       (Unspecified)
system.ruby.network.data_traffic_distribution.n2.n0            0                       (Unspecified)
system.ruby.network.data_traffic_distribution.n2.n1            0                       (Unspecified)
system.ruby.network.data_traffic_distribution.n2.n10            0                       (Unspecified)
system.ruby.network.data_traffic_distribution.n2.n11            0                       (Unspecified)
system.ruby.network.data_traffic_distribution.n2.n12            0                       (Unspecified)
system.ruby.network.data_traffic_distribution.n2.n13            0                       (Unspecified)
system.ruby.network.data_traffic_distribution.n2.n14            0                       (Unspecified)
system.ruby.network.data_traffic_distribution.n2.n15            0                       (Unspecified)
system.ruby.network.data_traffic_distribution.n2.n16            0                       (Unspecified)
system.ruby.network.data_traffic_distribution.n2.n17            0                       (Unspecified)
system.ruby.network.data_traffic_distribution.n2.n18            0                       (Unspecified)
system.ruby.network.data_traffic_distribution.n2.n19            0                       (Unspecified)
system.ruby.network.data_traffic_distribution.n2.n2            0                       (Unspecified)
system.ruby.network.data_traffic_distribution.n2.n20            0                       (Unspecified)
system.ruby.network.data_traffic_distribution.n2.n21            0                       (Unspecified)
system.ruby.network.data_traffic_distribution.n2.n22            0                       (Unspecified)
system.ruby.network.data_traffic_distribution.n2.n23            0                       (Unspecified)
system.ruby.network.data_traffic_distribution.n2.n24            0                       (Unspecified)
system.ruby.network.data_traffic_distribution.n2.n25            0                       (Unspecified)
system.ruby.network.data_traffic_distribution.n2.n26            0                       (Unspecified)
system.ruby.network.data_traffic_distribution.n2.n27            0                       (Unspecified)
system.ruby.network.data_traffic_distribution.n2.n28            0                       (Unspecified)
system.ruby.network.data_traffic_distribution.n2.n29            0                       (Unspecified)
system.ruby.network.data_traffic_distribution.n2.n3            0                       (Unspecified)
system.ruby.network.data_traffic_distribution.n2.n30            0                       (Unspecified)
system.ruby.network.data_traffic_distribution.n2.n31            0                       (Unspecified)
system.ruby.network.data_traffic_distribution.n2.n32            0                       (Unspecified)
system.ruby.network.data_traffic_distribution.n2.n33            0                       (Unspecified)
system.ruby.network.data_traffic_distribution.n2.n34            0                       (Unspecified)
system.ruby.network.data_traffic_distribution.n2.n35            0                       (Unspecified)
system.ruby.network.data_traffic_distribution.n2.n36            0                       (Unspecified)
system.ruby.network.data_traffic_distribution.n2.n37            0                       (Unspecified)
system.ruby.network.data_traffic_distribution.n2.n38            0                       (Unspecified)
system.ruby.network.data_traffic_distribution.n2.n39            0                       (Unspecified)
system.ruby.network.data_traffic_distribution.n2.n4            0                       (Unspecified)
system.ruby.network.data_traffic_distribution.n2.n40            0                       (Unspecified)
system.ruby.network.data_traffic_distribution.n2.n41            0                       (Unspecified)
system.ruby.network.data_traffic_distribution.n2.n42            0                       (Unspecified)
system.ruby.network.data_traffic_distribution.n2.n43            0                       (Unspecified)
system.ruby.network.data_traffic_distribution.n2.n44            0                       (Unspecified)
system.ruby.network.data_traffic_distribution.n2.n45            0                       (Unspecified)
system.ruby.network.data_traffic_distribution.n2.n46            0                       (Unspecified)
system.ruby.network.data_traffic_distribution.n2.n47            0                       (Unspecified)
system.ruby.network.data_traffic_distribution.n2.n48            0                       (Unspecified)
system.ruby.network.data_traffic_distribution.n2.n49            0                       (Unspecified)
system.ruby.network.data_traffic_distribution.n2.n5            0                       (Unspecified)
system.ruby.network.data_traffic_distribution.n2.n50            0                       (Unspecified)
system.ruby.network.data_traffic_distribution.n2.n51            0                       (Unspecified)
system.ruby.network.data_traffic_distribution.n2.n52            0                       (Unspecified)
system.ruby.network.data_traffic_distribution.n2.n53            0                       (Unspecified)
system.ruby.network.data_traffic_distribution.n2.n54            0                       (Unspecified)
system.ruby.network.data_traffic_distribution.n2.n55            0                       (Unspecified)
system.ruby.network.data_traffic_distribution.n2.n56            0                       (Unspecified)
system.ruby.network.data_traffic_distribution.n2.n57            0                       (Unspecified)
system.ruby.network.data_traffic_distribution.n2.n58            0                       (Unspecified)
system.ruby.network.data_traffic_distribution.n2.n59            0                       (Unspecified)
system.ruby.network.data_traffic_distribution.n2.n6            0                       (Unspecified)
system.ruby.network.data_traffic_distribution.n2.n60            0                       (Unspecified)
system.ruby.network.data_traffic_distribution.n2.n61            0                       (Unspecified)
system.ruby.network.data_traffic_distribution.n2.n62            0                       (Unspecified)
system.ruby.network.data_traffic_distribution.n2.n63            0                       (Unspecified)
system.ruby.network.data_traffic_distribution.n2.n7            0                       (Unspecified)
system.ruby.network.data_traffic_distribution.n2.n8            0                       (Unspecified)
system.ruby.network.data_traffic_distribution.n2.n9            0                       (Unspecified)
system.ruby.network.data_traffic_distribution.n20.n0            0                       (Unspecified)
system.ruby.network.data_traffic_distribution.n20.n1            0                       (Unspecified)
system.ruby.network.data_traffic_distribution.n20.n10            0                       (Unspecified)
system.ruby.network.data_traffic_distribution.n20.n11            0                       (Unspecified)
system.ruby.network.data_traffic_distribution.n20.n12            0                       (Unspecified)
system.ruby.network.data_traffic_distribution.n20.n13            0                       (Unspecified)
system.ruby.network.data_traffic_distribution.n20.n14            0                       (Unspecified)
system.ruby.network.data_traffic_distribution.n20.n15            0                       (Unspecified)
system.ruby.network.data_traffic_distribution.n20.n16            0                       (Unspecified)
system.ruby.network.data_traffic_distribution.n20.n17            0                       (Unspecified)
system.ruby.network.data_traffic_distribution.n20.n18            0                       (Unspecified)
system.ruby.network.data_traffic_distribution.n20.n19            0                       (Unspecified)
system.ruby.network.data_traffic_distribution.n20.n2            0                       (Unspecified)
system.ruby.network.data_traffic_distribution.n20.n20            0                       (Unspecified)
system.ruby.network.data_traffic_distribution.n20.n21            0                       (Unspecified)
system.ruby.network.data_traffic_distribution.n20.n22            0                       (Unspecified)
system.ruby.network.data_traffic_distribution.n20.n23            0                       (Unspecified)
system.ruby.network.data_traffic_distribution.n20.n24            0                       (Unspecified)
system.ruby.network.data_traffic_distribution.n20.n25            0                       (Unspecified)
system.ruby.network.data_traffic_distribution.n20.n26            0                       (Unspecified)
system.ruby.network.data_traffic_distribution.n20.n27            0                       (Unspecified)
system.ruby.network.data_traffic_distribution.n20.n28            0                       (Unspecified)
system.ruby.network.data_traffic_distribution.n20.n29            0                       (Unspecified)
system.ruby.network.data_traffic_distribution.n20.n3            0                       (Unspecified)
system.ruby.network.data_traffic_distribution.n20.n30            0                       (Unspecified)
system.ruby.network.data_traffic_distribution.n20.n31            0                       (Unspecified)
system.ruby.network.data_traffic_distribution.n20.n32            0                       (Unspecified)
system.ruby.network.data_traffic_distribution.n20.n33            0                       (Unspecified)
system.ruby.network.data_traffic_distribution.n20.n34            0                       (Unspecified)
system.ruby.network.data_traffic_distribution.n20.n35            0                       (Unspecified)
system.ruby.network.data_traffic_distribution.n20.n36            0                       (Unspecified)
system.ruby.network.data_traffic_distribution.n20.n37            0                       (Unspecified)
system.ruby.network.data_traffic_distribution.n20.n38            0                       (Unspecified)
system.ruby.network.data_traffic_distribution.n20.n39            0                       (Unspecified)
system.ruby.network.data_traffic_distribution.n20.n4            0                       (Unspecified)
system.ruby.network.data_traffic_distribution.n20.n40            0                       (Unspecified)
system.ruby.network.data_traffic_distribution.n20.n41            0                       (Unspecified)
system.ruby.network.data_traffic_distribution.n20.n42            0                       (Unspecified)
system.ruby.network.data_traffic_distribution.n20.n43            0                       (Unspecified)
system.ruby.network.data_traffic_distribution.n20.n44            0                       (Unspecified)
system.ruby.network.data_traffic_distribution.n20.n45            0                       (Unspecified)
system.ruby.network.data_traffic_distribution.n20.n46            0                       (Unspecified)
system.ruby.network.data_traffic_distribution.n20.n47            0                       (Unspecified)
system.ruby.network.data_traffic_distribution.n20.n48            0                       (Unspecified)
system.ruby.network.data_traffic_distribution.n20.n49            0                       (Unspecified)
system.ruby.network.data_traffic_distribution.n20.n5            0                       (Unspecified)
system.ruby.network.data_traffic_distribution.n20.n50            0                       (Unspecified)
system.ruby.network.data_traffic_distribution.n20.n51            0                       (Unspecified)
system.ruby.network.data_traffic_distribution.n20.n52            0                       (Unspecified)
system.ruby.network.data_traffic_distribution.n20.n53            0                       (Unspecified)
system.ruby.network.data_traffic_distribution.n20.n54            0                       (Unspecified)
system.ruby.network.data_traffic_distribution.n20.n55            0                       (Unspecified)
system.ruby.network.data_traffic_distribution.n20.n56            0                       (Unspecified)
system.ruby.network.data_traffic_distribution.n20.n57            0                       (Unspecified)
system.ruby.network.data_traffic_distribution.n20.n58            0                       (Unspecified)
system.ruby.network.data_traffic_distribution.n20.n59            0                       (Unspecified)
system.ruby.network.data_traffic_distribution.n20.n6            0                       (Unspecified)
system.ruby.network.data_traffic_distribution.n20.n60            0                       (Unspecified)
system.ruby.network.data_traffic_distribution.n20.n61            0                       (Unspecified)
system.ruby.network.data_traffic_distribution.n20.n62            0                       (Unspecified)
system.ruby.network.data_traffic_distribution.n20.n63            0                       (Unspecified)
system.ruby.network.data_traffic_distribution.n20.n7            0                       (Unspecified)
system.ruby.network.data_traffic_distribution.n20.n8            0                       (Unspecified)
system.ruby.network.data_traffic_distribution.n20.n9            0                       (Unspecified)
system.ruby.network.data_traffic_distribution.n21.n0            0                       (Unspecified)
system.ruby.network.data_traffic_distribution.n21.n1            0                       (Unspecified)
system.ruby.network.data_traffic_distribution.n21.n10            0                       (Unspecified)
system.ruby.network.data_traffic_distribution.n21.n11            0                       (Unspecified)
system.ruby.network.data_traffic_distribution.n21.n12            0                       (Unspecified)
system.ruby.network.data_traffic_distribution.n21.n13            0                       (Unspecified)
system.ruby.network.data_traffic_distribution.n21.n14            0                       (Unspecified)
system.ruby.network.data_traffic_distribution.n21.n15            0                       (Unspecified)
system.ruby.network.data_traffic_distribution.n21.n16            0                       (Unspecified)
system.ruby.network.data_traffic_distribution.n21.n17            0                       (Unspecified)
system.ruby.network.data_traffic_distribution.n21.n18            0                       (Unspecified)
system.ruby.network.data_traffic_distribution.n21.n19            0                       (Unspecified)
system.ruby.network.data_traffic_distribution.n21.n2            0                       (Unspecified)
system.ruby.network.data_traffic_distribution.n21.n20            0                       (Unspecified)
system.ruby.network.data_traffic_distribution.n21.n21            0                       (Unspecified)
system.ruby.network.data_traffic_distribution.n21.n22            0                       (Unspecified)
system.ruby.network.data_traffic_distribution.n21.n23            0                       (Unspecified)
system.ruby.network.data_traffic_distribution.n21.n24            0                       (Unspecified)
system.ruby.network.data_traffic_distribution.n21.n25            0                       (Unspecified)
system.ruby.network.data_traffic_distribution.n21.n26            0                       (Unspecified)
system.ruby.network.data_traffic_distribution.n21.n27            0                       (Unspecified)
system.ruby.network.data_traffic_distribution.n21.n28            0                       (Unspecified)
system.ruby.network.data_traffic_distribution.n21.n29            0                       (Unspecified)
system.ruby.network.data_traffic_distribution.n21.n3            0                       (Unspecified)
system.ruby.network.data_traffic_distribution.n21.n30            0                       (Unspecified)
system.ruby.network.data_traffic_distribution.n21.n31            0                       (Unspecified)
system.ruby.network.data_traffic_distribution.n21.n32            0                       (Unspecified)
system.ruby.network.data_traffic_distribution.n21.n33            0                       (Unspecified)
system.ruby.network.data_traffic_distribution.n21.n34            0                       (Unspecified)
system.ruby.network.data_traffic_distribution.n21.n35            0                       (Unspecified)
system.ruby.network.data_traffic_distribution.n21.n36            0                       (Unspecified)
system.ruby.network.data_traffic_distribution.n21.n37            0                       (Unspecified)
system.ruby.network.data_traffic_distribution.n21.n38            0                       (Unspecified)
system.ruby.network.data_traffic_distribution.n21.n39            0                       (Unspecified)
system.ruby.network.data_traffic_distribution.n21.n4            0                       (Unspecified)
system.ruby.network.data_traffic_distribution.n21.n40            0                       (Unspecified)
system.ruby.network.data_traffic_distribution.n21.n41            0                       (Unspecified)
system.ruby.network.data_traffic_distribution.n21.n42            0                       (Unspecified)
system.ruby.network.data_traffic_distribution.n21.n43            0                       (Unspecified)
system.ruby.network.data_traffic_distribution.n21.n44            0                       (Unspecified)
system.ruby.network.data_traffic_distribution.n21.n45            0                       (Unspecified)
system.ruby.network.data_traffic_distribution.n21.n46            0                       (Unspecified)
system.ruby.network.data_traffic_distribution.n21.n47            0                       (Unspecified)
system.ruby.network.data_traffic_distribution.n21.n48            0                       (Unspecified)
system.ruby.network.data_traffic_distribution.n21.n49            0                       (Unspecified)
system.ruby.network.data_traffic_distribution.n21.n5            0                       (Unspecified)
system.ruby.network.data_traffic_distribution.n21.n50            0                       (Unspecified)
system.ruby.network.data_traffic_distribution.n21.n51            0                       (Unspecified)
system.ruby.network.data_traffic_distribution.n21.n52            0                       (Unspecified)
system.ruby.network.data_traffic_distribution.n21.n53            0                       (Unspecified)
system.ruby.network.data_traffic_distribution.n21.n54            0                       (Unspecified)
system.ruby.network.data_traffic_distribution.n21.n55            0                       (Unspecified)
system.ruby.network.data_traffic_distribution.n21.n56            0                       (Unspecified)
system.ruby.network.data_traffic_distribution.n21.n57            0                       (Unspecified)
system.ruby.network.data_traffic_distribution.n21.n58            0                       (Unspecified)
system.ruby.network.data_traffic_distribution.n21.n59            0                       (Unspecified)
system.ruby.network.data_traffic_distribution.n21.n6            0                       (Unspecified)
system.ruby.network.data_traffic_distribution.n21.n60            0                       (Unspecified)
system.ruby.network.data_traffic_distribution.n21.n61            0                       (Unspecified)
system.ruby.network.data_traffic_distribution.n21.n62            0                       (Unspecified)
system.ruby.network.data_traffic_distribution.n21.n63            0                       (Unspecified)
system.ruby.network.data_traffic_distribution.n21.n7            0                       (Unspecified)
system.ruby.network.data_traffic_distribution.n21.n8            0                       (Unspecified)
system.ruby.network.data_traffic_distribution.n21.n9            0                       (Unspecified)
system.ruby.network.data_traffic_distribution.n22.n0            0                       (Unspecified)
system.ruby.network.data_traffic_distribution.n22.n1            0                       (Unspecified)
system.ruby.network.data_traffic_distribution.n22.n10            0                       (Unspecified)
system.ruby.network.data_traffic_distribution.n22.n11            0                       (Unspecified)
system.ruby.network.data_traffic_distribution.n22.n12            0                       (Unspecified)
system.ruby.network.data_traffic_distribution.n22.n13            0                       (Unspecified)
system.ruby.network.data_traffic_distribution.n22.n14            0                       (Unspecified)
system.ruby.network.data_traffic_distribution.n22.n15            0                       (Unspecified)
system.ruby.network.data_traffic_distribution.n22.n16            0                       (Unspecified)
system.ruby.network.data_traffic_distribution.n22.n17            0                       (Unspecified)
system.ruby.network.data_traffic_distribution.n22.n18            0                       (Unspecified)
system.ruby.network.data_traffic_distribution.n22.n19            0                       (Unspecified)
system.ruby.network.data_traffic_distribution.n22.n2            0                       (Unspecified)
system.ruby.network.data_traffic_distribution.n22.n20            0                       (Unspecified)
system.ruby.network.data_traffic_distribution.n22.n21            0                       (Unspecified)
system.ruby.network.data_traffic_distribution.n22.n22            0                       (Unspecified)
system.ruby.network.data_traffic_distribution.n22.n23            0                       (Unspecified)
system.ruby.network.data_traffic_distribution.n22.n24            0                       (Unspecified)
system.ruby.network.data_traffic_distribution.n22.n25            0                       (Unspecified)
system.ruby.network.data_traffic_distribution.n22.n26            0                       (Unspecified)
system.ruby.network.data_traffic_distribution.n22.n27            0                       (Unspecified)
system.ruby.network.data_traffic_distribution.n22.n28            0                       (Unspecified)
system.ruby.network.data_traffic_distribution.n22.n29            0                       (Unspecified)
system.ruby.network.data_traffic_distribution.n22.n3            0                       (Unspecified)
system.ruby.network.data_traffic_distribution.n22.n30            0                       (Unspecified)
system.ruby.network.data_traffic_distribution.n22.n31            0                       (Unspecified)
system.ruby.network.data_traffic_distribution.n22.n32            0                       (Unspecified)
system.ruby.network.data_traffic_distribution.n22.n33            0                       (Unspecified)
system.ruby.network.data_traffic_distribution.n22.n34            0                       (Unspecified)
system.ruby.network.data_traffic_distribution.n22.n35            0                       (Unspecified)
system.ruby.network.data_traffic_distribution.n22.n36            0                       (Unspecified)
system.ruby.network.data_traffic_distribution.n22.n37            0                       (Unspecified)
system.ruby.network.data_traffic_distribution.n22.n38            0                       (Unspecified)
system.ruby.network.data_traffic_distribution.n22.n39            0                       (Unspecified)
system.ruby.network.data_traffic_distribution.n22.n4            0                       (Unspecified)
system.ruby.network.data_traffic_distribution.n22.n40            0                       (Unspecified)
system.ruby.network.data_traffic_distribution.n22.n41            0                       (Unspecified)
system.ruby.network.data_traffic_distribution.n22.n42            0                       (Unspecified)
system.ruby.network.data_traffic_distribution.n22.n43            0                       (Unspecified)
system.ruby.network.data_traffic_distribution.n22.n44            0                       (Unspecified)
system.ruby.network.data_traffic_distribution.n22.n45            0                       (Unspecified)
system.ruby.network.data_traffic_distribution.n22.n46            0                       (Unspecified)
system.ruby.network.data_traffic_distribution.n22.n47            0                       (Unspecified)
system.ruby.network.data_traffic_distribution.n22.n48            0                       (Unspecified)
system.ruby.network.data_traffic_distribution.n22.n49            0                       (Unspecified)
system.ruby.network.data_traffic_distribution.n22.n5            0                       (Unspecified)
system.ruby.network.data_traffic_distribution.n22.n50            0                       (Unspecified)
system.ruby.network.data_traffic_distribution.n22.n51            0                       (Unspecified)
system.ruby.network.data_traffic_distribution.n22.n52            0                       (Unspecified)
system.ruby.network.data_traffic_distribution.n22.n53            0                       (Unspecified)
system.ruby.network.data_traffic_distribution.n22.n54            0                       (Unspecified)
system.ruby.network.data_traffic_distribution.n22.n55            1                       (Unspecified)
system.ruby.network.data_traffic_distribution.n22.n56            0                       (Unspecified)
system.ruby.network.data_traffic_distribution.n22.n57            0                       (Unspecified)
system.ruby.network.data_traffic_distribution.n22.n58            0                       (Unspecified)
system.ruby.network.data_traffic_distribution.n22.n59            0                       (Unspecified)
system.ruby.network.data_traffic_distribution.n22.n6            0                       (Unspecified)
system.ruby.network.data_traffic_distribution.n22.n60            0                       (Unspecified)
system.ruby.network.data_traffic_distribution.n22.n61            0                       (Unspecified)
system.ruby.network.data_traffic_distribution.n22.n62            0                       (Unspecified)
system.ruby.network.data_traffic_distribution.n22.n63            0                       (Unspecified)
system.ruby.network.data_traffic_distribution.n22.n7            0                       (Unspecified)
system.ruby.network.data_traffic_distribution.n22.n8            0                       (Unspecified)
system.ruby.network.data_traffic_distribution.n22.n9            0                       (Unspecified)
system.ruby.network.data_traffic_distribution.n23.n0            0                       (Unspecified)
system.ruby.network.data_traffic_distribution.n23.n1            0                       (Unspecified)
system.ruby.network.data_traffic_distribution.n23.n10            0                       (Unspecified)
system.ruby.network.data_traffic_distribution.n23.n11            0                       (Unspecified)
system.ruby.network.data_traffic_distribution.n23.n12            0                       (Unspecified)
system.ruby.network.data_traffic_distribution.n23.n13            0                       (Unspecified)
system.ruby.network.data_traffic_distribution.n23.n14            0                       (Unspecified)
system.ruby.network.data_traffic_distribution.n23.n15            0                       (Unspecified)
system.ruby.network.data_traffic_distribution.n23.n16            0                       (Unspecified)
system.ruby.network.data_traffic_distribution.n23.n17            0                       (Unspecified)
system.ruby.network.data_traffic_distribution.n23.n18            0                       (Unspecified)
system.ruby.network.data_traffic_distribution.n23.n19            0                       (Unspecified)
system.ruby.network.data_traffic_distribution.n23.n2            0                       (Unspecified)
system.ruby.network.data_traffic_distribution.n23.n20            0                       (Unspecified)
system.ruby.network.data_traffic_distribution.n23.n21            0                       (Unspecified)
system.ruby.network.data_traffic_distribution.n23.n22            0                       (Unspecified)
system.ruby.network.data_traffic_distribution.n23.n23            0                       (Unspecified)
system.ruby.network.data_traffic_distribution.n23.n24            0                       (Unspecified)
system.ruby.network.data_traffic_distribution.n23.n25            0                       (Unspecified)
system.ruby.network.data_traffic_distribution.n23.n26            0                       (Unspecified)
system.ruby.network.data_traffic_distribution.n23.n27            0                       (Unspecified)
system.ruby.network.data_traffic_distribution.n23.n28            0                       (Unspecified)
system.ruby.network.data_traffic_distribution.n23.n29            0                       (Unspecified)
system.ruby.network.data_traffic_distribution.n23.n3            0                       (Unspecified)
system.ruby.network.data_traffic_distribution.n23.n30            0                       (Unspecified)
system.ruby.network.data_traffic_distribution.n23.n31            0                       (Unspecified)
system.ruby.network.data_traffic_distribution.n23.n32            0                       (Unspecified)
system.ruby.network.data_traffic_distribution.n23.n33            0                       (Unspecified)
system.ruby.network.data_traffic_distribution.n23.n34            0                       (Unspecified)
system.ruby.network.data_traffic_distribution.n23.n35            0                       (Unspecified)
system.ruby.network.data_traffic_distribution.n23.n36            0                       (Unspecified)
system.ruby.network.data_traffic_distribution.n23.n37            0                       (Unspecified)
system.ruby.network.data_traffic_distribution.n23.n38            0                       (Unspecified)
system.ruby.network.data_traffic_distribution.n23.n39            0                       (Unspecified)
system.ruby.network.data_traffic_distribution.n23.n4            0                       (Unspecified)
system.ruby.network.data_traffic_distribution.n23.n40            0                       (Unspecified)
system.ruby.network.data_traffic_distribution.n23.n41            0                       (Unspecified)
system.ruby.network.data_traffic_distribution.n23.n42            0                       (Unspecified)
system.ruby.network.data_traffic_distribution.n23.n43            0                       (Unspecified)
system.ruby.network.data_traffic_distribution.n23.n44            0                       (Unspecified)
system.ruby.network.data_traffic_distribution.n23.n45            0                       (Unspecified)
system.ruby.network.data_traffic_distribution.n23.n46            0                       (Unspecified)
system.ruby.network.data_traffic_distribution.n23.n47            0                       (Unspecified)
system.ruby.network.data_traffic_distribution.n23.n48            0                       (Unspecified)
system.ruby.network.data_traffic_distribution.n23.n49            0                       (Unspecified)
system.ruby.network.data_traffic_distribution.n23.n5            0                       (Unspecified)
system.ruby.network.data_traffic_distribution.n23.n50            0                       (Unspecified)
system.ruby.network.data_traffic_distribution.n23.n51            0                       (Unspecified)
system.ruby.network.data_traffic_distribution.n23.n52            0                       (Unspecified)
system.ruby.network.data_traffic_distribution.n23.n53            0                       (Unspecified)
system.ruby.network.data_traffic_distribution.n23.n54            0                       (Unspecified)
system.ruby.network.data_traffic_distribution.n23.n55            0                       (Unspecified)
system.ruby.network.data_traffic_distribution.n23.n56            0                       (Unspecified)
system.ruby.network.data_traffic_distribution.n23.n57            0                       (Unspecified)
system.ruby.network.data_traffic_distribution.n23.n58            0                       (Unspecified)
system.ruby.network.data_traffic_distribution.n23.n59            0                       (Unspecified)
system.ruby.network.data_traffic_distribution.n23.n6            0                       (Unspecified)
system.ruby.network.data_traffic_distribution.n23.n60            0                       (Unspecified)
system.ruby.network.data_traffic_distribution.n23.n61            0                       (Unspecified)
system.ruby.network.data_traffic_distribution.n23.n62            0                       (Unspecified)
system.ruby.network.data_traffic_distribution.n23.n63            0                       (Unspecified)
system.ruby.network.data_traffic_distribution.n23.n7            0                       (Unspecified)
system.ruby.network.data_traffic_distribution.n23.n8            0                       (Unspecified)
system.ruby.network.data_traffic_distribution.n23.n9            0                       (Unspecified)
system.ruby.network.data_traffic_distribution.n24.n0            0                       (Unspecified)
system.ruby.network.data_traffic_distribution.n24.n1            0                       (Unspecified)
system.ruby.network.data_traffic_distribution.n24.n10            0                       (Unspecified)
system.ruby.network.data_traffic_distribution.n24.n11            0                       (Unspecified)
system.ruby.network.data_traffic_distribution.n24.n12            0                       (Unspecified)
system.ruby.network.data_traffic_distribution.n24.n13            0                       (Unspecified)
system.ruby.network.data_traffic_distribution.n24.n14            0                       (Unspecified)
system.ruby.network.data_traffic_distribution.n24.n15            0                       (Unspecified)
system.ruby.network.data_traffic_distribution.n24.n16            0                       (Unspecified)
system.ruby.network.data_traffic_distribution.n24.n17            0                       (Unspecified)
system.ruby.network.data_traffic_distribution.n24.n18            0                       (Unspecified)
system.ruby.network.data_traffic_distribution.n24.n19            0                       (Unspecified)
system.ruby.network.data_traffic_distribution.n24.n2            0                       (Unspecified)
system.ruby.network.data_traffic_distribution.n24.n20            0                       (Unspecified)
system.ruby.network.data_traffic_distribution.n24.n21            0                       (Unspecified)
system.ruby.network.data_traffic_distribution.n24.n22            0                       (Unspecified)
system.ruby.network.data_traffic_distribution.n24.n23            0                       (Unspecified)
system.ruby.network.data_traffic_distribution.n24.n24            0                       (Unspecified)
system.ruby.network.data_traffic_distribution.n24.n25            0                       (Unspecified)
system.ruby.network.data_traffic_distribution.n24.n26            0                       (Unspecified)
system.ruby.network.data_traffic_distribution.n24.n27            0                       (Unspecified)
system.ruby.network.data_traffic_distribution.n24.n28            0                       (Unspecified)
system.ruby.network.data_traffic_distribution.n24.n29            1                       (Unspecified)
system.ruby.network.data_traffic_distribution.n24.n3            0                       (Unspecified)
system.ruby.network.data_traffic_distribution.n24.n30            0                       (Unspecified)
system.ruby.network.data_traffic_distribution.n24.n31            0                       (Unspecified)
system.ruby.network.data_traffic_distribution.n24.n32            0                       (Unspecified)
system.ruby.network.data_traffic_distribution.n24.n33            0                       (Unspecified)
system.ruby.network.data_traffic_distribution.n24.n34            0                       (Unspecified)
system.ruby.network.data_traffic_distribution.n24.n35            0                       (Unspecified)
system.ruby.network.data_traffic_distribution.n24.n36            0                       (Unspecified)
system.ruby.network.data_traffic_distribution.n24.n37            0                       (Unspecified)
system.ruby.network.data_traffic_distribution.n24.n38            0                       (Unspecified)
system.ruby.network.data_traffic_distribution.n24.n39            0                       (Unspecified)
system.ruby.network.data_traffic_distribution.n24.n4            0                       (Unspecified)
system.ruby.network.data_traffic_distribution.n24.n40            0                       (Unspecified)
system.ruby.network.data_traffic_distribution.n24.n41            0                       (Unspecified)
system.ruby.network.data_traffic_distribution.n24.n42            0                       (Unspecified)
system.ruby.network.data_traffic_distribution.n24.n43            0                       (Unspecified)
system.ruby.network.data_traffic_distribution.n24.n44            0                       (Unspecified)
system.ruby.network.data_traffic_distribution.n24.n45            0                       (Unspecified)
system.ruby.network.data_traffic_distribution.n24.n46            0                       (Unspecified)
system.ruby.network.data_traffic_distribution.n24.n47            0                       (Unspecified)
system.ruby.network.data_traffic_distribution.n24.n48            0                       (Unspecified)
system.ruby.network.data_traffic_distribution.n24.n49            0                       (Unspecified)
system.ruby.network.data_traffic_distribution.n24.n5            0                       (Unspecified)
system.ruby.network.data_traffic_distribution.n24.n50            0                       (Unspecified)
system.ruby.network.data_traffic_distribution.n24.n51            0                       (Unspecified)
system.ruby.network.data_traffic_distribution.n24.n52            0                       (Unspecified)
system.ruby.network.data_traffic_distribution.n24.n53            0                       (Unspecified)
system.ruby.network.data_traffic_distribution.n24.n54            0                       (Unspecified)
system.ruby.network.data_traffic_distribution.n24.n55            0                       (Unspecified)
system.ruby.network.data_traffic_distribution.n24.n56            0                       (Unspecified)
system.ruby.network.data_traffic_distribution.n24.n57            0                       (Unspecified)
system.ruby.network.data_traffic_distribution.n24.n58            0                       (Unspecified)
system.ruby.network.data_traffic_distribution.n24.n59            0                       (Unspecified)
system.ruby.network.data_traffic_distribution.n24.n6            0                       (Unspecified)
system.ruby.network.data_traffic_distribution.n24.n60            0                       (Unspecified)
system.ruby.network.data_traffic_distribution.n24.n61            0                       (Unspecified)
system.ruby.network.data_traffic_distribution.n24.n62            0                       (Unspecified)
system.ruby.network.data_traffic_distribution.n24.n63            0                       (Unspecified)
system.ruby.network.data_traffic_distribution.n24.n7            0                       (Unspecified)
system.ruby.network.data_traffic_distribution.n24.n8            0                       (Unspecified)
system.ruby.network.data_traffic_distribution.n24.n9            0                       (Unspecified)
system.ruby.network.data_traffic_distribution.n25.n0            0                       (Unspecified)
system.ruby.network.data_traffic_distribution.n25.n1            0                       (Unspecified)
system.ruby.network.data_traffic_distribution.n25.n10            0                       (Unspecified)
system.ruby.network.data_traffic_distribution.n25.n11            0                       (Unspecified)
system.ruby.network.data_traffic_distribution.n25.n12            0                       (Unspecified)
system.ruby.network.data_traffic_distribution.n25.n13            0                       (Unspecified)
system.ruby.network.data_traffic_distribution.n25.n14            0                       (Unspecified)
system.ruby.network.data_traffic_distribution.n25.n15            0                       (Unspecified)
system.ruby.network.data_traffic_distribution.n25.n16            0                       (Unspecified)
system.ruby.network.data_traffic_distribution.n25.n17            0                       (Unspecified)
system.ruby.network.data_traffic_distribution.n25.n18            0                       (Unspecified)
system.ruby.network.data_traffic_distribution.n25.n19            0                       (Unspecified)
system.ruby.network.data_traffic_distribution.n25.n2            0                       (Unspecified)
system.ruby.network.data_traffic_distribution.n25.n20            0                       (Unspecified)
system.ruby.network.data_traffic_distribution.n25.n21            0                       (Unspecified)
system.ruby.network.data_traffic_distribution.n25.n22            0                       (Unspecified)
system.ruby.network.data_traffic_distribution.n25.n23            0                       (Unspecified)
system.ruby.network.data_traffic_distribution.n25.n24            0                       (Unspecified)
system.ruby.network.data_traffic_distribution.n25.n25            0                       (Unspecified)
system.ruby.network.data_traffic_distribution.n25.n26            0                       (Unspecified)
system.ruby.network.data_traffic_distribution.n25.n27            0                       (Unspecified)
system.ruby.network.data_traffic_distribution.n25.n28            0                       (Unspecified)
system.ruby.network.data_traffic_distribution.n25.n29            0                       (Unspecified)
system.ruby.network.data_traffic_distribution.n25.n3            0                       (Unspecified)
system.ruby.network.data_traffic_distribution.n25.n30            0                       (Unspecified)
system.ruby.network.data_traffic_distribution.n25.n31            0                       (Unspecified)
system.ruby.network.data_traffic_distribution.n25.n32            0                       (Unspecified)
system.ruby.network.data_traffic_distribution.n25.n33            0                       (Unspecified)
system.ruby.network.data_traffic_distribution.n25.n34            0                       (Unspecified)
system.ruby.network.data_traffic_distribution.n25.n35            0                       (Unspecified)
system.ruby.network.data_traffic_distribution.n25.n36            0                       (Unspecified)
system.ruby.network.data_traffic_distribution.n25.n37            0                       (Unspecified)
system.ruby.network.data_traffic_distribution.n25.n38            0                       (Unspecified)
system.ruby.network.data_traffic_distribution.n25.n39            0                       (Unspecified)
system.ruby.network.data_traffic_distribution.n25.n4            0                       (Unspecified)
system.ruby.network.data_traffic_distribution.n25.n40            0                       (Unspecified)
system.ruby.network.data_traffic_distribution.n25.n41            0                       (Unspecified)
system.ruby.network.data_traffic_distribution.n25.n42            0                       (Unspecified)
system.ruby.network.data_traffic_distribution.n25.n43            0                       (Unspecified)
system.ruby.network.data_traffic_distribution.n25.n44            0                       (Unspecified)
system.ruby.network.data_traffic_distribution.n25.n45            0                       (Unspecified)
system.ruby.network.data_traffic_distribution.n25.n46            0                       (Unspecified)
system.ruby.network.data_traffic_distribution.n25.n47            0                       (Unspecified)
system.ruby.network.data_traffic_distribution.n25.n48            0                       (Unspecified)
system.ruby.network.data_traffic_distribution.n25.n49            0                       (Unspecified)
system.ruby.network.data_traffic_distribution.n25.n5            0                       (Unspecified)
system.ruby.network.data_traffic_distribution.n25.n50            0                       (Unspecified)
system.ruby.network.data_traffic_distribution.n25.n51            0                       (Unspecified)
system.ruby.network.data_traffic_distribution.n25.n52            0                       (Unspecified)
system.ruby.network.data_traffic_distribution.n25.n53            0                       (Unspecified)
system.ruby.network.data_traffic_distribution.n25.n54            0                       (Unspecified)
system.ruby.network.data_traffic_distribution.n25.n55            0                       (Unspecified)
system.ruby.network.data_traffic_distribution.n25.n56            0                       (Unspecified)
system.ruby.network.data_traffic_distribution.n25.n57            0                       (Unspecified)
system.ruby.network.data_traffic_distribution.n25.n58            0                       (Unspecified)
system.ruby.network.data_traffic_distribution.n25.n59            0                       (Unspecified)
system.ruby.network.data_traffic_distribution.n25.n6            0                       (Unspecified)
system.ruby.network.data_traffic_distribution.n25.n60            0                       (Unspecified)
system.ruby.network.data_traffic_distribution.n25.n61            0                       (Unspecified)
system.ruby.network.data_traffic_distribution.n25.n62            0                       (Unspecified)
system.ruby.network.data_traffic_distribution.n25.n63            0                       (Unspecified)
system.ruby.network.data_traffic_distribution.n25.n7            0                       (Unspecified)
system.ruby.network.data_traffic_distribution.n25.n8            0                       (Unspecified)
system.ruby.network.data_traffic_distribution.n25.n9            0                       (Unspecified)
system.ruby.network.data_traffic_distribution.n26.n0            0                       (Unspecified)
system.ruby.network.data_traffic_distribution.n26.n1            0                       (Unspecified)
system.ruby.network.data_traffic_distribution.n26.n10            0                       (Unspecified)
system.ruby.network.data_traffic_distribution.n26.n11            0                       (Unspecified)
system.ruby.network.data_traffic_distribution.n26.n12            0                       (Unspecified)
system.ruby.network.data_traffic_distribution.n26.n13            0                       (Unspecified)
system.ruby.network.data_traffic_distribution.n26.n14            0                       (Unspecified)
system.ruby.network.data_traffic_distribution.n26.n15            0                       (Unspecified)
system.ruby.network.data_traffic_distribution.n26.n16            0                       (Unspecified)
system.ruby.network.data_traffic_distribution.n26.n17            0                       (Unspecified)
system.ruby.network.data_traffic_distribution.n26.n18            0                       (Unspecified)
system.ruby.network.data_traffic_distribution.n26.n19            0                       (Unspecified)
system.ruby.network.data_traffic_distribution.n26.n2            0                       (Unspecified)
system.ruby.network.data_traffic_distribution.n26.n20            0                       (Unspecified)
system.ruby.network.data_traffic_distribution.n26.n21            0                       (Unspecified)
system.ruby.network.data_traffic_distribution.n26.n22            0                       (Unspecified)
system.ruby.network.data_traffic_distribution.n26.n23            0                       (Unspecified)
system.ruby.network.data_traffic_distribution.n26.n24            0                       (Unspecified)
system.ruby.network.data_traffic_distribution.n26.n25            0                       (Unspecified)
system.ruby.network.data_traffic_distribution.n26.n26            0                       (Unspecified)
system.ruby.network.data_traffic_distribution.n26.n27            0                       (Unspecified)
system.ruby.network.data_traffic_distribution.n26.n28            0                       (Unspecified)
system.ruby.network.data_traffic_distribution.n26.n29            0                       (Unspecified)
system.ruby.network.data_traffic_distribution.n26.n3            0                       (Unspecified)
system.ruby.network.data_traffic_distribution.n26.n30            0                       (Unspecified)
system.ruby.network.data_traffic_distribution.n26.n31            0                       (Unspecified)
system.ruby.network.data_traffic_distribution.n26.n32            0                       (Unspecified)
system.ruby.network.data_traffic_distribution.n26.n33            0                       (Unspecified)
system.ruby.network.data_traffic_distribution.n26.n34            0                       (Unspecified)
system.ruby.network.data_traffic_distribution.n26.n35            0                       (Unspecified)
system.ruby.network.data_traffic_distribution.n26.n36            0                       (Unspecified)
system.ruby.network.data_traffic_distribution.n26.n37            0                       (Unspecified)
system.ruby.network.data_traffic_distribution.n26.n38            0                       (Unspecified)
system.ruby.network.data_traffic_distribution.n26.n39            0                       (Unspecified)
system.ruby.network.data_traffic_distribution.n26.n4            0                       (Unspecified)
system.ruby.network.data_traffic_distribution.n26.n40            0                       (Unspecified)
system.ruby.network.data_traffic_distribution.n26.n41            0                       (Unspecified)
system.ruby.network.data_traffic_distribution.n26.n42            0                       (Unspecified)
system.ruby.network.data_traffic_distribution.n26.n43            0                       (Unspecified)
system.ruby.network.data_traffic_distribution.n26.n44            0                       (Unspecified)
system.ruby.network.data_traffic_distribution.n26.n45            0                       (Unspecified)
system.ruby.network.data_traffic_distribution.n26.n46            0                       (Unspecified)
system.ruby.network.data_traffic_distribution.n26.n47            0                       (Unspecified)
system.ruby.network.data_traffic_distribution.n26.n48            0                       (Unspecified)
system.ruby.network.data_traffic_distribution.n26.n49            0                       (Unspecified)
system.ruby.network.data_traffic_distribution.n26.n5            0                       (Unspecified)
system.ruby.network.data_traffic_distribution.n26.n50            0                       (Unspecified)
system.ruby.network.data_traffic_distribution.n26.n51            0                       (Unspecified)
system.ruby.network.data_traffic_distribution.n26.n52            0                       (Unspecified)
system.ruby.network.data_traffic_distribution.n26.n53            0                       (Unspecified)
system.ruby.network.data_traffic_distribution.n26.n54            0                       (Unspecified)
system.ruby.network.data_traffic_distribution.n26.n55            0                       (Unspecified)
system.ruby.network.data_traffic_distribution.n26.n56            0                       (Unspecified)
system.ruby.network.data_traffic_distribution.n26.n57            0                       (Unspecified)
system.ruby.network.data_traffic_distribution.n26.n58            0                       (Unspecified)
system.ruby.network.data_traffic_distribution.n26.n59            0                       (Unspecified)
system.ruby.network.data_traffic_distribution.n26.n6            0                       (Unspecified)
system.ruby.network.data_traffic_distribution.n26.n60            0                       (Unspecified)
system.ruby.network.data_traffic_distribution.n26.n61            0                       (Unspecified)
system.ruby.network.data_traffic_distribution.n26.n62            0                       (Unspecified)
system.ruby.network.data_traffic_distribution.n26.n63            0                       (Unspecified)
system.ruby.network.data_traffic_distribution.n26.n7            0                       (Unspecified)
system.ruby.network.data_traffic_distribution.n26.n8            0                       (Unspecified)
system.ruby.network.data_traffic_distribution.n26.n9            0                       (Unspecified)
system.ruby.network.data_traffic_distribution.n27.n0            0                       (Unspecified)
system.ruby.network.data_traffic_distribution.n27.n1            0                       (Unspecified)
system.ruby.network.data_traffic_distribution.n27.n10            0                       (Unspecified)
system.ruby.network.data_traffic_distribution.n27.n11            0                       (Unspecified)
system.ruby.network.data_traffic_distribution.n27.n12            0                       (Unspecified)
system.ruby.network.data_traffic_distribution.n27.n13            0                       (Unspecified)
system.ruby.network.data_traffic_distribution.n27.n14            0                       (Unspecified)
system.ruby.network.data_traffic_distribution.n27.n15            0                       (Unspecified)
system.ruby.network.data_traffic_distribution.n27.n16            0                       (Unspecified)
system.ruby.network.data_traffic_distribution.n27.n17            0                       (Unspecified)
system.ruby.network.data_traffic_distribution.n27.n18            0                       (Unspecified)
system.ruby.network.data_traffic_distribution.n27.n19            0                       (Unspecified)
system.ruby.network.data_traffic_distribution.n27.n2            0                       (Unspecified)
system.ruby.network.data_traffic_distribution.n27.n20            0                       (Unspecified)
system.ruby.network.data_traffic_distribution.n27.n21            0                       (Unspecified)
system.ruby.network.data_traffic_distribution.n27.n22            0                       (Unspecified)
system.ruby.network.data_traffic_distribution.n27.n23            0                       (Unspecified)
system.ruby.network.data_traffic_distribution.n27.n24            0                       (Unspecified)
system.ruby.network.data_traffic_distribution.n27.n25            0                       (Unspecified)
system.ruby.network.data_traffic_distribution.n27.n26            0                       (Unspecified)
system.ruby.network.data_traffic_distribution.n27.n27            0                       (Unspecified)
system.ruby.network.data_traffic_distribution.n27.n28            0                       (Unspecified)
system.ruby.network.data_traffic_distribution.n27.n29            0                       (Unspecified)
system.ruby.network.data_traffic_distribution.n27.n3            0                       (Unspecified)
system.ruby.network.data_traffic_distribution.n27.n30            0                       (Unspecified)
system.ruby.network.data_traffic_distribution.n27.n31            0                       (Unspecified)
system.ruby.network.data_traffic_distribution.n27.n32            0                       (Unspecified)
system.ruby.network.data_traffic_distribution.n27.n33            0                       (Unspecified)
system.ruby.network.data_traffic_distribution.n27.n34            0                       (Unspecified)
system.ruby.network.data_traffic_distribution.n27.n35            0                       (Unspecified)
system.ruby.network.data_traffic_distribution.n27.n36            0                       (Unspecified)
system.ruby.network.data_traffic_distribution.n27.n37            0                       (Unspecified)
system.ruby.network.data_traffic_distribution.n27.n38            0                       (Unspecified)
system.ruby.network.data_traffic_distribution.n27.n39            0                       (Unspecified)
system.ruby.network.data_traffic_distribution.n27.n4            0                       (Unspecified)
system.ruby.network.data_traffic_distribution.n27.n40            0                       (Unspecified)
system.ruby.network.data_traffic_distribution.n27.n41            0                       (Unspecified)
system.ruby.network.data_traffic_distribution.n27.n42            0                       (Unspecified)
system.ruby.network.data_traffic_distribution.n27.n43            0                       (Unspecified)
system.ruby.network.data_traffic_distribution.n27.n44            0                       (Unspecified)
system.ruby.network.data_traffic_distribution.n27.n45            0                       (Unspecified)
system.ruby.network.data_traffic_distribution.n27.n46            0                       (Unspecified)
system.ruby.network.data_traffic_distribution.n27.n47            0                       (Unspecified)
system.ruby.network.data_traffic_distribution.n27.n48            0                       (Unspecified)
system.ruby.network.data_traffic_distribution.n27.n49            0                       (Unspecified)
system.ruby.network.data_traffic_distribution.n27.n5            0                       (Unspecified)
system.ruby.network.data_traffic_distribution.n27.n50            0                       (Unspecified)
system.ruby.network.data_traffic_distribution.n27.n51            0                       (Unspecified)
system.ruby.network.data_traffic_distribution.n27.n52            0                       (Unspecified)
system.ruby.network.data_traffic_distribution.n27.n53            0                       (Unspecified)
system.ruby.network.data_traffic_distribution.n27.n54            0                       (Unspecified)
system.ruby.network.data_traffic_distribution.n27.n55            0                       (Unspecified)
system.ruby.network.data_traffic_distribution.n27.n56            0                       (Unspecified)
system.ruby.network.data_traffic_distribution.n27.n57            0                       (Unspecified)
system.ruby.network.data_traffic_distribution.n27.n58            0                       (Unspecified)
system.ruby.network.data_traffic_distribution.n27.n59            0                       (Unspecified)
system.ruby.network.data_traffic_distribution.n27.n6            0                       (Unspecified)
system.ruby.network.data_traffic_distribution.n27.n60            0                       (Unspecified)
system.ruby.network.data_traffic_distribution.n27.n61            0                       (Unspecified)
system.ruby.network.data_traffic_distribution.n27.n62            0                       (Unspecified)
system.ruby.network.data_traffic_distribution.n27.n63            0                       (Unspecified)
system.ruby.network.data_traffic_distribution.n27.n7            0                       (Unspecified)
system.ruby.network.data_traffic_distribution.n27.n8            0                       (Unspecified)
system.ruby.network.data_traffic_distribution.n27.n9            0                       (Unspecified)
system.ruby.network.data_traffic_distribution.n28.n0            0                       (Unspecified)
system.ruby.network.data_traffic_distribution.n28.n1            0                       (Unspecified)
system.ruby.network.data_traffic_distribution.n28.n10            0                       (Unspecified)
system.ruby.network.data_traffic_distribution.n28.n11            0                       (Unspecified)
system.ruby.network.data_traffic_distribution.n28.n12            0                       (Unspecified)
system.ruby.network.data_traffic_distribution.n28.n13            0                       (Unspecified)
system.ruby.network.data_traffic_distribution.n28.n14            0                       (Unspecified)
system.ruby.network.data_traffic_distribution.n28.n15            0                       (Unspecified)
system.ruby.network.data_traffic_distribution.n28.n16            0                       (Unspecified)
system.ruby.network.data_traffic_distribution.n28.n17            0                       (Unspecified)
system.ruby.network.data_traffic_distribution.n28.n18            0                       (Unspecified)
system.ruby.network.data_traffic_distribution.n28.n19            0                       (Unspecified)
system.ruby.network.data_traffic_distribution.n28.n2            0                       (Unspecified)
system.ruby.network.data_traffic_distribution.n28.n20            0                       (Unspecified)
system.ruby.network.data_traffic_distribution.n28.n21            0                       (Unspecified)
system.ruby.network.data_traffic_distribution.n28.n22            0                       (Unspecified)
system.ruby.network.data_traffic_distribution.n28.n23            0                       (Unspecified)
system.ruby.network.data_traffic_distribution.n28.n24            0                       (Unspecified)
system.ruby.network.data_traffic_distribution.n28.n25            0                       (Unspecified)
system.ruby.network.data_traffic_distribution.n28.n26            0                       (Unspecified)
system.ruby.network.data_traffic_distribution.n28.n27            0                       (Unspecified)
system.ruby.network.data_traffic_distribution.n28.n28            0                       (Unspecified)
system.ruby.network.data_traffic_distribution.n28.n29            0                       (Unspecified)
system.ruby.network.data_traffic_distribution.n28.n3            0                       (Unspecified)
system.ruby.network.data_traffic_distribution.n28.n30            0                       (Unspecified)
system.ruby.network.data_traffic_distribution.n28.n31            0                       (Unspecified)
system.ruby.network.data_traffic_distribution.n28.n32            0                       (Unspecified)
system.ruby.network.data_traffic_distribution.n28.n33            0                       (Unspecified)
system.ruby.network.data_traffic_distribution.n28.n34            0                       (Unspecified)
system.ruby.network.data_traffic_distribution.n28.n35            0                       (Unspecified)
system.ruby.network.data_traffic_distribution.n28.n36            0                       (Unspecified)
system.ruby.network.data_traffic_distribution.n28.n37            0                       (Unspecified)
system.ruby.network.data_traffic_distribution.n28.n38            0                       (Unspecified)
system.ruby.network.data_traffic_distribution.n28.n39            0                       (Unspecified)
system.ruby.network.data_traffic_distribution.n28.n4            0                       (Unspecified)
system.ruby.network.data_traffic_distribution.n28.n40            0                       (Unspecified)
system.ruby.network.data_traffic_distribution.n28.n41            0                       (Unspecified)
system.ruby.network.data_traffic_distribution.n28.n42            0                       (Unspecified)
system.ruby.network.data_traffic_distribution.n28.n43            0                       (Unspecified)
system.ruby.network.data_traffic_distribution.n28.n44            0                       (Unspecified)
system.ruby.network.data_traffic_distribution.n28.n45            0                       (Unspecified)
system.ruby.network.data_traffic_distribution.n28.n46            0                       (Unspecified)
system.ruby.network.data_traffic_distribution.n28.n47            0                       (Unspecified)
system.ruby.network.data_traffic_distribution.n28.n48            0                       (Unspecified)
system.ruby.network.data_traffic_distribution.n28.n49            0                       (Unspecified)
system.ruby.network.data_traffic_distribution.n28.n5            0                       (Unspecified)
system.ruby.network.data_traffic_distribution.n28.n50            0                       (Unspecified)
system.ruby.network.data_traffic_distribution.n28.n51            0                       (Unspecified)
system.ruby.network.data_traffic_distribution.n28.n52            0                       (Unspecified)
system.ruby.network.data_traffic_distribution.n28.n53            0                       (Unspecified)
system.ruby.network.data_traffic_distribution.n28.n54            0                       (Unspecified)
system.ruby.network.data_traffic_distribution.n28.n55            0                       (Unspecified)
system.ruby.network.data_traffic_distribution.n28.n56            0                       (Unspecified)
system.ruby.network.data_traffic_distribution.n28.n57            0                       (Unspecified)
system.ruby.network.data_traffic_distribution.n28.n58            0                       (Unspecified)
system.ruby.network.data_traffic_distribution.n28.n59            0                       (Unspecified)
system.ruby.network.data_traffic_distribution.n28.n6            0                       (Unspecified)
system.ruby.network.data_traffic_distribution.n28.n60            0                       (Unspecified)
system.ruby.network.data_traffic_distribution.n28.n61            0                       (Unspecified)
system.ruby.network.data_traffic_distribution.n28.n62            0                       (Unspecified)
system.ruby.network.data_traffic_distribution.n28.n63            0                       (Unspecified)
system.ruby.network.data_traffic_distribution.n28.n7            0                       (Unspecified)
system.ruby.network.data_traffic_distribution.n28.n8            0                       (Unspecified)
system.ruby.network.data_traffic_distribution.n28.n9            0                       (Unspecified)
system.ruby.network.data_traffic_distribution.n29.n0            0                       (Unspecified)
system.ruby.network.data_traffic_distribution.n29.n1            0                       (Unspecified)
system.ruby.network.data_traffic_distribution.n29.n10            0                       (Unspecified)
system.ruby.network.data_traffic_distribution.n29.n11            0                       (Unspecified)
system.ruby.network.data_traffic_distribution.n29.n12            0                       (Unspecified)
system.ruby.network.data_traffic_distribution.n29.n13            0                       (Unspecified)
system.ruby.network.data_traffic_distribution.n29.n14            0                       (Unspecified)
system.ruby.network.data_traffic_distribution.n29.n15            0                       (Unspecified)
system.ruby.network.data_traffic_distribution.n29.n16            0                       (Unspecified)
system.ruby.network.data_traffic_distribution.n29.n17            0                       (Unspecified)
system.ruby.network.data_traffic_distribution.n29.n18            0                       (Unspecified)
system.ruby.network.data_traffic_distribution.n29.n19            0                       (Unspecified)
system.ruby.network.data_traffic_distribution.n29.n2            0                       (Unspecified)
system.ruby.network.data_traffic_distribution.n29.n20            0                       (Unspecified)
system.ruby.network.data_traffic_distribution.n29.n21            0                       (Unspecified)
system.ruby.network.data_traffic_distribution.n29.n22            0                       (Unspecified)
system.ruby.network.data_traffic_distribution.n29.n23            0                       (Unspecified)
system.ruby.network.data_traffic_distribution.n29.n24            0                       (Unspecified)
system.ruby.network.data_traffic_distribution.n29.n25            0                       (Unspecified)
system.ruby.network.data_traffic_distribution.n29.n26            0                       (Unspecified)
system.ruby.network.data_traffic_distribution.n29.n27            0                       (Unspecified)
system.ruby.network.data_traffic_distribution.n29.n28            0                       (Unspecified)
system.ruby.network.data_traffic_distribution.n29.n29            0                       (Unspecified)
system.ruby.network.data_traffic_distribution.n29.n3            0                       (Unspecified)
system.ruby.network.data_traffic_distribution.n29.n30            0                       (Unspecified)
system.ruby.network.data_traffic_distribution.n29.n31            0                       (Unspecified)
system.ruby.network.data_traffic_distribution.n29.n32            0                       (Unspecified)
system.ruby.network.data_traffic_distribution.n29.n33            0                       (Unspecified)
system.ruby.network.data_traffic_distribution.n29.n34            0                       (Unspecified)
system.ruby.network.data_traffic_distribution.n29.n35            0                       (Unspecified)
system.ruby.network.data_traffic_distribution.n29.n36            0                       (Unspecified)
system.ruby.network.data_traffic_distribution.n29.n37            0                       (Unspecified)
system.ruby.network.data_traffic_distribution.n29.n38            0                       (Unspecified)
system.ruby.network.data_traffic_distribution.n29.n39            0                       (Unspecified)
system.ruby.network.data_traffic_distribution.n29.n4            0                       (Unspecified)
system.ruby.network.data_traffic_distribution.n29.n40            0                       (Unspecified)
system.ruby.network.data_traffic_distribution.n29.n41            0                       (Unspecified)
system.ruby.network.data_traffic_distribution.n29.n42            0                       (Unspecified)
system.ruby.network.data_traffic_distribution.n29.n43            0                       (Unspecified)
system.ruby.network.data_traffic_distribution.n29.n44            1                       (Unspecified)
system.ruby.network.data_traffic_distribution.n29.n45            0                       (Unspecified)
system.ruby.network.data_traffic_distribution.n29.n46            0                       (Unspecified)
system.ruby.network.data_traffic_distribution.n29.n47            0                       (Unspecified)
system.ruby.network.data_traffic_distribution.n29.n48            0                       (Unspecified)
system.ruby.network.data_traffic_distribution.n29.n49            0                       (Unspecified)
system.ruby.network.data_traffic_distribution.n29.n5            0                       (Unspecified)
system.ruby.network.data_traffic_distribution.n29.n50            0                       (Unspecified)
system.ruby.network.data_traffic_distribution.n29.n51            0                       (Unspecified)
system.ruby.network.data_traffic_distribution.n29.n52            0                       (Unspecified)
system.ruby.network.data_traffic_distribution.n29.n53            0                       (Unspecified)
system.ruby.network.data_traffic_distribution.n29.n54            0                       (Unspecified)
system.ruby.network.data_traffic_distribution.n29.n55            0                       (Unspecified)
system.ruby.network.data_traffic_distribution.n29.n56            0                       (Unspecified)
system.ruby.network.data_traffic_distribution.n29.n57            0                       (Unspecified)
system.ruby.network.data_traffic_distribution.n29.n58            0                       (Unspecified)
system.ruby.network.data_traffic_distribution.n29.n59            0                       (Unspecified)
system.ruby.network.data_traffic_distribution.n29.n6            0                       (Unspecified)
system.ruby.network.data_traffic_distribution.n29.n60            0                       (Unspecified)
system.ruby.network.data_traffic_distribution.n29.n61            0                       (Unspecified)
system.ruby.network.data_traffic_distribution.n29.n62            0                       (Unspecified)
system.ruby.network.data_traffic_distribution.n29.n63            0                       (Unspecified)
system.ruby.network.data_traffic_distribution.n29.n7            0                       (Unspecified)
system.ruby.network.data_traffic_distribution.n29.n8            0                       (Unspecified)
system.ruby.network.data_traffic_distribution.n29.n9            0                       (Unspecified)
system.ruby.network.data_traffic_distribution.n3.n0            0                       (Unspecified)
system.ruby.network.data_traffic_distribution.n3.n1            0                       (Unspecified)
system.ruby.network.data_traffic_distribution.n3.n10            0                       (Unspecified)
system.ruby.network.data_traffic_distribution.n3.n11            0                       (Unspecified)
system.ruby.network.data_traffic_distribution.n3.n12            0                       (Unspecified)
system.ruby.network.data_traffic_distribution.n3.n13            0                       (Unspecified)
system.ruby.network.data_traffic_distribution.n3.n14            0                       (Unspecified)
system.ruby.network.data_traffic_distribution.n3.n15            0                       (Unspecified)
system.ruby.network.data_traffic_distribution.n3.n16            0                       (Unspecified)
system.ruby.network.data_traffic_distribution.n3.n17            0                       (Unspecified)
system.ruby.network.data_traffic_distribution.n3.n18            0                       (Unspecified)
system.ruby.network.data_traffic_distribution.n3.n19            0                       (Unspecified)
system.ruby.network.data_traffic_distribution.n3.n2            0                       (Unspecified)
system.ruby.network.data_traffic_distribution.n3.n20            0                       (Unspecified)
system.ruby.network.data_traffic_distribution.n3.n21            0                       (Unspecified)
system.ruby.network.data_traffic_distribution.n3.n22            0                       (Unspecified)
system.ruby.network.data_traffic_distribution.n3.n23            0                       (Unspecified)
system.ruby.network.data_traffic_distribution.n3.n24            0                       (Unspecified)
system.ruby.network.data_traffic_distribution.n3.n25            0                       (Unspecified)
system.ruby.network.data_traffic_distribution.n3.n26            0                       (Unspecified)
system.ruby.network.data_traffic_distribution.n3.n27            0                       (Unspecified)
system.ruby.network.data_traffic_distribution.n3.n28            0                       (Unspecified)
system.ruby.network.data_traffic_distribution.n3.n29            0                       (Unspecified)
system.ruby.network.data_traffic_distribution.n3.n3            0                       (Unspecified)
system.ruby.network.data_traffic_distribution.n3.n30            0                       (Unspecified)
system.ruby.network.data_traffic_distribution.n3.n31            0                       (Unspecified)
system.ruby.network.data_traffic_distribution.n3.n32            0                       (Unspecified)
system.ruby.network.data_traffic_distribution.n3.n33            0                       (Unspecified)
system.ruby.network.data_traffic_distribution.n3.n34            0                       (Unspecified)
system.ruby.network.data_traffic_distribution.n3.n35            0                       (Unspecified)
system.ruby.network.data_traffic_distribution.n3.n36            0                       (Unspecified)
system.ruby.network.data_traffic_distribution.n3.n37            0                       (Unspecified)
system.ruby.network.data_traffic_distribution.n3.n38            0                       (Unspecified)
system.ruby.network.data_traffic_distribution.n3.n39            0                       (Unspecified)
system.ruby.network.data_traffic_distribution.n3.n4            0                       (Unspecified)
system.ruby.network.data_traffic_distribution.n3.n40            0                       (Unspecified)
system.ruby.network.data_traffic_distribution.n3.n41            0                       (Unspecified)
system.ruby.network.data_traffic_distribution.n3.n42            0                       (Unspecified)
system.ruby.network.data_traffic_distribution.n3.n43            0                       (Unspecified)
system.ruby.network.data_traffic_distribution.n3.n44            0                       (Unspecified)
system.ruby.network.data_traffic_distribution.n3.n45            0                       (Unspecified)
system.ruby.network.data_traffic_distribution.n3.n46            0                       (Unspecified)
system.ruby.network.data_traffic_distribution.n3.n47            0                       (Unspecified)
system.ruby.network.data_traffic_distribution.n3.n48            0                       (Unspecified)
system.ruby.network.data_traffic_distribution.n3.n49            0                       (Unspecified)
system.ruby.network.data_traffic_distribution.n3.n5            0                       (Unspecified)
system.ruby.network.data_traffic_distribution.n3.n50            0                       (Unspecified)
system.ruby.network.data_traffic_distribution.n3.n51            0                       (Unspecified)
system.ruby.network.data_traffic_distribution.n3.n52            0                       (Unspecified)
system.ruby.network.data_traffic_distribution.n3.n53            0                       (Unspecified)
system.ruby.network.data_traffic_distribution.n3.n54            0                       (Unspecified)
system.ruby.network.data_traffic_distribution.n3.n55            0                       (Unspecified)
system.ruby.network.data_traffic_distribution.n3.n56            0                       (Unspecified)
system.ruby.network.data_traffic_distribution.n3.n57            0                       (Unspecified)
system.ruby.network.data_traffic_distribution.n3.n58            0                       (Unspecified)
system.ruby.network.data_traffic_distribution.n3.n59            1                       (Unspecified)
system.ruby.network.data_traffic_distribution.n3.n6            0                       (Unspecified)
system.ruby.network.data_traffic_distribution.n3.n60            0                       (Unspecified)
system.ruby.network.data_traffic_distribution.n3.n61            0                       (Unspecified)
system.ruby.network.data_traffic_distribution.n3.n62            0                       (Unspecified)
system.ruby.network.data_traffic_distribution.n3.n63            0                       (Unspecified)
system.ruby.network.data_traffic_distribution.n3.n7            0                       (Unspecified)
system.ruby.network.data_traffic_distribution.n3.n8            0                       (Unspecified)
system.ruby.network.data_traffic_distribution.n3.n9            0                       (Unspecified)
system.ruby.network.data_traffic_distribution.n30.n0            0                       (Unspecified)
system.ruby.network.data_traffic_distribution.n30.n1            0                       (Unspecified)
system.ruby.network.data_traffic_distribution.n30.n10            0                       (Unspecified)
system.ruby.network.data_traffic_distribution.n30.n11            0                       (Unspecified)
system.ruby.network.data_traffic_distribution.n30.n12            0                       (Unspecified)
system.ruby.network.data_traffic_distribution.n30.n13            0                       (Unspecified)
system.ruby.network.data_traffic_distribution.n30.n14            0                       (Unspecified)
system.ruby.network.data_traffic_distribution.n30.n15            0                       (Unspecified)
system.ruby.network.data_traffic_distribution.n30.n16            0                       (Unspecified)
system.ruby.network.data_traffic_distribution.n30.n17            0                       (Unspecified)
system.ruby.network.data_traffic_distribution.n30.n18            0                       (Unspecified)
system.ruby.network.data_traffic_distribution.n30.n19            0                       (Unspecified)
system.ruby.network.data_traffic_distribution.n30.n2            0                       (Unspecified)
system.ruby.network.data_traffic_distribution.n30.n20            0                       (Unspecified)
system.ruby.network.data_traffic_distribution.n30.n21            0                       (Unspecified)
system.ruby.network.data_traffic_distribution.n30.n22            0                       (Unspecified)
system.ruby.network.data_traffic_distribution.n30.n23            0                       (Unspecified)
system.ruby.network.data_traffic_distribution.n30.n24            0                       (Unspecified)
system.ruby.network.data_traffic_distribution.n30.n25            0                       (Unspecified)
system.ruby.network.data_traffic_distribution.n30.n26            0                       (Unspecified)
system.ruby.network.data_traffic_distribution.n30.n27            0                       (Unspecified)
system.ruby.network.data_traffic_distribution.n30.n28            0                       (Unspecified)
system.ruby.network.data_traffic_distribution.n30.n29            0                       (Unspecified)
system.ruby.network.data_traffic_distribution.n30.n3            0                       (Unspecified)
system.ruby.network.data_traffic_distribution.n30.n30            0                       (Unspecified)
system.ruby.network.data_traffic_distribution.n30.n31            0                       (Unspecified)
system.ruby.network.data_traffic_distribution.n30.n32            0                       (Unspecified)
system.ruby.network.data_traffic_distribution.n30.n33            0                       (Unspecified)
system.ruby.network.data_traffic_distribution.n30.n34            0                       (Unspecified)
system.ruby.network.data_traffic_distribution.n30.n35            0                       (Unspecified)
system.ruby.network.data_traffic_distribution.n30.n36            0                       (Unspecified)
system.ruby.network.data_traffic_distribution.n30.n37            0                       (Unspecified)
system.ruby.network.data_traffic_distribution.n30.n38            0                       (Unspecified)
system.ruby.network.data_traffic_distribution.n30.n39            0                       (Unspecified)
system.ruby.network.data_traffic_distribution.n30.n4            0                       (Unspecified)
system.ruby.network.data_traffic_distribution.n30.n40            0                       (Unspecified)
system.ruby.network.data_traffic_distribution.n30.n41            0                       (Unspecified)
system.ruby.network.data_traffic_distribution.n30.n42            0                       (Unspecified)
system.ruby.network.data_traffic_distribution.n30.n43            0                       (Unspecified)
system.ruby.network.data_traffic_distribution.n30.n44            0                       (Unspecified)
system.ruby.network.data_traffic_distribution.n30.n45            0                       (Unspecified)
system.ruby.network.data_traffic_distribution.n30.n46            0                       (Unspecified)
system.ruby.network.data_traffic_distribution.n30.n47            0                       (Unspecified)
system.ruby.network.data_traffic_distribution.n30.n48            0                       (Unspecified)
system.ruby.network.data_traffic_distribution.n30.n49            0                       (Unspecified)
system.ruby.network.data_traffic_distribution.n30.n5            0                       (Unspecified)
system.ruby.network.data_traffic_distribution.n30.n50            0                       (Unspecified)
system.ruby.network.data_traffic_distribution.n30.n51            0                       (Unspecified)
system.ruby.network.data_traffic_distribution.n30.n52            0                       (Unspecified)
system.ruby.network.data_traffic_distribution.n30.n53            0                       (Unspecified)
system.ruby.network.data_traffic_distribution.n30.n54            0                       (Unspecified)
system.ruby.network.data_traffic_distribution.n30.n55            0                       (Unspecified)
system.ruby.network.data_traffic_distribution.n30.n56            0                       (Unspecified)
system.ruby.network.data_traffic_distribution.n30.n57            0                       (Unspecified)
system.ruby.network.data_traffic_distribution.n30.n58            0                       (Unspecified)
system.ruby.network.data_traffic_distribution.n30.n59            0                       (Unspecified)
system.ruby.network.data_traffic_distribution.n30.n6            0                       (Unspecified)
system.ruby.network.data_traffic_distribution.n30.n60            0                       (Unspecified)
system.ruby.network.data_traffic_distribution.n30.n61            0                       (Unspecified)
system.ruby.network.data_traffic_distribution.n30.n62            0                       (Unspecified)
system.ruby.network.data_traffic_distribution.n30.n63            0                       (Unspecified)
system.ruby.network.data_traffic_distribution.n30.n7            0                       (Unspecified)
system.ruby.network.data_traffic_distribution.n30.n8            0                       (Unspecified)
system.ruby.network.data_traffic_distribution.n30.n9            0                       (Unspecified)
system.ruby.network.data_traffic_distribution.n31.n0            0                       (Unspecified)
system.ruby.network.data_traffic_distribution.n31.n1            0                       (Unspecified)
system.ruby.network.data_traffic_distribution.n31.n10            0                       (Unspecified)
system.ruby.network.data_traffic_distribution.n31.n11            0                       (Unspecified)
system.ruby.network.data_traffic_distribution.n31.n12            0                       (Unspecified)
system.ruby.network.data_traffic_distribution.n31.n13            0                       (Unspecified)
system.ruby.network.data_traffic_distribution.n31.n14            0                       (Unspecified)
system.ruby.network.data_traffic_distribution.n31.n15            0                       (Unspecified)
system.ruby.network.data_traffic_distribution.n31.n16            0                       (Unspecified)
system.ruby.network.data_traffic_distribution.n31.n17            0                       (Unspecified)
system.ruby.network.data_traffic_distribution.n31.n18            0                       (Unspecified)
system.ruby.network.data_traffic_distribution.n31.n19            0                       (Unspecified)
system.ruby.network.data_traffic_distribution.n31.n2            0                       (Unspecified)
system.ruby.network.data_traffic_distribution.n31.n20            0                       (Unspecified)
system.ruby.network.data_traffic_distribution.n31.n21            0                       (Unspecified)
system.ruby.network.data_traffic_distribution.n31.n22            0                       (Unspecified)
system.ruby.network.data_traffic_distribution.n31.n23            0                       (Unspecified)
system.ruby.network.data_traffic_distribution.n31.n24            0                       (Unspecified)
system.ruby.network.data_traffic_distribution.n31.n25            0                       (Unspecified)
system.ruby.network.data_traffic_distribution.n31.n26            0                       (Unspecified)
system.ruby.network.data_traffic_distribution.n31.n27            0                       (Unspecified)
system.ruby.network.data_traffic_distribution.n31.n28            0                       (Unspecified)
system.ruby.network.data_traffic_distribution.n31.n29            0                       (Unspecified)
system.ruby.network.data_traffic_distribution.n31.n3            0                       (Unspecified)
system.ruby.network.data_traffic_distribution.n31.n30            0                       (Unspecified)
system.ruby.network.data_traffic_distribution.n31.n31            0                       (Unspecified)
system.ruby.network.data_traffic_distribution.n31.n32            0                       (Unspecified)
system.ruby.network.data_traffic_distribution.n31.n33            0                       (Unspecified)
system.ruby.network.data_traffic_distribution.n31.n34            0                       (Unspecified)
system.ruby.network.data_traffic_distribution.n31.n35            0                       (Unspecified)
system.ruby.network.data_traffic_distribution.n31.n36            0                       (Unspecified)
system.ruby.network.data_traffic_distribution.n31.n37            0                       (Unspecified)
system.ruby.network.data_traffic_distribution.n31.n38            0                       (Unspecified)
system.ruby.network.data_traffic_distribution.n31.n39            0                       (Unspecified)
system.ruby.network.data_traffic_distribution.n31.n4            0                       (Unspecified)
system.ruby.network.data_traffic_distribution.n31.n40            0                       (Unspecified)
system.ruby.network.data_traffic_distribution.n31.n41            0                       (Unspecified)
system.ruby.network.data_traffic_distribution.n31.n42            0                       (Unspecified)
system.ruby.network.data_traffic_distribution.n31.n43            0                       (Unspecified)
system.ruby.network.data_traffic_distribution.n31.n44            0                       (Unspecified)
system.ruby.network.data_traffic_distribution.n31.n45            0                       (Unspecified)
system.ruby.network.data_traffic_distribution.n31.n46            0                       (Unspecified)
system.ruby.network.data_traffic_distribution.n31.n47            0                       (Unspecified)
system.ruby.network.data_traffic_distribution.n31.n48            0                       (Unspecified)
system.ruby.network.data_traffic_distribution.n31.n49            0                       (Unspecified)
system.ruby.network.data_traffic_distribution.n31.n5            0                       (Unspecified)
system.ruby.network.data_traffic_distribution.n31.n50            0                       (Unspecified)
system.ruby.network.data_traffic_distribution.n31.n51            0                       (Unspecified)
system.ruby.network.data_traffic_distribution.n31.n52            0                       (Unspecified)
system.ruby.network.data_traffic_distribution.n31.n53            0                       (Unspecified)
system.ruby.network.data_traffic_distribution.n31.n54            0                       (Unspecified)
system.ruby.network.data_traffic_distribution.n31.n55            0                       (Unspecified)
system.ruby.network.data_traffic_distribution.n31.n56            0                       (Unspecified)
system.ruby.network.data_traffic_distribution.n31.n57            0                       (Unspecified)
system.ruby.network.data_traffic_distribution.n31.n58            0                       (Unspecified)
system.ruby.network.data_traffic_distribution.n31.n59            0                       (Unspecified)
system.ruby.network.data_traffic_distribution.n31.n6            0                       (Unspecified)
system.ruby.network.data_traffic_distribution.n31.n60            0                       (Unspecified)
system.ruby.network.data_traffic_distribution.n31.n61            0                       (Unspecified)
system.ruby.network.data_traffic_distribution.n31.n62            0                       (Unspecified)
system.ruby.network.data_traffic_distribution.n31.n63            0                       (Unspecified)
system.ruby.network.data_traffic_distribution.n31.n7            0                       (Unspecified)
system.ruby.network.data_traffic_distribution.n31.n8            0                       (Unspecified)
system.ruby.network.data_traffic_distribution.n31.n9            0                       (Unspecified)
system.ruby.network.data_traffic_distribution.n32.n0            0                       (Unspecified)
system.ruby.network.data_traffic_distribution.n32.n1            0                       (Unspecified)
system.ruby.network.data_traffic_distribution.n32.n10            0                       (Unspecified)
system.ruby.network.data_traffic_distribution.n32.n11            0                       (Unspecified)
system.ruby.network.data_traffic_distribution.n32.n12            0                       (Unspecified)
system.ruby.network.data_traffic_distribution.n32.n13            0                       (Unspecified)
system.ruby.network.data_traffic_distribution.n32.n14            0                       (Unspecified)
system.ruby.network.data_traffic_distribution.n32.n15            0                       (Unspecified)
system.ruby.network.data_traffic_distribution.n32.n16            0                       (Unspecified)
system.ruby.network.data_traffic_distribution.n32.n17            0                       (Unspecified)
system.ruby.network.data_traffic_distribution.n32.n18            0                       (Unspecified)
system.ruby.network.data_traffic_distribution.n32.n19            0                       (Unspecified)
system.ruby.network.data_traffic_distribution.n32.n2            0                       (Unspecified)
system.ruby.network.data_traffic_distribution.n32.n20            0                       (Unspecified)
system.ruby.network.data_traffic_distribution.n32.n21            0                       (Unspecified)
system.ruby.network.data_traffic_distribution.n32.n22            0                       (Unspecified)
system.ruby.network.data_traffic_distribution.n32.n23            0                       (Unspecified)
system.ruby.network.data_traffic_distribution.n32.n24            0                       (Unspecified)
system.ruby.network.data_traffic_distribution.n32.n25            0                       (Unspecified)
system.ruby.network.data_traffic_distribution.n32.n26            0                       (Unspecified)
system.ruby.network.data_traffic_distribution.n32.n27            0                       (Unspecified)
system.ruby.network.data_traffic_distribution.n32.n28            0                       (Unspecified)
system.ruby.network.data_traffic_distribution.n32.n29            0                       (Unspecified)
system.ruby.network.data_traffic_distribution.n32.n3            0                       (Unspecified)
system.ruby.network.data_traffic_distribution.n32.n30            0                       (Unspecified)
system.ruby.network.data_traffic_distribution.n32.n31            0                       (Unspecified)
system.ruby.network.data_traffic_distribution.n32.n32            0                       (Unspecified)
system.ruby.network.data_traffic_distribution.n32.n33            0                       (Unspecified)
system.ruby.network.data_traffic_distribution.n32.n34            0                       (Unspecified)
system.ruby.network.data_traffic_distribution.n32.n35            0                       (Unspecified)
system.ruby.network.data_traffic_distribution.n32.n36            0                       (Unspecified)
system.ruby.network.data_traffic_distribution.n32.n37            0                       (Unspecified)
system.ruby.network.data_traffic_distribution.n32.n38            0                       (Unspecified)
system.ruby.network.data_traffic_distribution.n32.n39            0                       (Unspecified)
system.ruby.network.data_traffic_distribution.n32.n4            0                       (Unspecified)
system.ruby.network.data_traffic_distribution.n32.n40            0                       (Unspecified)
system.ruby.network.data_traffic_distribution.n32.n41            0                       (Unspecified)
system.ruby.network.data_traffic_distribution.n32.n42            0                       (Unspecified)
system.ruby.network.data_traffic_distribution.n32.n43            0                       (Unspecified)
system.ruby.network.data_traffic_distribution.n32.n44            0                       (Unspecified)
system.ruby.network.data_traffic_distribution.n32.n45            0                       (Unspecified)
system.ruby.network.data_traffic_distribution.n32.n46            0                       (Unspecified)
system.ruby.network.data_traffic_distribution.n32.n47            0                       (Unspecified)
system.ruby.network.data_traffic_distribution.n32.n48            0                       (Unspecified)
system.ruby.network.data_traffic_distribution.n32.n49            0                       (Unspecified)
system.ruby.network.data_traffic_distribution.n32.n5            0                       (Unspecified)
system.ruby.network.data_traffic_distribution.n32.n50            0                       (Unspecified)
system.ruby.network.data_traffic_distribution.n32.n51            0                       (Unspecified)
system.ruby.network.data_traffic_distribution.n32.n52            0                       (Unspecified)
system.ruby.network.data_traffic_distribution.n32.n53            0                       (Unspecified)
system.ruby.network.data_traffic_distribution.n32.n54            0                       (Unspecified)
system.ruby.network.data_traffic_distribution.n32.n55            0                       (Unspecified)
system.ruby.network.data_traffic_distribution.n32.n56            0                       (Unspecified)
system.ruby.network.data_traffic_distribution.n32.n57            0                       (Unspecified)
system.ruby.network.data_traffic_distribution.n32.n58            0                       (Unspecified)
system.ruby.network.data_traffic_distribution.n32.n59            0                       (Unspecified)
system.ruby.network.data_traffic_distribution.n32.n6            0                       (Unspecified)
system.ruby.network.data_traffic_distribution.n32.n60            0                       (Unspecified)
system.ruby.network.data_traffic_distribution.n32.n61            0                       (Unspecified)
system.ruby.network.data_traffic_distribution.n32.n62            0                       (Unspecified)
system.ruby.network.data_traffic_distribution.n32.n63            0                       (Unspecified)
system.ruby.network.data_traffic_distribution.n32.n7            0                       (Unspecified)
system.ruby.network.data_traffic_distribution.n32.n8            0                       (Unspecified)
system.ruby.network.data_traffic_distribution.n32.n9            0                       (Unspecified)
system.ruby.network.data_traffic_distribution.n33.n0            0                       (Unspecified)
system.ruby.network.data_traffic_distribution.n33.n1            0                       (Unspecified)
system.ruby.network.data_traffic_distribution.n33.n10            0                       (Unspecified)
system.ruby.network.data_traffic_distribution.n33.n11            0                       (Unspecified)
system.ruby.network.data_traffic_distribution.n33.n12            0                       (Unspecified)
system.ruby.network.data_traffic_distribution.n33.n13            0                       (Unspecified)
system.ruby.network.data_traffic_distribution.n33.n14            0                       (Unspecified)
system.ruby.network.data_traffic_distribution.n33.n15            0                       (Unspecified)
system.ruby.network.data_traffic_distribution.n33.n16            0                       (Unspecified)
system.ruby.network.data_traffic_distribution.n33.n17            0                       (Unspecified)
system.ruby.network.data_traffic_distribution.n33.n18            0                       (Unspecified)
system.ruby.network.data_traffic_distribution.n33.n19            0                       (Unspecified)
system.ruby.network.data_traffic_distribution.n33.n2            0                       (Unspecified)
system.ruby.network.data_traffic_distribution.n33.n20            1                       (Unspecified)
system.ruby.network.data_traffic_distribution.n33.n21            0                       (Unspecified)
system.ruby.network.data_traffic_distribution.n33.n22            0                       (Unspecified)
system.ruby.network.data_traffic_distribution.n33.n23            0                       (Unspecified)
system.ruby.network.data_traffic_distribution.n33.n24            0                       (Unspecified)
system.ruby.network.data_traffic_distribution.n33.n25            0                       (Unspecified)
system.ruby.network.data_traffic_distribution.n33.n26            0                       (Unspecified)
system.ruby.network.data_traffic_distribution.n33.n27            0                       (Unspecified)
system.ruby.network.data_traffic_distribution.n33.n28            0                       (Unspecified)
system.ruby.network.data_traffic_distribution.n33.n29            0                       (Unspecified)
system.ruby.network.data_traffic_distribution.n33.n3            0                       (Unspecified)
system.ruby.network.data_traffic_distribution.n33.n30            0                       (Unspecified)
system.ruby.network.data_traffic_distribution.n33.n31            0                       (Unspecified)
system.ruby.network.data_traffic_distribution.n33.n32            0                       (Unspecified)
system.ruby.network.data_traffic_distribution.n33.n33            0                       (Unspecified)
system.ruby.network.data_traffic_distribution.n33.n34            0                       (Unspecified)
system.ruby.network.data_traffic_distribution.n33.n35            0                       (Unspecified)
system.ruby.network.data_traffic_distribution.n33.n36            0                       (Unspecified)
system.ruby.network.data_traffic_distribution.n33.n37            0                       (Unspecified)
system.ruby.network.data_traffic_distribution.n33.n38            0                       (Unspecified)
system.ruby.network.data_traffic_distribution.n33.n39            0                       (Unspecified)
system.ruby.network.data_traffic_distribution.n33.n4            0                       (Unspecified)
system.ruby.network.data_traffic_distribution.n33.n40            0                       (Unspecified)
system.ruby.network.data_traffic_distribution.n33.n41            0                       (Unspecified)
system.ruby.network.data_traffic_distribution.n33.n42            0                       (Unspecified)
system.ruby.network.data_traffic_distribution.n33.n43            0                       (Unspecified)
system.ruby.network.data_traffic_distribution.n33.n44            0                       (Unspecified)
system.ruby.network.data_traffic_distribution.n33.n45            0                       (Unspecified)
system.ruby.network.data_traffic_distribution.n33.n46            0                       (Unspecified)
system.ruby.network.data_traffic_distribution.n33.n47            0                       (Unspecified)
system.ruby.network.data_traffic_distribution.n33.n48            0                       (Unspecified)
system.ruby.network.data_traffic_distribution.n33.n49            0                       (Unspecified)
system.ruby.network.data_traffic_distribution.n33.n5            0                       (Unspecified)
system.ruby.network.data_traffic_distribution.n33.n50            0                       (Unspecified)
system.ruby.network.data_traffic_distribution.n33.n51            0                       (Unspecified)
system.ruby.network.data_traffic_distribution.n33.n52            0                       (Unspecified)
system.ruby.network.data_traffic_distribution.n33.n53            0                       (Unspecified)
system.ruby.network.data_traffic_distribution.n33.n54            0                       (Unspecified)
system.ruby.network.data_traffic_distribution.n33.n55            0                       (Unspecified)
system.ruby.network.data_traffic_distribution.n33.n56            0                       (Unspecified)
system.ruby.network.data_traffic_distribution.n33.n57            0                       (Unspecified)
system.ruby.network.data_traffic_distribution.n33.n58            0                       (Unspecified)
system.ruby.network.data_traffic_distribution.n33.n59            0                       (Unspecified)
system.ruby.network.data_traffic_distribution.n33.n6            0                       (Unspecified)
system.ruby.network.data_traffic_distribution.n33.n60            0                       (Unspecified)
system.ruby.network.data_traffic_distribution.n33.n61            0                       (Unspecified)
system.ruby.network.data_traffic_distribution.n33.n62            0                       (Unspecified)
system.ruby.network.data_traffic_distribution.n33.n63            0                       (Unspecified)
system.ruby.network.data_traffic_distribution.n33.n7            0                       (Unspecified)
system.ruby.network.data_traffic_distribution.n33.n8            0                       (Unspecified)
system.ruby.network.data_traffic_distribution.n33.n9            0                       (Unspecified)
system.ruby.network.data_traffic_distribution.n34.n0            0                       (Unspecified)
system.ruby.network.data_traffic_distribution.n34.n1            0                       (Unspecified)
system.ruby.network.data_traffic_distribution.n34.n10            0                       (Unspecified)
system.ruby.network.data_traffic_distribution.n34.n11            0                       (Unspecified)
system.ruby.network.data_traffic_distribution.n34.n12            0                       (Unspecified)
system.ruby.network.data_traffic_distribution.n34.n13            0                       (Unspecified)
system.ruby.network.data_traffic_distribution.n34.n14            0                       (Unspecified)
system.ruby.network.data_traffic_distribution.n34.n15            0                       (Unspecified)
system.ruby.network.data_traffic_distribution.n34.n16            0                       (Unspecified)
system.ruby.network.data_traffic_distribution.n34.n17            0                       (Unspecified)
system.ruby.network.data_traffic_distribution.n34.n18            0                       (Unspecified)
system.ruby.network.data_traffic_distribution.n34.n19            0                       (Unspecified)
system.ruby.network.data_traffic_distribution.n34.n2            0                       (Unspecified)
system.ruby.network.data_traffic_distribution.n34.n20            0                       (Unspecified)
system.ruby.network.data_traffic_distribution.n34.n21            0                       (Unspecified)
system.ruby.network.data_traffic_distribution.n34.n22            0                       (Unspecified)
system.ruby.network.data_traffic_distribution.n34.n23            0                       (Unspecified)
system.ruby.network.data_traffic_distribution.n34.n24            0                       (Unspecified)
system.ruby.network.data_traffic_distribution.n34.n25            0                       (Unspecified)
system.ruby.network.data_traffic_distribution.n34.n26            0                       (Unspecified)
system.ruby.network.data_traffic_distribution.n34.n27            0                       (Unspecified)
system.ruby.network.data_traffic_distribution.n34.n28            0                       (Unspecified)
system.ruby.network.data_traffic_distribution.n34.n29            0                       (Unspecified)
system.ruby.network.data_traffic_distribution.n34.n3            0                       (Unspecified)
system.ruby.network.data_traffic_distribution.n34.n30            0                       (Unspecified)
system.ruby.network.data_traffic_distribution.n34.n31            0                       (Unspecified)
system.ruby.network.data_traffic_distribution.n34.n32            0                       (Unspecified)
system.ruby.network.data_traffic_distribution.n34.n33            0                       (Unspecified)
system.ruby.network.data_traffic_distribution.n34.n34            0                       (Unspecified)
system.ruby.network.data_traffic_distribution.n34.n35            0                       (Unspecified)
system.ruby.network.data_traffic_distribution.n34.n36            0                       (Unspecified)
system.ruby.network.data_traffic_distribution.n34.n37            0                       (Unspecified)
system.ruby.network.data_traffic_distribution.n34.n38            0                       (Unspecified)
system.ruby.network.data_traffic_distribution.n34.n39            0                       (Unspecified)
system.ruby.network.data_traffic_distribution.n34.n4            0                       (Unspecified)
system.ruby.network.data_traffic_distribution.n34.n40            0                       (Unspecified)
system.ruby.network.data_traffic_distribution.n34.n41            0                       (Unspecified)
system.ruby.network.data_traffic_distribution.n34.n42            0                       (Unspecified)
system.ruby.network.data_traffic_distribution.n34.n43            0                       (Unspecified)
system.ruby.network.data_traffic_distribution.n34.n44            0                       (Unspecified)
system.ruby.network.data_traffic_distribution.n34.n45            0                       (Unspecified)
system.ruby.network.data_traffic_distribution.n34.n46            0                       (Unspecified)
system.ruby.network.data_traffic_distribution.n34.n47            0                       (Unspecified)
system.ruby.network.data_traffic_distribution.n34.n48            0                       (Unspecified)
system.ruby.network.data_traffic_distribution.n34.n49            0                       (Unspecified)
system.ruby.network.data_traffic_distribution.n34.n5            0                       (Unspecified)
system.ruby.network.data_traffic_distribution.n34.n50            0                       (Unspecified)
system.ruby.network.data_traffic_distribution.n34.n51            0                       (Unspecified)
system.ruby.network.data_traffic_distribution.n34.n52            0                       (Unspecified)
system.ruby.network.data_traffic_distribution.n34.n53            0                       (Unspecified)
system.ruby.network.data_traffic_distribution.n34.n54            0                       (Unspecified)
system.ruby.network.data_traffic_distribution.n34.n55            0                       (Unspecified)
system.ruby.network.data_traffic_distribution.n34.n56            0                       (Unspecified)
system.ruby.network.data_traffic_distribution.n34.n57            0                       (Unspecified)
system.ruby.network.data_traffic_distribution.n34.n58            0                       (Unspecified)
system.ruby.network.data_traffic_distribution.n34.n59            0                       (Unspecified)
system.ruby.network.data_traffic_distribution.n34.n6            0                       (Unspecified)
system.ruby.network.data_traffic_distribution.n34.n60            0                       (Unspecified)
system.ruby.network.data_traffic_distribution.n34.n61            0                       (Unspecified)
system.ruby.network.data_traffic_distribution.n34.n62            0                       (Unspecified)
system.ruby.network.data_traffic_distribution.n34.n63            0                       (Unspecified)
system.ruby.network.data_traffic_distribution.n34.n7            0                       (Unspecified)
system.ruby.network.data_traffic_distribution.n34.n8            0                       (Unspecified)
system.ruby.network.data_traffic_distribution.n34.n9            0                       (Unspecified)
system.ruby.network.data_traffic_distribution.n35.n0            0                       (Unspecified)
system.ruby.network.data_traffic_distribution.n35.n1            0                       (Unspecified)
system.ruby.network.data_traffic_distribution.n35.n10            0                       (Unspecified)
system.ruby.network.data_traffic_distribution.n35.n11            0                       (Unspecified)
system.ruby.network.data_traffic_distribution.n35.n12            0                       (Unspecified)
system.ruby.network.data_traffic_distribution.n35.n13            0                       (Unspecified)
system.ruby.network.data_traffic_distribution.n35.n14            0                       (Unspecified)
system.ruby.network.data_traffic_distribution.n35.n15            0                       (Unspecified)
system.ruby.network.data_traffic_distribution.n35.n16            0                       (Unspecified)
system.ruby.network.data_traffic_distribution.n35.n17            0                       (Unspecified)
system.ruby.network.data_traffic_distribution.n35.n18            0                       (Unspecified)
system.ruby.network.data_traffic_distribution.n35.n19            0                       (Unspecified)
system.ruby.network.data_traffic_distribution.n35.n2            0                       (Unspecified)
system.ruby.network.data_traffic_distribution.n35.n20            0                       (Unspecified)
system.ruby.network.data_traffic_distribution.n35.n21            0                       (Unspecified)
system.ruby.network.data_traffic_distribution.n35.n22            0                       (Unspecified)
system.ruby.network.data_traffic_distribution.n35.n23            0                       (Unspecified)
system.ruby.network.data_traffic_distribution.n35.n24            0                       (Unspecified)
system.ruby.network.data_traffic_distribution.n35.n25            0                       (Unspecified)
system.ruby.network.data_traffic_distribution.n35.n26            0                       (Unspecified)
system.ruby.network.data_traffic_distribution.n35.n27            0                       (Unspecified)
system.ruby.network.data_traffic_distribution.n35.n28            0                       (Unspecified)
system.ruby.network.data_traffic_distribution.n35.n29            0                       (Unspecified)
system.ruby.network.data_traffic_distribution.n35.n3            0                       (Unspecified)
system.ruby.network.data_traffic_distribution.n35.n30            0                       (Unspecified)
system.ruby.network.data_traffic_distribution.n35.n31            0                       (Unspecified)
system.ruby.network.data_traffic_distribution.n35.n32            0                       (Unspecified)
system.ruby.network.data_traffic_distribution.n35.n33            0                       (Unspecified)
system.ruby.network.data_traffic_distribution.n35.n34            0                       (Unspecified)
system.ruby.network.data_traffic_distribution.n35.n35            0                       (Unspecified)
system.ruby.network.data_traffic_distribution.n35.n36            0                       (Unspecified)
system.ruby.network.data_traffic_distribution.n35.n37            0                       (Unspecified)
system.ruby.network.data_traffic_distribution.n35.n38            0                       (Unspecified)
system.ruby.network.data_traffic_distribution.n35.n39            0                       (Unspecified)
system.ruby.network.data_traffic_distribution.n35.n4            0                       (Unspecified)
system.ruby.network.data_traffic_distribution.n35.n40            0                       (Unspecified)
system.ruby.network.data_traffic_distribution.n35.n41            0                       (Unspecified)
system.ruby.network.data_traffic_distribution.n35.n42            0                       (Unspecified)
system.ruby.network.data_traffic_distribution.n35.n43            0                       (Unspecified)
system.ruby.network.data_traffic_distribution.n35.n44            0                       (Unspecified)
system.ruby.network.data_traffic_distribution.n35.n45            0                       (Unspecified)
system.ruby.network.data_traffic_distribution.n35.n46            0                       (Unspecified)
system.ruby.network.data_traffic_distribution.n35.n47            0                       (Unspecified)
system.ruby.network.data_traffic_distribution.n35.n48            0                       (Unspecified)
system.ruby.network.data_traffic_distribution.n35.n49            0                       (Unspecified)
system.ruby.network.data_traffic_distribution.n35.n5            0                       (Unspecified)
system.ruby.network.data_traffic_distribution.n35.n50            0                       (Unspecified)
system.ruby.network.data_traffic_distribution.n35.n51            0                       (Unspecified)
system.ruby.network.data_traffic_distribution.n35.n52            0                       (Unspecified)
system.ruby.network.data_traffic_distribution.n35.n53            0                       (Unspecified)
system.ruby.network.data_traffic_distribution.n35.n54            0                       (Unspecified)
system.ruby.network.data_traffic_distribution.n35.n55            0                       (Unspecified)
system.ruby.network.data_traffic_distribution.n35.n56            0                       (Unspecified)
system.ruby.network.data_traffic_distribution.n35.n57            0                       (Unspecified)
system.ruby.network.data_traffic_distribution.n35.n58            0                       (Unspecified)
system.ruby.network.data_traffic_distribution.n35.n59            0                       (Unspecified)
system.ruby.network.data_traffic_distribution.n35.n6            0                       (Unspecified)
system.ruby.network.data_traffic_distribution.n35.n60            0                       (Unspecified)
system.ruby.network.data_traffic_distribution.n35.n61            0                       (Unspecified)
system.ruby.network.data_traffic_distribution.n35.n62            0                       (Unspecified)
system.ruby.network.data_traffic_distribution.n35.n63            0                       (Unspecified)
system.ruby.network.data_traffic_distribution.n35.n7            0                       (Unspecified)
system.ruby.network.data_traffic_distribution.n35.n8            0                       (Unspecified)
system.ruby.network.data_traffic_distribution.n35.n9            0                       (Unspecified)
system.ruby.network.data_traffic_distribution.n36.n0            0                       (Unspecified)
system.ruby.network.data_traffic_distribution.n36.n1            0                       (Unspecified)
system.ruby.network.data_traffic_distribution.n36.n10            0                       (Unspecified)
system.ruby.network.data_traffic_distribution.n36.n11            0                       (Unspecified)
system.ruby.network.data_traffic_distribution.n36.n12            0                       (Unspecified)
system.ruby.network.data_traffic_distribution.n36.n13            0                       (Unspecified)
system.ruby.network.data_traffic_distribution.n36.n14            0                       (Unspecified)
system.ruby.network.data_traffic_distribution.n36.n15            0                       (Unspecified)
system.ruby.network.data_traffic_distribution.n36.n16            0                       (Unspecified)
system.ruby.network.data_traffic_distribution.n36.n17            0                       (Unspecified)
system.ruby.network.data_traffic_distribution.n36.n18            0                       (Unspecified)
system.ruby.network.data_traffic_distribution.n36.n19            0                       (Unspecified)
system.ruby.network.data_traffic_distribution.n36.n2            0                       (Unspecified)
system.ruby.network.data_traffic_distribution.n36.n20            0                       (Unspecified)
system.ruby.network.data_traffic_distribution.n36.n21            0                       (Unspecified)
system.ruby.network.data_traffic_distribution.n36.n22            0                       (Unspecified)
system.ruby.network.data_traffic_distribution.n36.n23            0                       (Unspecified)
system.ruby.network.data_traffic_distribution.n36.n24            0                       (Unspecified)
system.ruby.network.data_traffic_distribution.n36.n25            0                       (Unspecified)
system.ruby.network.data_traffic_distribution.n36.n26            0                       (Unspecified)
system.ruby.network.data_traffic_distribution.n36.n27            0                       (Unspecified)
system.ruby.network.data_traffic_distribution.n36.n28            0                       (Unspecified)
system.ruby.network.data_traffic_distribution.n36.n29            0                       (Unspecified)
system.ruby.network.data_traffic_distribution.n36.n3            0                       (Unspecified)
system.ruby.network.data_traffic_distribution.n36.n30            0                       (Unspecified)
system.ruby.network.data_traffic_distribution.n36.n31            0                       (Unspecified)
system.ruby.network.data_traffic_distribution.n36.n32            0                       (Unspecified)
system.ruby.network.data_traffic_distribution.n36.n33            0                       (Unspecified)
system.ruby.network.data_traffic_distribution.n36.n34            0                       (Unspecified)
system.ruby.network.data_traffic_distribution.n36.n35            0                       (Unspecified)
system.ruby.network.data_traffic_distribution.n36.n36            0                       (Unspecified)
system.ruby.network.data_traffic_distribution.n36.n37            0                       (Unspecified)
system.ruby.network.data_traffic_distribution.n36.n38            0                       (Unspecified)
system.ruby.network.data_traffic_distribution.n36.n39            0                       (Unspecified)
system.ruby.network.data_traffic_distribution.n36.n4            0                       (Unspecified)
system.ruby.network.data_traffic_distribution.n36.n40            0                       (Unspecified)
system.ruby.network.data_traffic_distribution.n36.n41            0                       (Unspecified)
system.ruby.network.data_traffic_distribution.n36.n42            0                       (Unspecified)
system.ruby.network.data_traffic_distribution.n36.n43            0                       (Unspecified)
system.ruby.network.data_traffic_distribution.n36.n44            0                       (Unspecified)
system.ruby.network.data_traffic_distribution.n36.n45            0                       (Unspecified)
system.ruby.network.data_traffic_distribution.n36.n46            0                       (Unspecified)
system.ruby.network.data_traffic_distribution.n36.n47            0                       (Unspecified)
system.ruby.network.data_traffic_distribution.n36.n48            0                       (Unspecified)
system.ruby.network.data_traffic_distribution.n36.n49            0                       (Unspecified)
system.ruby.network.data_traffic_distribution.n36.n5            0                       (Unspecified)
system.ruby.network.data_traffic_distribution.n36.n50            0                       (Unspecified)
system.ruby.network.data_traffic_distribution.n36.n51            0                       (Unspecified)
system.ruby.network.data_traffic_distribution.n36.n52            0                       (Unspecified)
system.ruby.network.data_traffic_distribution.n36.n53            0                       (Unspecified)
system.ruby.network.data_traffic_distribution.n36.n54            0                       (Unspecified)
system.ruby.network.data_traffic_distribution.n36.n55            0                       (Unspecified)
system.ruby.network.data_traffic_distribution.n36.n56            0                       (Unspecified)
system.ruby.network.data_traffic_distribution.n36.n57            0                       (Unspecified)
system.ruby.network.data_traffic_distribution.n36.n58            0                       (Unspecified)
system.ruby.network.data_traffic_distribution.n36.n59            0                       (Unspecified)
system.ruby.network.data_traffic_distribution.n36.n6            0                       (Unspecified)
system.ruby.network.data_traffic_distribution.n36.n60            0                       (Unspecified)
system.ruby.network.data_traffic_distribution.n36.n61            0                       (Unspecified)
system.ruby.network.data_traffic_distribution.n36.n62            0                       (Unspecified)
system.ruby.network.data_traffic_distribution.n36.n63            0                       (Unspecified)
system.ruby.network.data_traffic_distribution.n36.n7            0                       (Unspecified)
system.ruby.network.data_traffic_distribution.n36.n8            0                       (Unspecified)
system.ruby.network.data_traffic_distribution.n36.n9            0                       (Unspecified)
system.ruby.network.data_traffic_distribution.n37.n0            0                       (Unspecified)
system.ruby.network.data_traffic_distribution.n37.n1            0                       (Unspecified)
system.ruby.network.data_traffic_distribution.n37.n10            0                       (Unspecified)
system.ruby.network.data_traffic_distribution.n37.n11            0                       (Unspecified)
system.ruby.network.data_traffic_distribution.n37.n12            0                       (Unspecified)
system.ruby.network.data_traffic_distribution.n37.n13            0                       (Unspecified)
system.ruby.network.data_traffic_distribution.n37.n14            0                       (Unspecified)
system.ruby.network.data_traffic_distribution.n37.n15            0                       (Unspecified)
system.ruby.network.data_traffic_distribution.n37.n16            0                       (Unspecified)
system.ruby.network.data_traffic_distribution.n37.n17            0                       (Unspecified)
system.ruby.network.data_traffic_distribution.n37.n18            0                       (Unspecified)
system.ruby.network.data_traffic_distribution.n37.n19            0                       (Unspecified)
system.ruby.network.data_traffic_distribution.n37.n2            0                       (Unspecified)
system.ruby.network.data_traffic_distribution.n37.n20            0                       (Unspecified)
system.ruby.network.data_traffic_distribution.n37.n21            0                       (Unspecified)
system.ruby.network.data_traffic_distribution.n37.n22            0                       (Unspecified)
system.ruby.network.data_traffic_distribution.n37.n23            0                       (Unspecified)
system.ruby.network.data_traffic_distribution.n37.n24            0                       (Unspecified)
system.ruby.network.data_traffic_distribution.n37.n25            0                       (Unspecified)
system.ruby.network.data_traffic_distribution.n37.n26            0                       (Unspecified)
system.ruby.network.data_traffic_distribution.n37.n27            0                       (Unspecified)
system.ruby.network.data_traffic_distribution.n37.n28            0                       (Unspecified)
system.ruby.network.data_traffic_distribution.n37.n29            0                       (Unspecified)
system.ruby.network.data_traffic_distribution.n37.n3            0                       (Unspecified)
system.ruby.network.data_traffic_distribution.n37.n30            0                       (Unspecified)
system.ruby.network.data_traffic_distribution.n37.n31            0                       (Unspecified)
system.ruby.network.data_traffic_distribution.n37.n32            0                       (Unspecified)
system.ruby.network.data_traffic_distribution.n37.n33            0                       (Unspecified)
system.ruby.network.data_traffic_distribution.n37.n34            0                       (Unspecified)
system.ruby.network.data_traffic_distribution.n37.n35            0                       (Unspecified)
system.ruby.network.data_traffic_distribution.n37.n36            0                       (Unspecified)
system.ruby.network.data_traffic_distribution.n37.n37            0                       (Unspecified)
system.ruby.network.data_traffic_distribution.n37.n38            0                       (Unspecified)
system.ruby.network.data_traffic_distribution.n37.n39            0                       (Unspecified)
system.ruby.network.data_traffic_distribution.n37.n4            0                       (Unspecified)
system.ruby.network.data_traffic_distribution.n37.n40            0                       (Unspecified)
system.ruby.network.data_traffic_distribution.n37.n41            0                       (Unspecified)
system.ruby.network.data_traffic_distribution.n37.n42            0                       (Unspecified)
system.ruby.network.data_traffic_distribution.n37.n43            0                       (Unspecified)
system.ruby.network.data_traffic_distribution.n37.n44            0                       (Unspecified)
system.ruby.network.data_traffic_distribution.n37.n45            0                       (Unspecified)
system.ruby.network.data_traffic_distribution.n37.n46            0                       (Unspecified)
system.ruby.network.data_traffic_distribution.n37.n47            0                       (Unspecified)
system.ruby.network.data_traffic_distribution.n37.n48            0                       (Unspecified)
system.ruby.network.data_traffic_distribution.n37.n49            0                       (Unspecified)
system.ruby.network.data_traffic_distribution.n37.n5            0                       (Unspecified)
system.ruby.network.data_traffic_distribution.n37.n50            0                       (Unspecified)
system.ruby.network.data_traffic_distribution.n37.n51            0                       (Unspecified)
system.ruby.network.data_traffic_distribution.n37.n52            0                       (Unspecified)
system.ruby.network.data_traffic_distribution.n37.n53            0                       (Unspecified)
system.ruby.network.data_traffic_distribution.n37.n54            0                       (Unspecified)
system.ruby.network.data_traffic_distribution.n37.n55            0                       (Unspecified)
system.ruby.network.data_traffic_distribution.n37.n56            0                       (Unspecified)
system.ruby.network.data_traffic_distribution.n37.n57            0                       (Unspecified)
system.ruby.network.data_traffic_distribution.n37.n58            0                       (Unspecified)
system.ruby.network.data_traffic_distribution.n37.n59            0                       (Unspecified)
system.ruby.network.data_traffic_distribution.n37.n6            0                       (Unspecified)
system.ruby.network.data_traffic_distribution.n37.n60            0                       (Unspecified)
system.ruby.network.data_traffic_distribution.n37.n61            0                       (Unspecified)
system.ruby.network.data_traffic_distribution.n37.n62            0                       (Unspecified)
system.ruby.network.data_traffic_distribution.n37.n63            0                       (Unspecified)
system.ruby.network.data_traffic_distribution.n37.n7            0                       (Unspecified)
system.ruby.network.data_traffic_distribution.n37.n8            0                       (Unspecified)
system.ruby.network.data_traffic_distribution.n37.n9            0                       (Unspecified)
system.ruby.network.data_traffic_distribution.n38.n0            0                       (Unspecified)
system.ruby.network.data_traffic_distribution.n38.n1            0                       (Unspecified)
system.ruby.network.data_traffic_distribution.n38.n10            0                       (Unspecified)
system.ruby.network.data_traffic_distribution.n38.n11            0                       (Unspecified)
system.ruby.network.data_traffic_distribution.n38.n12            0                       (Unspecified)
system.ruby.network.data_traffic_distribution.n38.n13            0                       (Unspecified)
system.ruby.network.data_traffic_distribution.n38.n14            0                       (Unspecified)
system.ruby.network.data_traffic_distribution.n38.n15            0                       (Unspecified)
system.ruby.network.data_traffic_distribution.n38.n16            0                       (Unspecified)
system.ruby.network.data_traffic_distribution.n38.n17            0                       (Unspecified)
system.ruby.network.data_traffic_distribution.n38.n18            0                       (Unspecified)
system.ruby.network.data_traffic_distribution.n38.n19            0                       (Unspecified)
system.ruby.network.data_traffic_distribution.n38.n2            0                       (Unspecified)
system.ruby.network.data_traffic_distribution.n38.n20            0                       (Unspecified)
system.ruby.network.data_traffic_distribution.n38.n21            0                       (Unspecified)
system.ruby.network.data_traffic_distribution.n38.n22            0                       (Unspecified)
system.ruby.network.data_traffic_distribution.n38.n23            0                       (Unspecified)
system.ruby.network.data_traffic_distribution.n38.n24            0                       (Unspecified)
system.ruby.network.data_traffic_distribution.n38.n25            0                       (Unspecified)
system.ruby.network.data_traffic_distribution.n38.n26            0                       (Unspecified)
system.ruby.network.data_traffic_distribution.n38.n27            0                       (Unspecified)
system.ruby.network.data_traffic_distribution.n38.n28            0                       (Unspecified)
system.ruby.network.data_traffic_distribution.n38.n29            0                       (Unspecified)
system.ruby.network.data_traffic_distribution.n38.n3            0                       (Unspecified)
system.ruby.network.data_traffic_distribution.n38.n30            0                       (Unspecified)
system.ruby.network.data_traffic_distribution.n38.n31            0                       (Unspecified)
system.ruby.network.data_traffic_distribution.n38.n32            0                       (Unspecified)
system.ruby.network.data_traffic_distribution.n38.n33            0                       (Unspecified)
system.ruby.network.data_traffic_distribution.n38.n34            0                       (Unspecified)
system.ruby.network.data_traffic_distribution.n38.n35            0                       (Unspecified)
system.ruby.network.data_traffic_distribution.n38.n36            0                       (Unspecified)
system.ruby.network.data_traffic_distribution.n38.n37            0                       (Unspecified)
system.ruby.network.data_traffic_distribution.n38.n38            0                       (Unspecified)
system.ruby.network.data_traffic_distribution.n38.n39            0                       (Unspecified)
system.ruby.network.data_traffic_distribution.n38.n4            0                       (Unspecified)
system.ruby.network.data_traffic_distribution.n38.n40            0                       (Unspecified)
system.ruby.network.data_traffic_distribution.n38.n41            0                       (Unspecified)
system.ruby.network.data_traffic_distribution.n38.n42            0                       (Unspecified)
system.ruby.network.data_traffic_distribution.n38.n43            0                       (Unspecified)
system.ruby.network.data_traffic_distribution.n38.n44            0                       (Unspecified)
system.ruby.network.data_traffic_distribution.n38.n45            0                       (Unspecified)
system.ruby.network.data_traffic_distribution.n38.n46            0                       (Unspecified)
system.ruby.network.data_traffic_distribution.n38.n47            0                       (Unspecified)
system.ruby.network.data_traffic_distribution.n38.n48            0                       (Unspecified)
system.ruby.network.data_traffic_distribution.n38.n49            0                       (Unspecified)
system.ruby.network.data_traffic_distribution.n38.n5            0                       (Unspecified)
system.ruby.network.data_traffic_distribution.n38.n50            0                       (Unspecified)
system.ruby.network.data_traffic_distribution.n38.n51            0                       (Unspecified)
system.ruby.network.data_traffic_distribution.n38.n52            0                       (Unspecified)
system.ruby.network.data_traffic_distribution.n38.n53            0                       (Unspecified)
system.ruby.network.data_traffic_distribution.n38.n54            0                       (Unspecified)
system.ruby.network.data_traffic_distribution.n38.n55            0                       (Unspecified)
system.ruby.network.data_traffic_distribution.n38.n56            0                       (Unspecified)
system.ruby.network.data_traffic_distribution.n38.n57            0                       (Unspecified)
system.ruby.network.data_traffic_distribution.n38.n58            0                       (Unspecified)
system.ruby.network.data_traffic_distribution.n38.n59            0                       (Unspecified)
system.ruby.network.data_traffic_distribution.n38.n6            0                       (Unspecified)
system.ruby.network.data_traffic_distribution.n38.n60            0                       (Unspecified)
system.ruby.network.data_traffic_distribution.n38.n61            0                       (Unspecified)
system.ruby.network.data_traffic_distribution.n38.n62            0                       (Unspecified)
system.ruby.network.data_traffic_distribution.n38.n63            0                       (Unspecified)
system.ruby.network.data_traffic_distribution.n38.n7            0                       (Unspecified)
system.ruby.network.data_traffic_distribution.n38.n8            0                       (Unspecified)
system.ruby.network.data_traffic_distribution.n38.n9            0                       (Unspecified)
system.ruby.network.data_traffic_distribution.n39.n0            0                       (Unspecified)
system.ruby.network.data_traffic_distribution.n39.n1            0                       (Unspecified)
system.ruby.network.data_traffic_distribution.n39.n10            0                       (Unspecified)
system.ruby.network.data_traffic_distribution.n39.n11            0                       (Unspecified)
system.ruby.network.data_traffic_distribution.n39.n12            0                       (Unspecified)
system.ruby.network.data_traffic_distribution.n39.n13            0                       (Unspecified)
system.ruby.network.data_traffic_distribution.n39.n14            0                       (Unspecified)
system.ruby.network.data_traffic_distribution.n39.n15            0                       (Unspecified)
system.ruby.network.data_traffic_distribution.n39.n16            0                       (Unspecified)
system.ruby.network.data_traffic_distribution.n39.n17            0                       (Unspecified)
system.ruby.network.data_traffic_distribution.n39.n18            0                       (Unspecified)
system.ruby.network.data_traffic_distribution.n39.n19            0                       (Unspecified)
system.ruby.network.data_traffic_distribution.n39.n2            0                       (Unspecified)
system.ruby.network.data_traffic_distribution.n39.n20            0                       (Unspecified)
system.ruby.network.data_traffic_distribution.n39.n21            0                       (Unspecified)
system.ruby.network.data_traffic_distribution.n39.n22            0                       (Unspecified)
system.ruby.network.data_traffic_distribution.n39.n23            0                       (Unspecified)
system.ruby.network.data_traffic_distribution.n39.n24            0                       (Unspecified)
system.ruby.network.data_traffic_distribution.n39.n25            0                       (Unspecified)
system.ruby.network.data_traffic_distribution.n39.n26            0                       (Unspecified)
system.ruby.network.data_traffic_distribution.n39.n27            0                       (Unspecified)
system.ruby.network.data_traffic_distribution.n39.n28            0                       (Unspecified)
system.ruby.network.data_traffic_distribution.n39.n29            0                       (Unspecified)
system.ruby.network.data_traffic_distribution.n39.n3            0                       (Unspecified)
system.ruby.network.data_traffic_distribution.n39.n30            0                       (Unspecified)
system.ruby.network.data_traffic_distribution.n39.n31            0                       (Unspecified)
system.ruby.network.data_traffic_distribution.n39.n32            0                       (Unspecified)
system.ruby.network.data_traffic_distribution.n39.n33            0                       (Unspecified)
system.ruby.network.data_traffic_distribution.n39.n34            0                       (Unspecified)
system.ruby.network.data_traffic_distribution.n39.n35            0                       (Unspecified)
system.ruby.network.data_traffic_distribution.n39.n36            0                       (Unspecified)
system.ruby.network.data_traffic_distribution.n39.n37            0                       (Unspecified)
system.ruby.network.data_traffic_distribution.n39.n38            0                       (Unspecified)
system.ruby.network.data_traffic_distribution.n39.n39            0                       (Unspecified)
system.ruby.network.data_traffic_distribution.n39.n4            0                       (Unspecified)
system.ruby.network.data_traffic_distribution.n39.n40            0                       (Unspecified)
system.ruby.network.data_traffic_distribution.n39.n41            0                       (Unspecified)
system.ruby.network.data_traffic_distribution.n39.n42            0                       (Unspecified)
system.ruby.network.data_traffic_distribution.n39.n43            0                       (Unspecified)
system.ruby.network.data_traffic_distribution.n39.n44            0                       (Unspecified)
system.ruby.network.data_traffic_distribution.n39.n45            0                       (Unspecified)
system.ruby.network.data_traffic_distribution.n39.n46            0                       (Unspecified)
system.ruby.network.data_traffic_distribution.n39.n47            0                       (Unspecified)
system.ruby.network.data_traffic_distribution.n39.n48            0                       (Unspecified)
system.ruby.network.data_traffic_distribution.n39.n49            0                       (Unspecified)
system.ruby.network.data_traffic_distribution.n39.n5            0                       (Unspecified)
system.ruby.network.data_traffic_distribution.n39.n50            0                       (Unspecified)
system.ruby.network.data_traffic_distribution.n39.n51            0                       (Unspecified)
system.ruby.network.data_traffic_distribution.n39.n52            0                       (Unspecified)
system.ruby.network.data_traffic_distribution.n39.n53            0                       (Unspecified)
system.ruby.network.data_traffic_distribution.n39.n54            0                       (Unspecified)
system.ruby.network.data_traffic_distribution.n39.n55            0                       (Unspecified)
system.ruby.network.data_traffic_distribution.n39.n56            0                       (Unspecified)
system.ruby.network.data_traffic_distribution.n39.n57            0                       (Unspecified)
system.ruby.network.data_traffic_distribution.n39.n58            0                       (Unspecified)
system.ruby.network.data_traffic_distribution.n39.n59            0                       (Unspecified)
system.ruby.network.data_traffic_distribution.n39.n6            0                       (Unspecified)
system.ruby.network.data_traffic_distribution.n39.n60            0                       (Unspecified)
system.ruby.network.data_traffic_distribution.n39.n61            0                       (Unspecified)
system.ruby.network.data_traffic_distribution.n39.n62            0                       (Unspecified)
system.ruby.network.data_traffic_distribution.n39.n63            0                       (Unspecified)
system.ruby.network.data_traffic_distribution.n39.n7            0                       (Unspecified)
system.ruby.network.data_traffic_distribution.n39.n8            0                       (Unspecified)
system.ruby.network.data_traffic_distribution.n39.n9            0                       (Unspecified)
system.ruby.network.data_traffic_distribution.n4.n0            0                       (Unspecified)
system.ruby.network.data_traffic_distribution.n4.n1            0                       (Unspecified)
system.ruby.network.data_traffic_distribution.n4.n10            0                       (Unspecified)
system.ruby.network.data_traffic_distribution.n4.n11            0                       (Unspecified)
system.ruby.network.data_traffic_distribution.n4.n12            0                       (Unspecified)
system.ruby.network.data_traffic_distribution.n4.n13            0                       (Unspecified)
system.ruby.network.data_traffic_distribution.n4.n14            0                       (Unspecified)
system.ruby.network.data_traffic_distribution.n4.n15            0                       (Unspecified)
system.ruby.network.data_traffic_distribution.n4.n16            0                       (Unspecified)
system.ruby.network.data_traffic_distribution.n4.n17            0                       (Unspecified)
system.ruby.network.data_traffic_distribution.n4.n18            0                       (Unspecified)
system.ruby.network.data_traffic_distribution.n4.n19            0                       (Unspecified)
system.ruby.network.data_traffic_distribution.n4.n2            0                       (Unspecified)
system.ruby.network.data_traffic_distribution.n4.n20            0                       (Unspecified)
system.ruby.network.data_traffic_distribution.n4.n21            0                       (Unspecified)
system.ruby.network.data_traffic_distribution.n4.n22            0                       (Unspecified)
system.ruby.network.data_traffic_distribution.n4.n23            0                       (Unspecified)
system.ruby.network.data_traffic_distribution.n4.n24            0                       (Unspecified)
system.ruby.network.data_traffic_distribution.n4.n25            0                       (Unspecified)
system.ruby.network.data_traffic_distribution.n4.n26            0                       (Unspecified)
system.ruby.network.data_traffic_distribution.n4.n27            0                       (Unspecified)
system.ruby.network.data_traffic_distribution.n4.n28            0                       (Unspecified)
system.ruby.network.data_traffic_distribution.n4.n29            0                       (Unspecified)
system.ruby.network.data_traffic_distribution.n4.n3            0                       (Unspecified)
system.ruby.network.data_traffic_distribution.n4.n30            0                       (Unspecified)
system.ruby.network.data_traffic_distribution.n4.n31            0                       (Unspecified)
system.ruby.network.data_traffic_distribution.n4.n32            0                       (Unspecified)
system.ruby.network.data_traffic_distribution.n4.n33            0                       (Unspecified)
system.ruby.network.data_traffic_distribution.n4.n34            0                       (Unspecified)
system.ruby.network.data_traffic_distribution.n4.n35            0                       (Unspecified)
system.ruby.network.data_traffic_distribution.n4.n36            0                       (Unspecified)
system.ruby.network.data_traffic_distribution.n4.n37            0                       (Unspecified)
system.ruby.network.data_traffic_distribution.n4.n38            0                       (Unspecified)
system.ruby.network.data_traffic_distribution.n4.n39            0                       (Unspecified)
system.ruby.network.data_traffic_distribution.n4.n4            0                       (Unspecified)
system.ruby.network.data_traffic_distribution.n4.n40            0                       (Unspecified)
system.ruby.network.data_traffic_distribution.n4.n41            0                       (Unspecified)
system.ruby.network.data_traffic_distribution.n4.n42            0                       (Unspecified)
system.ruby.network.data_traffic_distribution.n4.n43            0                       (Unspecified)
system.ruby.network.data_traffic_distribution.n4.n44            0                       (Unspecified)
system.ruby.network.data_traffic_distribution.n4.n45            0                       (Unspecified)
system.ruby.network.data_traffic_distribution.n4.n46            0                       (Unspecified)
system.ruby.network.data_traffic_distribution.n4.n47            0                       (Unspecified)
system.ruby.network.data_traffic_distribution.n4.n48            0                       (Unspecified)
system.ruby.network.data_traffic_distribution.n4.n49            0                       (Unspecified)
system.ruby.network.data_traffic_distribution.n4.n5            0                       (Unspecified)
system.ruby.network.data_traffic_distribution.n4.n50            0                       (Unspecified)
system.ruby.network.data_traffic_distribution.n4.n51            0                       (Unspecified)
system.ruby.network.data_traffic_distribution.n4.n52            0                       (Unspecified)
system.ruby.network.data_traffic_distribution.n4.n53            0                       (Unspecified)
system.ruby.network.data_traffic_distribution.n4.n54            0                       (Unspecified)
system.ruby.network.data_traffic_distribution.n4.n55            0                       (Unspecified)
system.ruby.network.data_traffic_distribution.n4.n56            0                       (Unspecified)
system.ruby.network.data_traffic_distribution.n4.n57            0                       (Unspecified)
system.ruby.network.data_traffic_distribution.n4.n58            0                       (Unspecified)
system.ruby.network.data_traffic_distribution.n4.n59            0                       (Unspecified)
system.ruby.network.data_traffic_distribution.n4.n6            0                       (Unspecified)
system.ruby.network.data_traffic_distribution.n4.n60            0                       (Unspecified)
system.ruby.network.data_traffic_distribution.n4.n61            0                       (Unspecified)
system.ruby.network.data_traffic_distribution.n4.n62            0                       (Unspecified)
system.ruby.network.data_traffic_distribution.n4.n63            0                       (Unspecified)
system.ruby.network.data_traffic_distribution.n4.n7            0                       (Unspecified)
system.ruby.network.data_traffic_distribution.n4.n8            0                       (Unspecified)
system.ruby.network.data_traffic_distribution.n4.n9            0                       (Unspecified)
system.ruby.network.data_traffic_distribution.n40.n0            0                       (Unspecified)
system.ruby.network.data_traffic_distribution.n40.n1            0                       (Unspecified)
system.ruby.network.data_traffic_distribution.n40.n10            0                       (Unspecified)
system.ruby.network.data_traffic_distribution.n40.n11            0                       (Unspecified)
system.ruby.network.data_traffic_distribution.n40.n12            0                       (Unspecified)
system.ruby.network.data_traffic_distribution.n40.n13            0                       (Unspecified)
system.ruby.network.data_traffic_distribution.n40.n14            0                       (Unspecified)
system.ruby.network.data_traffic_distribution.n40.n15            0                       (Unspecified)
system.ruby.network.data_traffic_distribution.n40.n16            0                       (Unspecified)
system.ruby.network.data_traffic_distribution.n40.n17            0                       (Unspecified)
system.ruby.network.data_traffic_distribution.n40.n18            0                       (Unspecified)
system.ruby.network.data_traffic_distribution.n40.n19            0                       (Unspecified)
system.ruby.network.data_traffic_distribution.n40.n2            0                       (Unspecified)
system.ruby.network.data_traffic_distribution.n40.n20            0                       (Unspecified)
system.ruby.network.data_traffic_distribution.n40.n21            0                       (Unspecified)
system.ruby.network.data_traffic_distribution.n40.n22            0                       (Unspecified)
system.ruby.network.data_traffic_distribution.n40.n23            0                       (Unspecified)
system.ruby.network.data_traffic_distribution.n40.n24            0                       (Unspecified)
system.ruby.network.data_traffic_distribution.n40.n25            0                       (Unspecified)
system.ruby.network.data_traffic_distribution.n40.n26            0                       (Unspecified)
system.ruby.network.data_traffic_distribution.n40.n27            0                       (Unspecified)
system.ruby.network.data_traffic_distribution.n40.n28            0                       (Unspecified)
system.ruby.network.data_traffic_distribution.n40.n29            0                       (Unspecified)
system.ruby.network.data_traffic_distribution.n40.n3            1                       (Unspecified)
system.ruby.network.data_traffic_distribution.n40.n30            0                       (Unspecified)
system.ruby.network.data_traffic_distribution.n40.n31            0                       (Unspecified)
system.ruby.network.data_traffic_distribution.n40.n32            0                       (Unspecified)
system.ruby.network.data_traffic_distribution.n40.n33            0                       (Unspecified)
system.ruby.network.data_traffic_distribution.n40.n34            0                       (Unspecified)
system.ruby.network.data_traffic_distribution.n40.n35            0                       (Unspecified)
system.ruby.network.data_traffic_distribution.n40.n36            0                       (Unspecified)
system.ruby.network.data_traffic_distribution.n40.n37            0                       (Unspecified)
system.ruby.network.data_traffic_distribution.n40.n38            0                       (Unspecified)
system.ruby.network.data_traffic_distribution.n40.n39            0                       (Unspecified)
system.ruby.network.data_traffic_distribution.n40.n4            0                       (Unspecified)
system.ruby.network.data_traffic_distribution.n40.n40            0                       (Unspecified)
system.ruby.network.data_traffic_distribution.n40.n41            0                       (Unspecified)
system.ruby.network.data_traffic_distribution.n40.n42            0                       (Unspecified)
system.ruby.network.data_traffic_distribution.n40.n43            0                       (Unspecified)
system.ruby.network.data_traffic_distribution.n40.n44            0                       (Unspecified)
system.ruby.network.data_traffic_distribution.n40.n45            0                       (Unspecified)
system.ruby.network.data_traffic_distribution.n40.n46            0                       (Unspecified)
system.ruby.network.data_traffic_distribution.n40.n47            0                       (Unspecified)
system.ruby.network.data_traffic_distribution.n40.n48            0                       (Unspecified)
system.ruby.network.data_traffic_distribution.n40.n49            0                       (Unspecified)
system.ruby.network.data_traffic_distribution.n40.n5            0                       (Unspecified)
system.ruby.network.data_traffic_distribution.n40.n50            0                       (Unspecified)
system.ruby.network.data_traffic_distribution.n40.n51            0                       (Unspecified)
system.ruby.network.data_traffic_distribution.n40.n52            0                       (Unspecified)
system.ruby.network.data_traffic_distribution.n40.n53            0                       (Unspecified)
system.ruby.network.data_traffic_distribution.n40.n54            0                       (Unspecified)
system.ruby.network.data_traffic_distribution.n40.n55            0                       (Unspecified)
system.ruby.network.data_traffic_distribution.n40.n56            0                       (Unspecified)
system.ruby.network.data_traffic_distribution.n40.n57            0                       (Unspecified)
system.ruby.network.data_traffic_distribution.n40.n58            0                       (Unspecified)
system.ruby.network.data_traffic_distribution.n40.n59            0                       (Unspecified)
system.ruby.network.data_traffic_distribution.n40.n6            0                       (Unspecified)
system.ruby.network.data_traffic_distribution.n40.n60            0                       (Unspecified)
system.ruby.network.data_traffic_distribution.n40.n61            0                       (Unspecified)
system.ruby.network.data_traffic_distribution.n40.n62            0                       (Unspecified)
system.ruby.network.data_traffic_distribution.n40.n63            0                       (Unspecified)
system.ruby.network.data_traffic_distribution.n40.n7            0                       (Unspecified)
system.ruby.network.data_traffic_distribution.n40.n8            0                       (Unspecified)
system.ruby.network.data_traffic_distribution.n40.n9            0                       (Unspecified)
system.ruby.network.data_traffic_distribution.n41.n0            0                       (Unspecified)
system.ruby.network.data_traffic_distribution.n41.n1            0                       (Unspecified)
system.ruby.network.data_traffic_distribution.n41.n10            0                       (Unspecified)
system.ruby.network.data_traffic_distribution.n41.n11            0                       (Unspecified)
system.ruby.network.data_traffic_distribution.n41.n12            0                       (Unspecified)
system.ruby.network.data_traffic_distribution.n41.n13            0                       (Unspecified)
system.ruby.network.data_traffic_distribution.n41.n14            0                       (Unspecified)
system.ruby.network.data_traffic_distribution.n41.n15            0                       (Unspecified)
system.ruby.network.data_traffic_distribution.n41.n16            0                       (Unspecified)
system.ruby.network.data_traffic_distribution.n41.n17            0                       (Unspecified)
system.ruby.network.data_traffic_distribution.n41.n18            0                       (Unspecified)
system.ruby.network.data_traffic_distribution.n41.n19            0                       (Unspecified)
system.ruby.network.data_traffic_distribution.n41.n2            0                       (Unspecified)
system.ruby.network.data_traffic_distribution.n41.n20            0                       (Unspecified)
system.ruby.network.data_traffic_distribution.n41.n21            0                       (Unspecified)
system.ruby.network.data_traffic_distribution.n41.n22            0                       (Unspecified)
system.ruby.network.data_traffic_distribution.n41.n23            0                       (Unspecified)
system.ruby.network.data_traffic_distribution.n41.n24            0                       (Unspecified)
system.ruby.network.data_traffic_distribution.n41.n25            0                       (Unspecified)
system.ruby.network.data_traffic_distribution.n41.n26            0                       (Unspecified)
system.ruby.network.data_traffic_distribution.n41.n27            0                       (Unspecified)
system.ruby.network.data_traffic_distribution.n41.n28            0                       (Unspecified)
system.ruby.network.data_traffic_distribution.n41.n29            0                       (Unspecified)
system.ruby.network.data_traffic_distribution.n41.n3            0                       (Unspecified)
system.ruby.network.data_traffic_distribution.n41.n30            0                       (Unspecified)
system.ruby.network.data_traffic_distribution.n41.n31            0                       (Unspecified)
system.ruby.network.data_traffic_distribution.n41.n32            0                       (Unspecified)
system.ruby.network.data_traffic_distribution.n41.n33            0                       (Unspecified)
system.ruby.network.data_traffic_distribution.n41.n34            0                       (Unspecified)
system.ruby.network.data_traffic_distribution.n41.n35            0                       (Unspecified)
system.ruby.network.data_traffic_distribution.n41.n36            0                       (Unspecified)
system.ruby.network.data_traffic_distribution.n41.n37            0                       (Unspecified)
system.ruby.network.data_traffic_distribution.n41.n38            0                       (Unspecified)
system.ruby.network.data_traffic_distribution.n41.n39            0                       (Unspecified)
system.ruby.network.data_traffic_distribution.n41.n4            0                       (Unspecified)
system.ruby.network.data_traffic_distribution.n41.n40            0                       (Unspecified)
system.ruby.network.data_traffic_distribution.n41.n41            0                       (Unspecified)
system.ruby.network.data_traffic_distribution.n41.n42            0                       (Unspecified)
system.ruby.network.data_traffic_distribution.n41.n43            0                       (Unspecified)
system.ruby.network.data_traffic_distribution.n41.n44            0                       (Unspecified)
system.ruby.network.data_traffic_distribution.n41.n45            0                       (Unspecified)
system.ruby.network.data_traffic_distribution.n41.n46            0                       (Unspecified)
system.ruby.network.data_traffic_distribution.n41.n47            0                       (Unspecified)
system.ruby.network.data_traffic_distribution.n41.n48            0                       (Unspecified)
system.ruby.network.data_traffic_distribution.n41.n49            0                       (Unspecified)
system.ruby.network.data_traffic_distribution.n41.n5            1                       (Unspecified)
system.ruby.network.data_traffic_distribution.n41.n50            0                       (Unspecified)
system.ruby.network.data_traffic_distribution.n41.n51            0                       (Unspecified)
system.ruby.network.data_traffic_distribution.n41.n52            0                       (Unspecified)
system.ruby.network.data_traffic_distribution.n41.n53            0                       (Unspecified)
system.ruby.network.data_traffic_distribution.n41.n54            0                       (Unspecified)
system.ruby.network.data_traffic_distribution.n41.n55            0                       (Unspecified)
system.ruby.network.data_traffic_distribution.n41.n56            0                       (Unspecified)
system.ruby.network.data_traffic_distribution.n41.n57            0                       (Unspecified)
system.ruby.network.data_traffic_distribution.n41.n58            0                       (Unspecified)
system.ruby.network.data_traffic_distribution.n41.n59            0                       (Unspecified)
system.ruby.network.data_traffic_distribution.n41.n6            0                       (Unspecified)
system.ruby.network.data_traffic_distribution.n41.n60            0                       (Unspecified)
system.ruby.network.data_traffic_distribution.n41.n61            0                       (Unspecified)
system.ruby.network.data_traffic_distribution.n41.n62            0                       (Unspecified)
system.ruby.network.data_traffic_distribution.n41.n63            0                       (Unspecified)
system.ruby.network.data_traffic_distribution.n41.n7            0                       (Unspecified)
system.ruby.network.data_traffic_distribution.n41.n8            0                       (Unspecified)
system.ruby.network.data_traffic_distribution.n41.n9            0                       (Unspecified)
system.ruby.network.data_traffic_distribution.n42.n0            0                       (Unspecified)
system.ruby.network.data_traffic_distribution.n42.n1            0                       (Unspecified)
system.ruby.network.data_traffic_distribution.n42.n10            0                       (Unspecified)
system.ruby.network.data_traffic_distribution.n42.n11            0                       (Unspecified)
system.ruby.network.data_traffic_distribution.n42.n12            0                       (Unspecified)
system.ruby.network.data_traffic_distribution.n42.n13            0                       (Unspecified)
system.ruby.network.data_traffic_distribution.n42.n14            1                       (Unspecified)
system.ruby.network.data_traffic_distribution.n42.n15            0                       (Unspecified)
system.ruby.network.data_traffic_distribution.n42.n16            0                       (Unspecified)
system.ruby.network.data_traffic_distribution.n42.n17            0                       (Unspecified)
system.ruby.network.data_traffic_distribution.n42.n18            0                       (Unspecified)
system.ruby.network.data_traffic_distribution.n42.n19            0                       (Unspecified)
system.ruby.network.data_traffic_distribution.n42.n2            0                       (Unspecified)
system.ruby.network.data_traffic_distribution.n42.n20            0                       (Unspecified)
system.ruby.network.data_traffic_distribution.n42.n21            0                       (Unspecified)
system.ruby.network.data_traffic_distribution.n42.n22            0                       (Unspecified)
system.ruby.network.data_traffic_distribution.n42.n23            0                       (Unspecified)
system.ruby.network.data_traffic_distribution.n42.n24            0                       (Unspecified)
system.ruby.network.data_traffic_distribution.n42.n25            0                       (Unspecified)
system.ruby.network.data_traffic_distribution.n42.n26            0                       (Unspecified)
system.ruby.network.data_traffic_distribution.n42.n27            0                       (Unspecified)
system.ruby.network.data_traffic_distribution.n42.n28            0                       (Unspecified)
system.ruby.network.data_traffic_distribution.n42.n29            0                       (Unspecified)
system.ruby.network.data_traffic_distribution.n42.n3            0                       (Unspecified)
system.ruby.network.data_traffic_distribution.n42.n30            0                       (Unspecified)
system.ruby.network.data_traffic_distribution.n42.n31            0                       (Unspecified)
system.ruby.network.data_traffic_distribution.n42.n32            0                       (Unspecified)
system.ruby.network.data_traffic_distribution.n42.n33            0                       (Unspecified)
system.ruby.network.data_traffic_distribution.n42.n34            0                       (Unspecified)
system.ruby.network.data_traffic_distribution.n42.n35            0                       (Unspecified)
system.ruby.network.data_traffic_distribution.n42.n36            0                       (Unspecified)
system.ruby.network.data_traffic_distribution.n42.n37            0                       (Unspecified)
system.ruby.network.data_traffic_distribution.n42.n38            0                       (Unspecified)
system.ruby.network.data_traffic_distribution.n42.n39            0                       (Unspecified)
system.ruby.network.data_traffic_distribution.n42.n4            0                       (Unspecified)
system.ruby.network.data_traffic_distribution.n42.n40            0                       (Unspecified)
system.ruby.network.data_traffic_distribution.n42.n41            0                       (Unspecified)
system.ruby.network.data_traffic_distribution.n42.n42            0                       (Unspecified)
system.ruby.network.data_traffic_distribution.n42.n43            0                       (Unspecified)
system.ruby.network.data_traffic_distribution.n42.n44            0                       (Unspecified)
system.ruby.network.data_traffic_distribution.n42.n45            0                       (Unspecified)
system.ruby.network.data_traffic_distribution.n42.n46            0                       (Unspecified)
system.ruby.network.data_traffic_distribution.n42.n47            0                       (Unspecified)
system.ruby.network.data_traffic_distribution.n42.n48            0                       (Unspecified)
system.ruby.network.data_traffic_distribution.n42.n49            0                       (Unspecified)
system.ruby.network.data_traffic_distribution.n42.n5            0                       (Unspecified)
system.ruby.network.data_traffic_distribution.n42.n50            0                       (Unspecified)
system.ruby.network.data_traffic_distribution.n42.n51            0                       (Unspecified)
system.ruby.network.data_traffic_distribution.n42.n52            0                       (Unspecified)
system.ruby.network.data_traffic_distribution.n42.n53            0                       (Unspecified)
system.ruby.network.data_traffic_distribution.n42.n54            0                       (Unspecified)
system.ruby.network.data_traffic_distribution.n42.n55            0                       (Unspecified)
system.ruby.network.data_traffic_distribution.n42.n56            0                       (Unspecified)
system.ruby.network.data_traffic_distribution.n42.n57            0                       (Unspecified)
system.ruby.network.data_traffic_distribution.n42.n58            0                       (Unspecified)
system.ruby.network.data_traffic_distribution.n42.n59            0                       (Unspecified)
system.ruby.network.data_traffic_distribution.n42.n6            0                       (Unspecified)
system.ruby.network.data_traffic_distribution.n42.n60            0                       (Unspecified)
system.ruby.network.data_traffic_distribution.n42.n61            0                       (Unspecified)
system.ruby.network.data_traffic_distribution.n42.n62            0                       (Unspecified)
system.ruby.network.data_traffic_distribution.n42.n63            0                       (Unspecified)
system.ruby.network.data_traffic_distribution.n42.n7            0                       (Unspecified)
system.ruby.network.data_traffic_distribution.n42.n8            0                       (Unspecified)
system.ruby.network.data_traffic_distribution.n42.n9            0                       (Unspecified)
system.ruby.network.data_traffic_distribution.n43.n0            0                       (Unspecified)
system.ruby.network.data_traffic_distribution.n43.n1            0                       (Unspecified)
system.ruby.network.data_traffic_distribution.n43.n10            0                       (Unspecified)
system.ruby.network.data_traffic_distribution.n43.n11            0                       (Unspecified)
system.ruby.network.data_traffic_distribution.n43.n12            0                       (Unspecified)
system.ruby.network.data_traffic_distribution.n43.n13            0                       (Unspecified)
system.ruby.network.data_traffic_distribution.n43.n14            0                       (Unspecified)
system.ruby.network.data_traffic_distribution.n43.n15            0                       (Unspecified)
system.ruby.network.data_traffic_distribution.n43.n16            0                       (Unspecified)
system.ruby.network.data_traffic_distribution.n43.n17            0                       (Unspecified)
system.ruby.network.data_traffic_distribution.n43.n18            0                       (Unspecified)
system.ruby.network.data_traffic_distribution.n43.n19            0                       (Unspecified)
system.ruby.network.data_traffic_distribution.n43.n2            0                       (Unspecified)
system.ruby.network.data_traffic_distribution.n43.n20            0                       (Unspecified)
system.ruby.network.data_traffic_distribution.n43.n21            0                       (Unspecified)
system.ruby.network.data_traffic_distribution.n43.n22            0                       (Unspecified)
system.ruby.network.data_traffic_distribution.n43.n23            0                       (Unspecified)
system.ruby.network.data_traffic_distribution.n43.n24            0                       (Unspecified)
system.ruby.network.data_traffic_distribution.n43.n25            0                       (Unspecified)
system.ruby.network.data_traffic_distribution.n43.n26            0                       (Unspecified)
system.ruby.network.data_traffic_distribution.n43.n27            0                       (Unspecified)
system.ruby.network.data_traffic_distribution.n43.n28            0                       (Unspecified)
system.ruby.network.data_traffic_distribution.n43.n29            0                       (Unspecified)
system.ruby.network.data_traffic_distribution.n43.n3            0                       (Unspecified)
system.ruby.network.data_traffic_distribution.n43.n30            0                       (Unspecified)
system.ruby.network.data_traffic_distribution.n43.n31            0                       (Unspecified)
system.ruby.network.data_traffic_distribution.n43.n32            0                       (Unspecified)
system.ruby.network.data_traffic_distribution.n43.n33            0                       (Unspecified)
system.ruby.network.data_traffic_distribution.n43.n34            0                       (Unspecified)
system.ruby.network.data_traffic_distribution.n43.n35            0                       (Unspecified)
system.ruby.network.data_traffic_distribution.n43.n36            0                       (Unspecified)
system.ruby.network.data_traffic_distribution.n43.n37            0                       (Unspecified)
system.ruby.network.data_traffic_distribution.n43.n38            0                       (Unspecified)
system.ruby.network.data_traffic_distribution.n43.n39            0                       (Unspecified)
system.ruby.network.data_traffic_distribution.n43.n4            0                       (Unspecified)
system.ruby.network.data_traffic_distribution.n43.n40            0                       (Unspecified)
system.ruby.network.data_traffic_distribution.n43.n41            0                       (Unspecified)
system.ruby.network.data_traffic_distribution.n43.n42            0                       (Unspecified)
system.ruby.network.data_traffic_distribution.n43.n43            0                       (Unspecified)
system.ruby.network.data_traffic_distribution.n43.n44            0                       (Unspecified)
system.ruby.network.data_traffic_distribution.n43.n45            0                       (Unspecified)
system.ruby.network.data_traffic_distribution.n43.n46            0                       (Unspecified)
system.ruby.network.data_traffic_distribution.n43.n47            0                       (Unspecified)
system.ruby.network.data_traffic_distribution.n43.n48            0                       (Unspecified)
system.ruby.network.data_traffic_distribution.n43.n49            0                       (Unspecified)
system.ruby.network.data_traffic_distribution.n43.n5            0                       (Unspecified)
system.ruby.network.data_traffic_distribution.n43.n50            0                       (Unspecified)
system.ruby.network.data_traffic_distribution.n43.n51            0                       (Unspecified)
system.ruby.network.data_traffic_distribution.n43.n52            0                       (Unspecified)
system.ruby.network.data_traffic_distribution.n43.n53            0                       (Unspecified)
system.ruby.network.data_traffic_distribution.n43.n54            0                       (Unspecified)
system.ruby.network.data_traffic_distribution.n43.n55            0                       (Unspecified)
system.ruby.network.data_traffic_distribution.n43.n56            0                       (Unspecified)
system.ruby.network.data_traffic_distribution.n43.n57            0                       (Unspecified)
system.ruby.network.data_traffic_distribution.n43.n58            0                       (Unspecified)
system.ruby.network.data_traffic_distribution.n43.n59            0                       (Unspecified)
system.ruby.network.data_traffic_distribution.n43.n6            0                       (Unspecified)
system.ruby.network.data_traffic_distribution.n43.n60            0                       (Unspecified)
system.ruby.network.data_traffic_distribution.n43.n61            0                       (Unspecified)
system.ruby.network.data_traffic_distribution.n43.n62            0                       (Unspecified)
system.ruby.network.data_traffic_distribution.n43.n63            0                       (Unspecified)
system.ruby.network.data_traffic_distribution.n43.n7            0                       (Unspecified)
system.ruby.network.data_traffic_distribution.n43.n8            0                       (Unspecified)
system.ruby.network.data_traffic_distribution.n43.n9            0                       (Unspecified)
system.ruby.network.data_traffic_distribution.n44.n0            0                       (Unspecified)
system.ruby.network.data_traffic_distribution.n44.n1            0                       (Unspecified)
system.ruby.network.data_traffic_distribution.n44.n10            0                       (Unspecified)
system.ruby.network.data_traffic_distribution.n44.n11            0                       (Unspecified)
system.ruby.network.data_traffic_distribution.n44.n12            0                       (Unspecified)
system.ruby.network.data_traffic_distribution.n44.n13            0                       (Unspecified)
system.ruby.network.data_traffic_distribution.n44.n14            0                       (Unspecified)
system.ruby.network.data_traffic_distribution.n44.n15            0                       (Unspecified)
system.ruby.network.data_traffic_distribution.n44.n16            0                       (Unspecified)
system.ruby.network.data_traffic_distribution.n44.n17            0                       (Unspecified)
system.ruby.network.data_traffic_distribution.n44.n18            0                       (Unspecified)
system.ruby.network.data_traffic_distribution.n44.n19            0                       (Unspecified)
system.ruby.network.data_traffic_distribution.n44.n2            0                       (Unspecified)
system.ruby.network.data_traffic_distribution.n44.n20            0                       (Unspecified)
system.ruby.network.data_traffic_distribution.n44.n21            0                       (Unspecified)
system.ruby.network.data_traffic_distribution.n44.n22            0                       (Unspecified)
system.ruby.network.data_traffic_distribution.n44.n23            0                       (Unspecified)
system.ruby.network.data_traffic_distribution.n44.n24            0                       (Unspecified)
system.ruby.network.data_traffic_distribution.n44.n25            0                       (Unspecified)
system.ruby.network.data_traffic_distribution.n44.n26            0                       (Unspecified)
system.ruby.network.data_traffic_distribution.n44.n27            0                       (Unspecified)
system.ruby.network.data_traffic_distribution.n44.n28            0                       (Unspecified)
system.ruby.network.data_traffic_distribution.n44.n29            0                       (Unspecified)
system.ruby.network.data_traffic_distribution.n44.n3            0                       (Unspecified)
system.ruby.network.data_traffic_distribution.n44.n30            0                       (Unspecified)
system.ruby.network.data_traffic_distribution.n44.n31            0                       (Unspecified)
system.ruby.network.data_traffic_distribution.n44.n32            0                       (Unspecified)
system.ruby.network.data_traffic_distribution.n44.n33            0                       (Unspecified)
system.ruby.network.data_traffic_distribution.n44.n34            0                       (Unspecified)
system.ruby.network.data_traffic_distribution.n44.n35            0                       (Unspecified)
system.ruby.network.data_traffic_distribution.n44.n36            0                       (Unspecified)
system.ruby.network.data_traffic_distribution.n44.n37            0                       (Unspecified)
system.ruby.network.data_traffic_distribution.n44.n38            0                       (Unspecified)
system.ruby.network.data_traffic_distribution.n44.n39            0                       (Unspecified)
system.ruby.network.data_traffic_distribution.n44.n4            0                       (Unspecified)
system.ruby.network.data_traffic_distribution.n44.n40            0                       (Unspecified)
system.ruby.network.data_traffic_distribution.n44.n41            0                       (Unspecified)
system.ruby.network.data_traffic_distribution.n44.n42            0                       (Unspecified)
system.ruby.network.data_traffic_distribution.n44.n43            0                       (Unspecified)
system.ruby.network.data_traffic_distribution.n44.n44            0                       (Unspecified)
system.ruby.network.data_traffic_distribution.n44.n45            0                       (Unspecified)
system.ruby.network.data_traffic_distribution.n44.n46            0                       (Unspecified)
system.ruby.network.data_traffic_distribution.n44.n47            0                       (Unspecified)
system.ruby.network.data_traffic_distribution.n44.n48            0                       (Unspecified)
system.ruby.network.data_traffic_distribution.n44.n49            0                       (Unspecified)
system.ruby.network.data_traffic_distribution.n44.n5            0                       (Unspecified)
system.ruby.network.data_traffic_distribution.n44.n50            0                       (Unspecified)
system.ruby.network.data_traffic_distribution.n44.n51            0                       (Unspecified)
system.ruby.network.data_traffic_distribution.n44.n52            0                       (Unspecified)
system.ruby.network.data_traffic_distribution.n44.n53            0                       (Unspecified)
system.ruby.network.data_traffic_distribution.n44.n54            0                       (Unspecified)
system.ruby.network.data_traffic_distribution.n44.n55            0                       (Unspecified)
system.ruby.network.data_traffic_distribution.n44.n56            0                       (Unspecified)
system.ruby.network.data_traffic_distribution.n44.n57            0                       (Unspecified)
system.ruby.network.data_traffic_distribution.n44.n58            0                       (Unspecified)
system.ruby.network.data_traffic_distribution.n44.n59            0                       (Unspecified)
system.ruby.network.data_traffic_distribution.n44.n6            0                       (Unspecified)
system.ruby.network.data_traffic_distribution.n44.n60            0                       (Unspecified)
system.ruby.network.data_traffic_distribution.n44.n61            0                       (Unspecified)
system.ruby.network.data_traffic_distribution.n44.n62            0                       (Unspecified)
system.ruby.network.data_traffic_distribution.n44.n63            0                       (Unspecified)
system.ruby.network.data_traffic_distribution.n44.n7            0                       (Unspecified)
system.ruby.network.data_traffic_distribution.n44.n8            0                       (Unspecified)
system.ruby.network.data_traffic_distribution.n44.n9            0                       (Unspecified)
system.ruby.network.data_traffic_distribution.n45.n0            0                       (Unspecified)
system.ruby.network.data_traffic_distribution.n45.n1            0                       (Unspecified)
system.ruby.network.data_traffic_distribution.n45.n10            0                       (Unspecified)
system.ruby.network.data_traffic_distribution.n45.n11            0                       (Unspecified)
system.ruby.network.data_traffic_distribution.n45.n12            0                       (Unspecified)
system.ruby.network.data_traffic_distribution.n45.n13            0                       (Unspecified)
system.ruby.network.data_traffic_distribution.n45.n14            0                       (Unspecified)
system.ruby.network.data_traffic_distribution.n45.n15            0                       (Unspecified)
system.ruby.network.data_traffic_distribution.n45.n16            0                       (Unspecified)
system.ruby.network.data_traffic_distribution.n45.n17            0                       (Unspecified)
system.ruby.network.data_traffic_distribution.n45.n18            0                       (Unspecified)
system.ruby.network.data_traffic_distribution.n45.n19            0                       (Unspecified)
system.ruby.network.data_traffic_distribution.n45.n2            0                       (Unspecified)
system.ruby.network.data_traffic_distribution.n45.n20            0                       (Unspecified)
system.ruby.network.data_traffic_distribution.n45.n21            0                       (Unspecified)
system.ruby.network.data_traffic_distribution.n45.n22            0                       (Unspecified)
system.ruby.network.data_traffic_distribution.n45.n23            0                       (Unspecified)
system.ruby.network.data_traffic_distribution.n45.n24            0                       (Unspecified)
system.ruby.network.data_traffic_distribution.n45.n25            0                       (Unspecified)
system.ruby.network.data_traffic_distribution.n45.n26            0                       (Unspecified)
system.ruby.network.data_traffic_distribution.n45.n27            0                       (Unspecified)
system.ruby.network.data_traffic_distribution.n45.n28            0                       (Unspecified)
system.ruby.network.data_traffic_distribution.n45.n29            0                       (Unspecified)
system.ruby.network.data_traffic_distribution.n45.n3            0                       (Unspecified)
system.ruby.network.data_traffic_distribution.n45.n30            0                       (Unspecified)
system.ruby.network.data_traffic_distribution.n45.n31            0                       (Unspecified)
system.ruby.network.data_traffic_distribution.n45.n32            0                       (Unspecified)
system.ruby.network.data_traffic_distribution.n45.n33            0                       (Unspecified)
system.ruby.network.data_traffic_distribution.n45.n34            0                       (Unspecified)
system.ruby.network.data_traffic_distribution.n45.n35            0                       (Unspecified)
system.ruby.network.data_traffic_distribution.n45.n36            0                       (Unspecified)
system.ruby.network.data_traffic_distribution.n45.n37            0                       (Unspecified)
system.ruby.network.data_traffic_distribution.n45.n38            0                       (Unspecified)
system.ruby.network.data_traffic_distribution.n45.n39            0                       (Unspecified)
system.ruby.network.data_traffic_distribution.n45.n4            0                       (Unspecified)
system.ruby.network.data_traffic_distribution.n45.n40            0                       (Unspecified)
system.ruby.network.data_traffic_distribution.n45.n41            0                       (Unspecified)
system.ruby.network.data_traffic_distribution.n45.n42            0                       (Unspecified)
system.ruby.network.data_traffic_distribution.n45.n43            0                       (Unspecified)
system.ruby.network.data_traffic_distribution.n45.n44            0                       (Unspecified)
system.ruby.network.data_traffic_distribution.n45.n45            0                       (Unspecified)
system.ruby.network.data_traffic_distribution.n45.n46            0                       (Unspecified)
system.ruby.network.data_traffic_distribution.n45.n47            0                       (Unspecified)
system.ruby.network.data_traffic_distribution.n45.n48            0                       (Unspecified)
system.ruby.network.data_traffic_distribution.n45.n49            0                       (Unspecified)
system.ruby.network.data_traffic_distribution.n45.n5            0                       (Unspecified)
system.ruby.network.data_traffic_distribution.n45.n50            0                       (Unspecified)
system.ruby.network.data_traffic_distribution.n45.n51            0                       (Unspecified)
system.ruby.network.data_traffic_distribution.n45.n52            0                       (Unspecified)
system.ruby.network.data_traffic_distribution.n45.n53            0                       (Unspecified)
system.ruby.network.data_traffic_distribution.n45.n54            0                       (Unspecified)
system.ruby.network.data_traffic_distribution.n45.n55            0                       (Unspecified)
system.ruby.network.data_traffic_distribution.n45.n56            0                       (Unspecified)
system.ruby.network.data_traffic_distribution.n45.n57            0                       (Unspecified)
system.ruby.network.data_traffic_distribution.n45.n58            0                       (Unspecified)
system.ruby.network.data_traffic_distribution.n45.n59            0                       (Unspecified)
system.ruby.network.data_traffic_distribution.n45.n6            0                       (Unspecified)
system.ruby.network.data_traffic_distribution.n45.n60            0                       (Unspecified)
system.ruby.network.data_traffic_distribution.n45.n61            0                       (Unspecified)
system.ruby.network.data_traffic_distribution.n45.n62            0                       (Unspecified)
system.ruby.network.data_traffic_distribution.n45.n63            0                       (Unspecified)
system.ruby.network.data_traffic_distribution.n45.n7            0                       (Unspecified)
system.ruby.network.data_traffic_distribution.n45.n8            0                       (Unspecified)
system.ruby.network.data_traffic_distribution.n45.n9            0                       (Unspecified)
system.ruby.network.data_traffic_distribution.n46.n0            0                       (Unspecified)
system.ruby.network.data_traffic_distribution.n46.n1            0                       (Unspecified)
system.ruby.network.data_traffic_distribution.n46.n10            0                       (Unspecified)
system.ruby.network.data_traffic_distribution.n46.n11            0                       (Unspecified)
system.ruby.network.data_traffic_distribution.n46.n12            0                       (Unspecified)
system.ruby.network.data_traffic_distribution.n46.n13            0                       (Unspecified)
system.ruby.network.data_traffic_distribution.n46.n14            0                       (Unspecified)
system.ruby.network.data_traffic_distribution.n46.n15            0                       (Unspecified)
system.ruby.network.data_traffic_distribution.n46.n16            0                       (Unspecified)
system.ruby.network.data_traffic_distribution.n46.n17            0                       (Unspecified)
system.ruby.network.data_traffic_distribution.n46.n18            0                       (Unspecified)
system.ruby.network.data_traffic_distribution.n46.n19            0                       (Unspecified)
system.ruby.network.data_traffic_distribution.n46.n2            0                       (Unspecified)
system.ruby.network.data_traffic_distribution.n46.n20            0                       (Unspecified)
system.ruby.network.data_traffic_distribution.n46.n21            0                       (Unspecified)
system.ruby.network.data_traffic_distribution.n46.n22            0                       (Unspecified)
system.ruby.network.data_traffic_distribution.n46.n23            0                       (Unspecified)
system.ruby.network.data_traffic_distribution.n46.n24            0                       (Unspecified)
system.ruby.network.data_traffic_distribution.n46.n25            0                       (Unspecified)
system.ruby.network.data_traffic_distribution.n46.n26            0                       (Unspecified)
system.ruby.network.data_traffic_distribution.n46.n27            0                       (Unspecified)
system.ruby.network.data_traffic_distribution.n46.n28            0                       (Unspecified)
system.ruby.network.data_traffic_distribution.n46.n29            0                       (Unspecified)
system.ruby.network.data_traffic_distribution.n46.n3            0                       (Unspecified)
system.ruby.network.data_traffic_distribution.n46.n30            0                       (Unspecified)
system.ruby.network.data_traffic_distribution.n46.n31            0                       (Unspecified)
system.ruby.network.data_traffic_distribution.n46.n32            0                       (Unspecified)
system.ruby.network.data_traffic_distribution.n46.n33            0                       (Unspecified)
system.ruby.network.data_traffic_distribution.n46.n34            0                       (Unspecified)
system.ruby.network.data_traffic_distribution.n46.n35            0                       (Unspecified)
system.ruby.network.data_traffic_distribution.n46.n36            0                       (Unspecified)
system.ruby.network.data_traffic_distribution.n46.n37            0                       (Unspecified)
system.ruby.network.data_traffic_distribution.n46.n38            0                       (Unspecified)
system.ruby.network.data_traffic_distribution.n46.n39            0                       (Unspecified)
system.ruby.network.data_traffic_distribution.n46.n4            0                       (Unspecified)
system.ruby.network.data_traffic_distribution.n46.n40            0                       (Unspecified)
system.ruby.network.data_traffic_distribution.n46.n41            0                       (Unspecified)
system.ruby.network.data_traffic_distribution.n46.n42            0                       (Unspecified)
system.ruby.network.data_traffic_distribution.n46.n43            0                       (Unspecified)
system.ruby.network.data_traffic_distribution.n46.n44            0                       (Unspecified)
system.ruby.network.data_traffic_distribution.n46.n45            0                       (Unspecified)
system.ruby.network.data_traffic_distribution.n46.n46            0                       (Unspecified)
system.ruby.network.data_traffic_distribution.n46.n47            0                       (Unspecified)
system.ruby.network.data_traffic_distribution.n46.n48            0                       (Unspecified)
system.ruby.network.data_traffic_distribution.n46.n49            0                       (Unspecified)
system.ruby.network.data_traffic_distribution.n46.n5            0                       (Unspecified)
system.ruby.network.data_traffic_distribution.n46.n50            0                       (Unspecified)
system.ruby.network.data_traffic_distribution.n46.n51            0                       (Unspecified)
system.ruby.network.data_traffic_distribution.n46.n52            0                       (Unspecified)
system.ruby.network.data_traffic_distribution.n46.n53            0                       (Unspecified)
system.ruby.network.data_traffic_distribution.n46.n54            0                       (Unspecified)
system.ruby.network.data_traffic_distribution.n46.n55            0                       (Unspecified)
system.ruby.network.data_traffic_distribution.n46.n56            0                       (Unspecified)
system.ruby.network.data_traffic_distribution.n46.n57            0                       (Unspecified)
system.ruby.network.data_traffic_distribution.n46.n58            0                       (Unspecified)
system.ruby.network.data_traffic_distribution.n46.n59            0                       (Unspecified)
system.ruby.network.data_traffic_distribution.n46.n6            0                       (Unspecified)
system.ruby.network.data_traffic_distribution.n46.n60            0                       (Unspecified)
system.ruby.network.data_traffic_distribution.n46.n61            0                       (Unspecified)
system.ruby.network.data_traffic_distribution.n46.n62            0                       (Unspecified)
system.ruby.network.data_traffic_distribution.n46.n63            0                       (Unspecified)
system.ruby.network.data_traffic_distribution.n46.n7            0                       (Unspecified)
system.ruby.network.data_traffic_distribution.n46.n8            0                       (Unspecified)
system.ruby.network.data_traffic_distribution.n46.n9            0                       (Unspecified)
system.ruby.network.data_traffic_distribution.n47.n0            0                       (Unspecified)
system.ruby.network.data_traffic_distribution.n47.n1            0                       (Unspecified)
system.ruby.network.data_traffic_distribution.n47.n10            0                       (Unspecified)
system.ruby.network.data_traffic_distribution.n47.n11            0                       (Unspecified)
system.ruby.network.data_traffic_distribution.n47.n12            0                       (Unspecified)
system.ruby.network.data_traffic_distribution.n47.n13            0                       (Unspecified)
system.ruby.network.data_traffic_distribution.n47.n14            0                       (Unspecified)
system.ruby.network.data_traffic_distribution.n47.n15            0                       (Unspecified)
system.ruby.network.data_traffic_distribution.n47.n16            0                       (Unspecified)
system.ruby.network.data_traffic_distribution.n47.n17            0                       (Unspecified)
system.ruby.network.data_traffic_distribution.n47.n18            0                       (Unspecified)
system.ruby.network.data_traffic_distribution.n47.n19            0                       (Unspecified)
system.ruby.network.data_traffic_distribution.n47.n2            0                       (Unspecified)
system.ruby.network.data_traffic_distribution.n47.n20            0                       (Unspecified)
system.ruby.network.data_traffic_distribution.n47.n21            0                       (Unspecified)
system.ruby.network.data_traffic_distribution.n47.n22            0                       (Unspecified)
system.ruby.network.data_traffic_distribution.n47.n23            0                       (Unspecified)
system.ruby.network.data_traffic_distribution.n47.n24            0                       (Unspecified)
system.ruby.network.data_traffic_distribution.n47.n25            0                       (Unspecified)
system.ruby.network.data_traffic_distribution.n47.n26            0                       (Unspecified)
system.ruby.network.data_traffic_distribution.n47.n27            0                       (Unspecified)
system.ruby.network.data_traffic_distribution.n47.n28            0                       (Unspecified)
system.ruby.network.data_traffic_distribution.n47.n29            0                       (Unspecified)
system.ruby.network.data_traffic_distribution.n47.n3            0                       (Unspecified)
system.ruby.network.data_traffic_distribution.n47.n30            0                       (Unspecified)
system.ruby.network.data_traffic_distribution.n47.n31            0                       (Unspecified)
system.ruby.network.data_traffic_distribution.n47.n32            0                       (Unspecified)
system.ruby.network.data_traffic_distribution.n47.n33            0                       (Unspecified)
system.ruby.network.data_traffic_distribution.n47.n34            0                       (Unspecified)
system.ruby.network.data_traffic_distribution.n47.n35            0                       (Unspecified)
system.ruby.network.data_traffic_distribution.n47.n36            0                       (Unspecified)
system.ruby.network.data_traffic_distribution.n47.n37            0                       (Unspecified)
system.ruby.network.data_traffic_distribution.n47.n38            0                       (Unspecified)
system.ruby.network.data_traffic_distribution.n47.n39            0                       (Unspecified)
system.ruby.network.data_traffic_distribution.n47.n4            0                       (Unspecified)
system.ruby.network.data_traffic_distribution.n47.n40            0                       (Unspecified)
system.ruby.network.data_traffic_distribution.n47.n41            0                       (Unspecified)
system.ruby.network.data_traffic_distribution.n47.n42            0                       (Unspecified)
system.ruby.network.data_traffic_distribution.n47.n43            0                       (Unspecified)
system.ruby.network.data_traffic_distribution.n47.n44            0                       (Unspecified)
system.ruby.network.data_traffic_distribution.n47.n45            0                       (Unspecified)
system.ruby.network.data_traffic_distribution.n47.n46            0                       (Unspecified)
system.ruby.network.data_traffic_distribution.n47.n47            0                       (Unspecified)
system.ruby.network.data_traffic_distribution.n47.n48            0                       (Unspecified)
system.ruby.network.data_traffic_distribution.n47.n49            0                       (Unspecified)
system.ruby.network.data_traffic_distribution.n47.n5            0                       (Unspecified)
system.ruby.network.data_traffic_distribution.n47.n50            0                       (Unspecified)
system.ruby.network.data_traffic_distribution.n47.n51            0                       (Unspecified)
system.ruby.network.data_traffic_distribution.n47.n52            0                       (Unspecified)
system.ruby.network.data_traffic_distribution.n47.n53            0                       (Unspecified)
system.ruby.network.data_traffic_distribution.n47.n54            0                       (Unspecified)
system.ruby.network.data_traffic_distribution.n47.n55            0                       (Unspecified)
system.ruby.network.data_traffic_distribution.n47.n56            0                       (Unspecified)
system.ruby.network.data_traffic_distribution.n47.n57            0                       (Unspecified)
system.ruby.network.data_traffic_distribution.n47.n58            0                       (Unspecified)
system.ruby.network.data_traffic_distribution.n47.n59            0                       (Unspecified)
system.ruby.network.data_traffic_distribution.n47.n6            0                       (Unspecified)
system.ruby.network.data_traffic_distribution.n47.n60            0                       (Unspecified)
system.ruby.network.data_traffic_distribution.n47.n61            0                       (Unspecified)
system.ruby.network.data_traffic_distribution.n47.n62            0                       (Unspecified)
system.ruby.network.data_traffic_distribution.n47.n63            0                       (Unspecified)
system.ruby.network.data_traffic_distribution.n47.n7            0                       (Unspecified)
system.ruby.network.data_traffic_distribution.n47.n8            0                       (Unspecified)
system.ruby.network.data_traffic_distribution.n47.n9            0                       (Unspecified)
system.ruby.network.data_traffic_distribution.n48.n0            0                       (Unspecified)
system.ruby.network.data_traffic_distribution.n48.n1            0                       (Unspecified)
system.ruby.network.data_traffic_distribution.n48.n10            0                       (Unspecified)
system.ruby.network.data_traffic_distribution.n48.n11            0                       (Unspecified)
system.ruby.network.data_traffic_distribution.n48.n12            0                       (Unspecified)
system.ruby.network.data_traffic_distribution.n48.n13            0                       (Unspecified)
system.ruby.network.data_traffic_distribution.n48.n14            0                       (Unspecified)
system.ruby.network.data_traffic_distribution.n48.n15            0                       (Unspecified)
system.ruby.network.data_traffic_distribution.n48.n16            0                       (Unspecified)
system.ruby.network.data_traffic_distribution.n48.n17            1                       (Unspecified)
system.ruby.network.data_traffic_distribution.n48.n18            0                       (Unspecified)
system.ruby.network.data_traffic_distribution.n48.n19            0                       (Unspecified)
system.ruby.network.data_traffic_distribution.n48.n2            0                       (Unspecified)
system.ruby.network.data_traffic_distribution.n48.n20            0                       (Unspecified)
system.ruby.network.data_traffic_distribution.n48.n21            0                       (Unspecified)
system.ruby.network.data_traffic_distribution.n48.n22            0                       (Unspecified)
system.ruby.network.data_traffic_distribution.n48.n23            0                       (Unspecified)
system.ruby.network.data_traffic_distribution.n48.n24            0                       (Unspecified)
system.ruby.network.data_traffic_distribution.n48.n25            0                       (Unspecified)
system.ruby.network.data_traffic_distribution.n48.n26            0                       (Unspecified)
system.ruby.network.data_traffic_distribution.n48.n27            0                       (Unspecified)
system.ruby.network.data_traffic_distribution.n48.n28            0                       (Unspecified)
system.ruby.network.data_traffic_distribution.n48.n29            0                       (Unspecified)
system.ruby.network.data_traffic_distribution.n48.n3            0                       (Unspecified)
system.ruby.network.data_traffic_distribution.n48.n30            0                       (Unspecified)
system.ruby.network.data_traffic_distribution.n48.n31            0                       (Unspecified)
system.ruby.network.data_traffic_distribution.n48.n32            0                       (Unspecified)
system.ruby.network.data_traffic_distribution.n48.n33            0                       (Unspecified)
system.ruby.network.data_traffic_distribution.n48.n34            0                       (Unspecified)
system.ruby.network.data_traffic_distribution.n48.n35            0                       (Unspecified)
system.ruby.network.data_traffic_distribution.n48.n36            0                       (Unspecified)
system.ruby.network.data_traffic_distribution.n48.n37            0                       (Unspecified)
system.ruby.network.data_traffic_distribution.n48.n38            0                       (Unspecified)
system.ruby.network.data_traffic_distribution.n48.n39            0                       (Unspecified)
system.ruby.network.data_traffic_distribution.n48.n4            0                       (Unspecified)
system.ruby.network.data_traffic_distribution.n48.n40            0                       (Unspecified)
system.ruby.network.data_traffic_distribution.n48.n41            0                       (Unspecified)
system.ruby.network.data_traffic_distribution.n48.n42            0                       (Unspecified)
system.ruby.network.data_traffic_distribution.n48.n43            0                       (Unspecified)
system.ruby.network.data_traffic_distribution.n48.n44            0                       (Unspecified)
system.ruby.network.data_traffic_distribution.n48.n45            0                       (Unspecified)
system.ruby.network.data_traffic_distribution.n48.n46            0                       (Unspecified)
system.ruby.network.data_traffic_distribution.n48.n47            0                       (Unspecified)
system.ruby.network.data_traffic_distribution.n48.n48            0                       (Unspecified)
system.ruby.network.data_traffic_distribution.n48.n49            0                       (Unspecified)
system.ruby.network.data_traffic_distribution.n48.n5            0                       (Unspecified)
system.ruby.network.data_traffic_distribution.n48.n50            0                       (Unspecified)
system.ruby.network.data_traffic_distribution.n48.n51            0                       (Unspecified)
system.ruby.network.data_traffic_distribution.n48.n52            0                       (Unspecified)
system.ruby.network.data_traffic_distribution.n48.n53            0                       (Unspecified)
system.ruby.network.data_traffic_distribution.n48.n54            0                       (Unspecified)
system.ruby.network.data_traffic_distribution.n48.n55            0                       (Unspecified)
system.ruby.network.data_traffic_distribution.n48.n56            0                       (Unspecified)
system.ruby.network.data_traffic_distribution.n48.n57            0                       (Unspecified)
system.ruby.network.data_traffic_distribution.n48.n58            0                       (Unspecified)
system.ruby.network.data_traffic_distribution.n48.n59            0                       (Unspecified)
system.ruby.network.data_traffic_distribution.n48.n6            0                       (Unspecified)
system.ruby.network.data_traffic_distribution.n48.n60            0                       (Unspecified)
system.ruby.network.data_traffic_distribution.n48.n61            0                       (Unspecified)
system.ruby.network.data_traffic_distribution.n48.n62            0                       (Unspecified)
system.ruby.network.data_traffic_distribution.n48.n63            0                       (Unspecified)
system.ruby.network.data_traffic_distribution.n48.n7            0                       (Unspecified)
system.ruby.network.data_traffic_distribution.n48.n8            0                       (Unspecified)
system.ruby.network.data_traffic_distribution.n48.n9            0                       (Unspecified)
system.ruby.network.data_traffic_distribution.n49.n0            0                       (Unspecified)
system.ruby.network.data_traffic_distribution.n49.n1            0                       (Unspecified)
system.ruby.network.data_traffic_distribution.n49.n10            0                       (Unspecified)
system.ruby.network.data_traffic_distribution.n49.n11            0                       (Unspecified)
system.ruby.network.data_traffic_distribution.n49.n12            0                       (Unspecified)
system.ruby.network.data_traffic_distribution.n49.n13            0                       (Unspecified)
system.ruby.network.data_traffic_distribution.n49.n14            0                       (Unspecified)
system.ruby.network.data_traffic_distribution.n49.n15            0                       (Unspecified)
system.ruby.network.data_traffic_distribution.n49.n16            0                       (Unspecified)
system.ruby.network.data_traffic_distribution.n49.n17            0                       (Unspecified)
system.ruby.network.data_traffic_distribution.n49.n18            0                       (Unspecified)
system.ruby.network.data_traffic_distribution.n49.n19            0                       (Unspecified)
system.ruby.network.data_traffic_distribution.n49.n2            0                       (Unspecified)
system.ruby.network.data_traffic_distribution.n49.n20            0                       (Unspecified)
system.ruby.network.data_traffic_distribution.n49.n21            0                       (Unspecified)
system.ruby.network.data_traffic_distribution.n49.n22            0                       (Unspecified)
system.ruby.network.data_traffic_distribution.n49.n23            0                       (Unspecified)
system.ruby.network.data_traffic_distribution.n49.n24            0                       (Unspecified)
system.ruby.network.data_traffic_distribution.n49.n25            0                       (Unspecified)
system.ruby.network.data_traffic_distribution.n49.n26            0                       (Unspecified)
system.ruby.network.data_traffic_distribution.n49.n27            0                       (Unspecified)
system.ruby.network.data_traffic_distribution.n49.n28            0                       (Unspecified)
system.ruby.network.data_traffic_distribution.n49.n29            0                       (Unspecified)
system.ruby.network.data_traffic_distribution.n49.n3            0                       (Unspecified)
system.ruby.network.data_traffic_distribution.n49.n30            0                       (Unspecified)
system.ruby.network.data_traffic_distribution.n49.n31            0                       (Unspecified)
system.ruby.network.data_traffic_distribution.n49.n32            0                       (Unspecified)
system.ruby.network.data_traffic_distribution.n49.n33            0                       (Unspecified)
system.ruby.network.data_traffic_distribution.n49.n34            0                       (Unspecified)
system.ruby.network.data_traffic_distribution.n49.n35            0                       (Unspecified)
system.ruby.network.data_traffic_distribution.n49.n36            0                       (Unspecified)
system.ruby.network.data_traffic_distribution.n49.n37            0                       (Unspecified)
system.ruby.network.data_traffic_distribution.n49.n38            0                       (Unspecified)
system.ruby.network.data_traffic_distribution.n49.n39            0                       (Unspecified)
system.ruby.network.data_traffic_distribution.n49.n4            0                       (Unspecified)
system.ruby.network.data_traffic_distribution.n49.n40            0                       (Unspecified)
system.ruby.network.data_traffic_distribution.n49.n41            0                       (Unspecified)
system.ruby.network.data_traffic_distribution.n49.n42            0                       (Unspecified)
system.ruby.network.data_traffic_distribution.n49.n43            0                       (Unspecified)
system.ruby.network.data_traffic_distribution.n49.n44            0                       (Unspecified)
system.ruby.network.data_traffic_distribution.n49.n45            0                       (Unspecified)
system.ruby.network.data_traffic_distribution.n49.n46            0                       (Unspecified)
system.ruby.network.data_traffic_distribution.n49.n47            0                       (Unspecified)
system.ruby.network.data_traffic_distribution.n49.n48            0                       (Unspecified)
system.ruby.network.data_traffic_distribution.n49.n49            0                       (Unspecified)
system.ruby.network.data_traffic_distribution.n49.n5            0                       (Unspecified)
system.ruby.network.data_traffic_distribution.n49.n50            0                       (Unspecified)
system.ruby.network.data_traffic_distribution.n49.n51            0                       (Unspecified)
system.ruby.network.data_traffic_distribution.n49.n52            0                       (Unspecified)
system.ruby.network.data_traffic_distribution.n49.n53            0                       (Unspecified)
system.ruby.network.data_traffic_distribution.n49.n54            0                       (Unspecified)
system.ruby.network.data_traffic_distribution.n49.n55            0                       (Unspecified)
system.ruby.network.data_traffic_distribution.n49.n56            0                       (Unspecified)
system.ruby.network.data_traffic_distribution.n49.n57            0                       (Unspecified)
system.ruby.network.data_traffic_distribution.n49.n58            0                       (Unspecified)
system.ruby.network.data_traffic_distribution.n49.n59            0                       (Unspecified)
system.ruby.network.data_traffic_distribution.n49.n6            0                       (Unspecified)
system.ruby.network.data_traffic_distribution.n49.n60            0                       (Unspecified)
system.ruby.network.data_traffic_distribution.n49.n61            0                       (Unspecified)
system.ruby.network.data_traffic_distribution.n49.n62            0                       (Unspecified)
system.ruby.network.data_traffic_distribution.n49.n63            0                       (Unspecified)
system.ruby.network.data_traffic_distribution.n49.n7            0                       (Unspecified)
system.ruby.network.data_traffic_distribution.n49.n8            0                       (Unspecified)
system.ruby.network.data_traffic_distribution.n49.n9            0                       (Unspecified)
system.ruby.network.data_traffic_distribution.n5.n0            0                       (Unspecified)
system.ruby.network.data_traffic_distribution.n5.n1            0                       (Unspecified)
system.ruby.network.data_traffic_distribution.n5.n10            0                       (Unspecified)
system.ruby.network.data_traffic_distribution.n5.n11            0                       (Unspecified)
system.ruby.network.data_traffic_distribution.n5.n12            0                       (Unspecified)
system.ruby.network.data_traffic_distribution.n5.n13            0                       (Unspecified)
system.ruby.network.data_traffic_distribution.n5.n14            0                       (Unspecified)
system.ruby.network.data_traffic_distribution.n5.n15            0                       (Unspecified)
system.ruby.network.data_traffic_distribution.n5.n16            0                       (Unspecified)
system.ruby.network.data_traffic_distribution.n5.n17            0                       (Unspecified)
system.ruby.network.data_traffic_distribution.n5.n18            0                       (Unspecified)
system.ruby.network.data_traffic_distribution.n5.n19            0                       (Unspecified)
system.ruby.network.data_traffic_distribution.n5.n2            0                       (Unspecified)
system.ruby.network.data_traffic_distribution.n5.n20            0                       (Unspecified)
system.ruby.network.data_traffic_distribution.n5.n21            0                       (Unspecified)
system.ruby.network.data_traffic_distribution.n5.n22            0                       (Unspecified)
system.ruby.network.data_traffic_distribution.n5.n23            0                       (Unspecified)
system.ruby.network.data_traffic_distribution.n5.n24            0                       (Unspecified)
system.ruby.network.data_traffic_distribution.n5.n25            0                       (Unspecified)
system.ruby.network.data_traffic_distribution.n5.n26            1                       (Unspecified)
system.ruby.network.data_traffic_distribution.n5.n27            0                       (Unspecified)
system.ruby.network.data_traffic_distribution.n5.n28            0                       (Unspecified)
system.ruby.network.data_traffic_distribution.n5.n29            0                       (Unspecified)
system.ruby.network.data_traffic_distribution.n5.n3            0                       (Unspecified)
system.ruby.network.data_traffic_distribution.n5.n30            0                       (Unspecified)
system.ruby.network.data_traffic_distribution.n5.n31            0                       (Unspecified)
system.ruby.network.data_traffic_distribution.n5.n32            0                       (Unspecified)
system.ruby.network.data_traffic_distribution.n5.n33            0                       (Unspecified)
system.ruby.network.data_traffic_distribution.n5.n34            0                       (Unspecified)
system.ruby.network.data_traffic_distribution.n5.n35            0                       (Unspecified)
system.ruby.network.data_traffic_distribution.n5.n36            0                       (Unspecified)
system.ruby.network.data_traffic_distribution.n5.n37            0                       (Unspecified)
system.ruby.network.data_traffic_distribution.n5.n38            0                       (Unspecified)
system.ruby.network.data_traffic_distribution.n5.n39            0                       (Unspecified)
system.ruby.network.data_traffic_distribution.n5.n4            0                       (Unspecified)
system.ruby.network.data_traffic_distribution.n5.n40            0                       (Unspecified)
system.ruby.network.data_traffic_distribution.n5.n41            0                       (Unspecified)
system.ruby.network.data_traffic_distribution.n5.n42            0                       (Unspecified)
system.ruby.network.data_traffic_distribution.n5.n43            0                       (Unspecified)
system.ruby.network.data_traffic_distribution.n5.n44            0                       (Unspecified)
system.ruby.network.data_traffic_distribution.n5.n45            0                       (Unspecified)
system.ruby.network.data_traffic_distribution.n5.n46            0                       (Unspecified)
system.ruby.network.data_traffic_distribution.n5.n47            0                       (Unspecified)
system.ruby.network.data_traffic_distribution.n5.n48            0                       (Unspecified)
system.ruby.network.data_traffic_distribution.n5.n49            0                       (Unspecified)
system.ruby.network.data_traffic_distribution.n5.n5            0                       (Unspecified)
system.ruby.network.data_traffic_distribution.n5.n50            0                       (Unspecified)
system.ruby.network.data_traffic_distribution.n5.n51            0                       (Unspecified)
system.ruby.network.data_traffic_distribution.n5.n52            0                       (Unspecified)
system.ruby.network.data_traffic_distribution.n5.n53            0                       (Unspecified)
system.ruby.network.data_traffic_distribution.n5.n54            0                       (Unspecified)
system.ruby.network.data_traffic_distribution.n5.n55            0                       (Unspecified)
system.ruby.network.data_traffic_distribution.n5.n56            0                       (Unspecified)
system.ruby.network.data_traffic_distribution.n5.n57            0                       (Unspecified)
system.ruby.network.data_traffic_distribution.n5.n58            0                       (Unspecified)
system.ruby.network.data_traffic_distribution.n5.n59            0                       (Unspecified)
system.ruby.network.data_traffic_distribution.n5.n6            0                       (Unspecified)
system.ruby.network.data_traffic_distribution.n5.n60            0                       (Unspecified)
system.ruby.network.data_traffic_distribution.n5.n61            0                       (Unspecified)
system.ruby.network.data_traffic_distribution.n5.n62            0                       (Unspecified)
system.ruby.network.data_traffic_distribution.n5.n63            0                       (Unspecified)
system.ruby.network.data_traffic_distribution.n5.n7            0                       (Unspecified)
system.ruby.network.data_traffic_distribution.n5.n8            0                       (Unspecified)
system.ruby.network.data_traffic_distribution.n5.n9            0                       (Unspecified)
system.ruby.network.data_traffic_distribution.n50.n0            0                       (Unspecified)
system.ruby.network.data_traffic_distribution.n50.n1            0                       (Unspecified)
system.ruby.network.data_traffic_distribution.n50.n10            0                       (Unspecified)
system.ruby.network.data_traffic_distribution.n50.n11            0                       (Unspecified)
system.ruby.network.data_traffic_distribution.n50.n12            0                       (Unspecified)
system.ruby.network.data_traffic_distribution.n50.n13            0                       (Unspecified)
system.ruby.network.data_traffic_distribution.n50.n14            0                       (Unspecified)
system.ruby.network.data_traffic_distribution.n50.n15            0                       (Unspecified)
system.ruby.network.data_traffic_distribution.n50.n16            0                       (Unspecified)
system.ruby.network.data_traffic_distribution.n50.n17            0                       (Unspecified)
system.ruby.network.data_traffic_distribution.n50.n18            0                       (Unspecified)
system.ruby.network.data_traffic_distribution.n50.n19            0                       (Unspecified)
system.ruby.network.data_traffic_distribution.n50.n2            0                       (Unspecified)
system.ruby.network.data_traffic_distribution.n50.n20            0                       (Unspecified)
system.ruby.network.data_traffic_distribution.n50.n21            0                       (Unspecified)
system.ruby.network.data_traffic_distribution.n50.n22            0                       (Unspecified)
system.ruby.network.data_traffic_distribution.n50.n23            0                       (Unspecified)
system.ruby.network.data_traffic_distribution.n50.n24            0                       (Unspecified)
system.ruby.network.data_traffic_distribution.n50.n25            0                       (Unspecified)
system.ruby.network.data_traffic_distribution.n50.n26            0                       (Unspecified)
system.ruby.network.data_traffic_distribution.n50.n27            0                       (Unspecified)
system.ruby.network.data_traffic_distribution.n50.n28            0                       (Unspecified)
system.ruby.network.data_traffic_distribution.n50.n29            0                       (Unspecified)
system.ruby.network.data_traffic_distribution.n50.n3            0                       (Unspecified)
system.ruby.network.data_traffic_distribution.n50.n30            0                       (Unspecified)
system.ruby.network.data_traffic_distribution.n50.n31            0                       (Unspecified)
system.ruby.network.data_traffic_distribution.n50.n32            0                       (Unspecified)
system.ruby.network.data_traffic_distribution.n50.n33            0                       (Unspecified)
system.ruby.network.data_traffic_distribution.n50.n34            0                       (Unspecified)
system.ruby.network.data_traffic_distribution.n50.n35            0                       (Unspecified)
system.ruby.network.data_traffic_distribution.n50.n36            0                       (Unspecified)
system.ruby.network.data_traffic_distribution.n50.n37            0                       (Unspecified)
system.ruby.network.data_traffic_distribution.n50.n38            0                       (Unspecified)
system.ruby.network.data_traffic_distribution.n50.n39            0                       (Unspecified)
system.ruby.network.data_traffic_distribution.n50.n4            0                       (Unspecified)
system.ruby.network.data_traffic_distribution.n50.n40            0                       (Unspecified)
system.ruby.network.data_traffic_distribution.n50.n41            0                       (Unspecified)
system.ruby.network.data_traffic_distribution.n50.n42            0                       (Unspecified)
system.ruby.network.data_traffic_distribution.n50.n43            0                       (Unspecified)
system.ruby.network.data_traffic_distribution.n50.n44            0                       (Unspecified)
system.ruby.network.data_traffic_distribution.n50.n45            0                       (Unspecified)
system.ruby.network.data_traffic_distribution.n50.n46            0                       (Unspecified)
system.ruby.network.data_traffic_distribution.n50.n47            0                       (Unspecified)
system.ruby.network.data_traffic_distribution.n50.n48            0                       (Unspecified)
system.ruby.network.data_traffic_distribution.n50.n49            0                       (Unspecified)
system.ruby.network.data_traffic_distribution.n50.n5            0                       (Unspecified)
system.ruby.network.data_traffic_distribution.n50.n50            0                       (Unspecified)
system.ruby.network.data_traffic_distribution.n50.n51            0                       (Unspecified)
system.ruby.network.data_traffic_distribution.n50.n52            0                       (Unspecified)
system.ruby.network.data_traffic_distribution.n50.n53            0                       (Unspecified)
system.ruby.network.data_traffic_distribution.n50.n54            0                       (Unspecified)
system.ruby.network.data_traffic_distribution.n50.n55            0                       (Unspecified)
system.ruby.network.data_traffic_distribution.n50.n56            0                       (Unspecified)
system.ruby.network.data_traffic_distribution.n50.n57            0                       (Unspecified)
system.ruby.network.data_traffic_distribution.n50.n58            0                       (Unspecified)
system.ruby.network.data_traffic_distribution.n50.n59            0                       (Unspecified)
system.ruby.network.data_traffic_distribution.n50.n6            0                       (Unspecified)
system.ruby.network.data_traffic_distribution.n50.n60            0                       (Unspecified)
system.ruby.network.data_traffic_distribution.n50.n61            0                       (Unspecified)
system.ruby.network.data_traffic_distribution.n50.n62            0                       (Unspecified)
system.ruby.network.data_traffic_distribution.n50.n63            0                       (Unspecified)
system.ruby.network.data_traffic_distribution.n50.n7            0                       (Unspecified)
system.ruby.network.data_traffic_distribution.n50.n8            0                       (Unspecified)
system.ruby.network.data_traffic_distribution.n50.n9            0                       (Unspecified)
system.ruby.network.data_traffic_distribution.n51.n0            0                       (Unspecified)
system.ruby.network.data_traffic_distribution.n51.n1            0                       (Unspecified)
system.ruby.network.data_traffic_distribution.n51.n10            0                       (Unspecified)
system.ruby.network.data_traffic_distribution.n51.n11            0                       (Unspecified)
system.ruby.network.data_traffic_distribution.n51.n12            0                       (Unspecified)
system.ruby.network.data_traffic_distribution.n51.n13            0                       (Unspecified)
system.ruby.network.data_traffic_distribution.n51.n14            0                       (Unspecified)
system.ruby.network.data_traffic_distribution.n51.n15            0                       (Unspecified)
system.ruby.network.data_traffic_distribution.n51.n16            0                       (Unspecified)
system.ruby.network.data_traffic_distribution.n51.n17            0                       (Unspecified)
system.ruby.network.data_traffic_distribution.n51.n18            0                       (Unspecified)
system.ruby.network.data_traffic_distribution.n51.n19            0                       (Unspecified)
system.ruby.network.data_traffic_distribution.n51.n2            0                       (Unspecified)
system.ruby.network.data_traffic_distribution.n51.n20            0                       (Unspecified)
system.ruby.network.data_traffic_distribution.n51.n21            0                       (Unspecified)
system.ruby.network.data_traffic_distribution.n51.n22            0                       (Unspecified)
system.ruby.network.data_traffic_distribution.n51.n23            0                       (Unspecified)
system.ruby.network.data_traffic_distribution.n51.n24            0                       (Unspecified)
system.ruby.network.data_traffic_distribution.n51.n25            0                       (Unspecified)
system.ruby.network.data_traffic_distribution.n51.n26            0                       (Unspecified)
system.ruby.network.data_traffic_distribution.n51.n27            0                       (Unspecified)
system.ruby.network.data_traffic_distribution.n51.n28            0                       (Unspecified)
system.ruby.network.data_traffic_distribution.n51.n29            0                       (Unspecified)
system.ruby.network.data_traffic_distribution.n51.n3            0                       (Unspecified)
system.ruby.network.data_traffic_distribution.n51.n30            0                       (Unspecified)
system.ruby.network.data_traffic_distribution.n51.n31            1                       (Unspecified)
system.ruby.network.data_traffic_distribution.n51.n32            0                       (Unspecified)
system.ruby.network.data_traffic_distribution.n51.n33            0                       (Unspecified)
system.ruby.network.data_traffic_distribution.n51.n34            0                       (Unspecified)
system.ruby.network.data_traffic_distribution.n51.n35            0                       (Unspecified)
system.ruby.network.data_traffic_distribution.n51.n36            0                       (Unspecified)
system.ruby.network.data_traffic_distribution.n51.n37            0                       (Unspecified)
system.ruby.network.data_traffic_distribution.n51.n38            0                       (Unspecified)
system.ruby.network.data_traffic_distribution.n51.n39            0                       (Unspecified)
system.ruby.network.data_traffic_distribution.n51.n4            0                       (Unspecified)
system.ruby.network.data_traffic_distribution.n51.n40            0                       (Unspecified)
system.ruby.network.data_traffic_distribution.n51.n41            0                       (Unspecified)
system.ruby.network.data_traffic_distribution.n51.n42            0                       (Unspecified)
system.ruby.network.data_traffic_distribution.n51.n43            0                       (Unspecified)
system.ruby.network.data_traffic_distribution.n51.n44            0                       (Unspecified)
system.ruby.network.data_traffic_distribution.n51.n45            0                       (Unspecified)
system.ruby.network.data_traffic_distribution.n51.n46            0                       (Unspecified)
system.ruby.network.data_traffic_distribution.n51.n47            0                       (Unspecified)
system.ruby.network.data_traffic_distribution.n51.n48            0                       (Unspecified)
system.ruby.network.data_traffic_distribution.n51.n49            0                       (Unspecified)
system.ruby.network.data_traffic_distribution.n51.n5            0                       (Unspecified)
system.ruby.network.data_traffic_distribution.n51.n50            0                       (Unspecified)
system.ruby.network.data_traffic_distribution.n51.n51            0                       (Unspecified)
system.ruby.network.data_traffic_distribution.n51.n52            0                       (Unspecified)
system.ruby.network.data_traffic_distribution.n51.n53            0                       (Unspecified)
system.ruby.network.data_traffic_distribution.n51.n54            0                       (Unspecified)
system.ruby.network.data_traffic_distribution.n51.n55            0                       (Unspecified)
system.ruby.network.data_traffic_distribution.n51.n56            0                       (Unspecified)
system.ruby.network.data_traffic_distribution.n51.n57            0                       (Unspecified)
system.ruby.network.data_traffic_distribution.n51.n58            0                       (Unspecified)
system.ruby.network.data_traffic_distribution.n51.n59            0                       (Unspecified)
system.ruby.network.data_traffic_distribution.n51.n6            0                       (Unspecified)
system.ruby.network.data_traffic_distribution.n51.n60            0                       (Unspecified)
system.ruby.network.data_traffic_distribution.n51.n61            0                       (Unspecified)
system.ruby.network.data_traffic_distribution.n51.n62            0                       (Unspecified)
system.ruby.network.data_traffic_distribution.n51.n63            0                       (Unspecified)
system.ruby.network.data_traffic_distribution.n51.n7            0                       (Unspecified)
system.ruby.network.data_traffic_distribution.n51.n8            0                       (Unspecified)
system.ruby.network.data_traffic_distribution.n51.n9            0                       (Unspecified)
system.ruby.network.data_traffic_distribution.n52.n0            0                       (Unspecified)
system.ruby.network.data_traffic_distribution.n52.n1            0                       (Unspecified)
system.ruby.network.data_traffic_distribution.n52.n10            0                       (Unspecified)
system.ruby.network.data_traffic_distribution.n52.n11            0                       (Unspecified)
system.ruby.network.data_traffic_distribution.n52.n12            0                       (Unspecified)
system.ruby.network.data_traffic_distribution.n52.n13            0                       (Unspecified)
system.ruby.network.data_traffic_distribution.n52.n14            0                       (Unspecified)
system.ruby.network.data_traffic_distribution.n52.n15            0                       (Unspecified)
system.ruby.network.data_traffic_distribution.n52.n16            0                       (Unspecified)
system.ruby.network.data_traffic_distribution.n52.n17            0                       (Unspecified)
system.ruby.network.data_traffic_distribution.n52.n18            0                       (Unspecified)
system.ruby.network.data_traffic_distribution.n52.n19            0                       (Unspecified)
system.ruby.network.data_traffic_distribution.n52.n2            0                       (Unspecified)
system.ruby.network.data_traffic_distribution.n52.n20            0                       (Unspecified)
system.ruby.network.data_traffic_distribution.n52.n21            0                       (Unspecified)
system.ruby.network.data_traffic_distribution.n52.n22            0                       (Unspecified)
system.ruby.network.data_traffic_distribution.n52.n23            0                       (Unspecified)
system.ruby.network.data_traffic_distribution.n52.n24            0                       (Unspecified)
system.ruby.network.data_traffic_distribution.n52.n25            0                       (Unspecified)
system.ruby.network.data_traffic_distribution.n52.n26            0                       (Unspecified)
system.ruby.network.data_traffic_distribution.n52.n27            0                       (Unspecified)
system.ruby.network.data_traffic_distribution.n52.n28            0                       (Unspecified)
system.ruby.network.data_traffic_distribution.n52.n29            0                       (Unspecified)
system.ruby.network.data_traffic_distribution.n52.n3            0                       (Unspecified)
system.ruby.network.data_traffic_distribution.n52.n30            0                       (Unspecified)
system.ruby.network.data_traffic_distribution.n52.n31            0                       (Unspecified)
system.ruby.network.data_traffic_distribution.n52.n32            0                       (Unspecified)
system.ruby.network.data_traffic_distribution.n52.n33            0                       (Unspecified)
system.ruby.network.data_traffic_distribution.n52.n34            0                       (Unspecified)
system.ruby.network.data_traffic_distribution.n52.n35            0                       (Unspecified)
system.ruby.network.data_traffic_distribution.n52.n36            0                       (Unspecified)
system.ruby.network.data_traffic_distribution.n52.n37            0                       (Unspecified)
system.ruby.network.data_traffic_distribution.n52.n38            0                       (Unspecified)
system.ruby.network.data_traffic_distribution.n52.n39            0                       (Unspecified)
system.ruby.network.data_traffic_distribution.n52.n4            0                       (Unspecified)
system.ruby.network.data_traffic_distribution.n52.n40            0                       (Unspecified)
system.ruby.network.data_traffic_distribution.n52.n41            0                       (Unspecified)
system.ruby.network.data_traffic_distribution.n52.n42            0                       (Unspecified)
system.ruby.network.data_traffic_distribution.n52.n43            0                       (Unspecified)
system.ruby.network.data_traffic_distribution.n52.n44            0                       (Unspecified)
system.ruby.network.data_traffic_distribution.n52.n45            0                       (Unspecified)
system.ruby.network.data_traffic_distribution.n52.n46            0                       (Unspecified)
system.ruby.network.data_traffic_distribution.n52.n47            0                       (Unspecified)
system.ruby.network.data_traffic_distribution.n52.n48            0                       (Unspecified)
system.ruby.network.data_traffic_distribution.n52.n49            0                       (Unspecified)
system.ruby.network.data_traffic_distribution.n52.n5            0                       (Unspecified)
system.ruby.network.data_traffic_distribution.n52.n50            0                       (Unspecified)
system.ruby.network.data_traffic_distribution.n52.n51            0                       (Unspecified)
system.ruby.network.data_traffic_distribution.n52.n52            0                       (Unspecified)
system.ruby.network.data_traffic_distribution.n52.n53            0                       (Unspecified)
system.ruby.network.data_traffic_distribution.n52.n54            0                       (Unspecified)
system.ruby.network.data_traffic_distribution.n52.n55            0                       (Unspecified)
system.ruby.network.data_traffic_distribution.n52.n56            0                       (Unspecified)
system.ruby.network.data_traffic_distribution.n52.n57            0                       (Unspecified)
system.ruby.network.data_traffic_distribution.n52.n58            0                       (Unspecified)
system.ruby.network.data_traffic_distribution.n52.n59            0                       (Unspecified)
system.ruby.network.data_traffic_distribution.n52.n6            0                       (Unspecified)
system.ruby.network.data_traffic_distribution.n52.n60            0                       (Unspecified)
system.ruby.network.data_traffic_distribution.n52.n61            0                       (Unspecified)
system.ruby.network.data_traffic_distribution.n52.n62            0                       (Unspecified)
system.ruby.network.data_traffic_distribution.n52.n63            0                       (Unspecified)
system.ruby.network.data_traffic_distribution.n52.n7            0                       (Unspecified)
system.ruby.network.data_traffic_distribution.n52.n8            0                       (Unspecified)
system.ruby.network.data_traffic_distribution.n52.n9            0                       (Unspecified)
system.ruby.network.data_traffic_distribution.n53.n0            0                       (Unspecified)
system.ruby.network.data_traffic_distribution.n53.n1            0                       (Unspecified)
system.ruby.network.data_traffic_distribution.n53.n10            0                       (Unspecified)
system.ruby.network.data_traffic_distribution.n53.n11            0                       (Unspecified)
system.ruby.network.data_traffic_distribution.n53.n12            0                       (Unspecified)
system.ruby.network.data_traffic_distribution.n53.n13            0                       (Unspecified)
system.ruby.network.data_traffic_distribution.n53.n14            0                       (Unspecified)
system.ruby.network.data_traffic_distribution.n53.n15            0                       (Unspecified)
system.ruby.network.data_traffic_distribution.n53.n16            0                       (Unspecified)
system.ruby.network.data_traffic_distribution.n53.n17            0                       (Unspecified)
system.ruby.network.data_traffic_distribution.n53.n18            0                       (Unspecified)
system.ruby.network.data_traffic_distribution.n53.n19            0                       (Unspecified)
system.ruby.network.data_traffic_distribution.n53.n2            0                       (Unspecified)
system.ruby.network.data_traffic_distribution.n53.n20            0                       (Unspecified)
system.ruby.network.data_traffic_distribution.n53.n21            0                       (Unspecified)
system.ruby.network.data_traffic_distribution.n53.n22            0                       (Unspecified)
system.ruby.network.data_traffic_distribution.n53.n23            0                       (Unspecified)
system.ruby.network.data_traffic_distribution.n53.n24            0                       (Unspecified)
system.ruby.network.data_traffic_distribution.n53.n25            0                       (Unspecified)
system.ruby.network.data_traffic_distribution.n53.n26            0                       (Unspecified)
system.ruby.network.data_traffic_distribution.n53.n27            0                       (Unspecified)
system.ruby.network.data_traffic_distribution.n53.n28            0                       (Unspecified)
system.ruby.network.data_traffic_distribution.n53.n29            0                       (Unspecified)
system.ruby.network.data_traffic_distribution.n53.n3            0                       (Unspecified)
system.ruby.network.data_traffic_distribution.n53.n30            0                       (Unspecified)
system.ruby.network.data_traffic_distribution.n53.n31            0                       (Unspecified)
system.ruby.network.data_traffic_distribution.n53.n32            0                       (Unspecified)
system.ruby.network.data_traffic_distribution.n53.n33            0                       (Unspecified)
system.ruby.network.data_traffic_distribution.n53.n34            0                       (Unspecified)
system.ruby.network.data_traffic_distribution.n53.n35            0                       (Unspecified)
system.ruby.network.data_traffic_distribution.n53.n36            0                       (Unspecified)
system.ruby.network.data_traffic_distribution.n53.n37            0                       (Unspecified)
system.ruby.network.data_traffic_distribution.n53.n38            0                       (Unspecified)
system.ruby.network.data_traffic_distribution.n53.n39            0                       (Unspecified)
system.ruby.network.data_traffic_distribution.n53.n4            0                       (Unspecified)
system.ruby.network.data_traffic_distribution.n53.n40            0                       (Unspecified)
system.ruby.network.data_traffic_distribution.n53.n41            0                       (Unspecified)
system.ruby.network.data_traffic_distribution.n53.n42            0                       (Unspecified)
system.ruby.network.data_traffic_distribution.n53.n43            0                       (Unspecified)
system.ruby.network.data_traffic_distribution.n53.n44            0                       (Unspecified)
system.ruby.network.data_traffic_distribution.n53.n45            0                       (Unspecified)
system.ruby.network.data_traffic_distribution.n53.n46            0                       (Unspecified)
system.ruby.network.data_traffic_distribution.n53.n47            0                       (Unspecified)
system.ruby.network.data_traffic_distribution.n53.n48            0                       (Unspecified)
system.ruby.network.data_traffic_distribution.n53.n49            0                       (Unspecified)
system.ruby.network.data_traffic_distribution.n53.n5            0                       (Unspecified)
system.ruby.network.data_traffic_distribution.n53.n50            0                       (Unspecified)
system.ruby.network.data_traffic_distribution.n53.n51            0                       (Unspecified)
system.ruby.network.data_traffic_distribution.n53.n52            0                       (Unspecified)
system.ruby.network.data_traffic_distribution.n53.n53            0                       (Unspecified)
system.ruby.network.data_traffic_distribution.n53.n54            0                       (Unspecified)
system.ruby.network.data_traffic_distribution.n53.n55            0                       (Unspecified)
system.ruby.network.data_traffic_distribution.n53.n56            1                       (Unspecified)
system.ruby.network.data_traffic_distribution.n53.n57            0                       (Unspecified)
system.ruby.network.data_traffic_distribution.n53.n58            0                       (Unspecified)
system.ruby.network.data_traffic_distribution.n53.n59            0                       (Unspecified)
system.ruby.network.data_traffic_distribution.n53.n6            0                       (Unspecified)
system.ruby.network.data_traffic_distribution.n53.n60            0                       (Unspecified)
system.ruby.network.data_traffic_distribution.n53.n61            0                       (Unspecified)
system.ruby.network.data_traffic_distribution.n53.n62            0                       (Unspecified)
system.ruby.network.data_traffic_distribution.n53.n63            0                       (Unspecified)
system.ruby.network.data_traffic_distribution.n53.n7            0                       (Unspecified)
system.ruby.network.data_traffic_distribution.n53.n8            0                       (Unspecified)
system.ruby.network.data_traffic_distribution.n53.n9            0                       (Unspecified)
system.ruby.network.data_traffic_distribution.n54.n0            0                       (Unspecified)
system.ruby.network.data_traffic_distribution.n54.n1            0                       (Unspecified)
system.ruby.network.data_traffic_distribution.n54.n10            0                       (Unspecified)
system.ruby.network.data_traffic_distribution.n54.n11            0                       (Unspecified)
system.ruby.network.data_traffic_distribution.n54.n12            0                       (Unspecified)
system.ruby.network.data_traffic_distribution.n54.n13            0                       (Unspecified)
system.ruby.network.data_traffic_distribution.n54.n14            0                       (Unspecified)
system.ruby.network.data_traffic_distribution.n54.n15            0                       (Unspecified)
system.ruby.network.data_traffic_distribution.n54.n16            0                       (Unspecified)
system.ruby.network.data_traffic_distribution.n54.n17            0                       (Unspecified)
system.ruby.network.data_traffic_distribution.n54.n18            0                       (Unspecified)
system.ruby.network.data_traffic_distribution.n54.n19            0                       (Unspecified)
system.ruby.network.data_traffic_distribution.n54.n2            0                       (Unspecified)
system.ruby.network.data_traffic_distribution.n54.n20            1                       (Unspecified)
system.ruby.network.data_traffic_distribution.n54.n21            0                       (Unspecified)
system.ruby.network.data_traffic_distribution.n54.n22            0                       (Unspecified)
system.ruby.network.data_traffic_distribution.n54.n23            0                       (Unspecified)
system.ruby.network.data_traffic_distribution.n54.n24            0                       (Unspecified)
system.ruby.network.data_traffic_distribution.n54.n25            0                       (Unspecified)
system.ruby.network.data_traffic_distribution.n54.n26            0                       (Unspecified)
system.ruby.network.data_traffic_distribution.n54.n27            0                       (Unspecified)
system.ruby.network.data_traffic_distribution.n54.n28            0                       (Unspecified)
system.ruby.network.data_traffic_distribution.n54.n29            0                       (Unspecified)
system.ruby.network.data_traffic_distribution.n54.n3            0                       (Unspecified)
system.ruby.network.data_traffic_distribution.n54.n30            0                       (Unspecified)
system.ruby.network.data_traffic_distribution.n54.n31            0                       (Unspecified)
system.ruby.network.data_traffic_distribution.n54.n32            0                       (Unspecified)
system.ruby.network.data_traffic_distribution.n54.n33            0                       (Unspecified)
system.ruby.network.data_traffic_distribution.n54.n34            0                       (Unspecified)
system.ruby.network.data_traffic_distribution.n54.n35            0                       (Unspecified)
system.ruby.network.data_traffic_distribution.n54.n36            0                       (Unspecified)
system.ruby.network.data_traffic_distribution.n54.n37            0                       (Unspecified)
system.ruby.network.data_traffic_distribution.n54.n38            0                       (Unspecified)
system.ruby.network.data_traffic_distribution.n54.n39            0                       (Unspecified)
system.ruby.network.data_traffic_distribution.n54.n4            0                       (Unspecified)
system.ruby.network.data_traffic_distribution.n54.n40            0                       (Unspecified)
system.ruby.network.data_traffic_distribution.n54.n41            0                       (Unspecified)
system.ruby.network.data_traffic_distribution.n54.n42            0                       (Unspecified)
system.ruby.network.data_traffic_distribution.n54.n43            0                       (Unspecified)
system.ruby.network.data_traffic_distribution.n54.n44            0                       (Unspecified)
system.ruby.network.data_traffic_distribution.n54.n45            0                       (Unspecified)
system.ruby.network.data_traffic_distribution.n54.n46            0                       (Unspecified)
system.ruby.network.data_traffic_distribution.n54.n47            0                       (Unspecified)
system.ruby.network.data_traffic_distribution.n54.n48            0                       (Unspecified)
system.ruby.network.data_traffic_distribution.n54.n49            0                       (Unspecified)
system.ruby.network.data_traffic_distribution.n54.n5            0                       (Unspecified)
system.ruby.network.data_traffic_distribution.n54.n50            0                       (Unspecified)
system.ruby.network.data_traffic_distribution.n54.n51            0                       (Unspecified)
system.ruby.network.data_traffic_distribution.n54.n52            0                       (Unspecified)
system.ruby.network.data_traffic_distribution.n54.n53            0                       (Unspecified)
system.ruby.network.data_traffic_distribution.n54.n54            0                       (Unspecified)
system.ruby.network.data_traffic_distribution.n54.n55            0                       (Unspecified)
system.ruby.network.data_traffic_distribution.n54.n56            0                       (Unspecified)
system.ruby.network.data_traffic_distribution.n54.n57            0                       (Unspecified)
system.ruby.network.data_traffic_distribution.n54.n58            0                       (Unspecified)
system.ruby.network.data_traffic_distribution.n54.n59            0                       (Unspecified)
system.ruby.network.data_traffic_distribution.n54.n6            0                       (Unspecified)
system.ruby.network.data_traffic_distribution.n54.n60            0                       (Unspecified)
system.ruby.network.data_traffic_distribution.n54.n61            0                       (Unspecified)
system.ruby.network.data_traffic_distribution.n54.n62            0                       (Unspecified)
system.ruby.network.data_traffic_distribution.n54.n63            0                       (Unspecified)
system.ruby.network.data_traffic_distribution.n54.n7            0                       (Unspecified)
system.ruby.network.data_traffic_distribution.n54.n8            0                       (Unspecified)
system.ruby.network.data_traffic_distribution.n54.n9            0                       (Unspecified)
system.ruby.network.data_traffic_distribution.n55.n0            0                       (Unspecified)
system.ruby.network.data_traffic_distribution.n55.n1            0                       (Unspecified)
system.ruby.network.data_traffic_distribution.n55.n10            0                       (Unspecified)
system.ruby.network.data_traffic_distribution.n55.n11            0                       (Unspecified)
system.ruby.network.data_traffic_distribution.n55.n12            0                       (Unspecified)
system.ruby.network.data_traffic_distribution.n55.n13            0                       (Unspecified)
system.ruby.network.data_traffic_distribution.n55.n14            0                       (Unspecified)
system.ruby.network.data_traffic_distribution.n55.n15            0                       (Unspecified)
system.ruby.network.data_traffic_distribution.n55.n16            0                       (Unspecified)
system.ruby.network.data_traffic_distribution.n55.n17            0                       (Unspecified)
system.ruby.network.data_traffic_distribution.n55.n18            0                       (Unspecified)
system.ruby.network.data_traffic_distribution.n55.n19            0                       (Unspecified)
system.ruby.network.data_traffic_distribution.n55.n2            0                       (Unspecified)
system.ruby.network.data_traffic_distribution.n55.n20            0                       (Unspecified)
system.ruby.network.data_traffic_distribution.n55.n21            0                       (Unspecified)
system.ruby.network.data_traffic_distribution.n55.n22            0                       (Unspecified)
system.ruby.network.data_traffic_distribution.n55.n23            0                       (Unspecified)
system.ruby.network.data_traffic_distribution.n55.n24            0                       (Unspecified)
system.ruby.network.data_traffic_distribution.n55.n25            0                       (Unspecified)
system.ruby.network.data_traffic_distribution.n55.n26            0                       (Unspecified)
system.ruby.network.data_traffic_distribution.n55.n27            0                       (Unspecified)
system.ruby.network.data_traffic_distribution.n55.n28            0                       (Unspecified)
system.ruby.network.data_traffic_distribution.n55.n29            0                       (Unspecified)
system.ruby.network.data_traffic_distribution.n55.n3            0                       (Unspecified)
system.ruby.network.data_traffic_distribution.n55.n30            0                       (Unspecified)
system.ruby.network.data_traffic_distribution.n55.n31            0                       (Unspecified)
system.ruby.network.data_traffic_distribution.n55.n32            0                       (Unspecified)
system.ruby.network.data_traffic_distribution.n55.n33            0                       (Unspecified)
system.ruby.network.data_traffic_distribution.n55.n34            0                       (Unspecified)
system.ruby.network.data_traffic_distribution.n55.n35            0                       (Unspecified)
system.ruby.network.data_traffic_distribution.n55.n36            0                       (Unspecified)
system.ruby.network.data_traffic_distribution.n55.n37            0                       (Unspecified)
system.ruby.network.data_traffic_distribution.n55.n38            0                       (Unspecified)
system.ruby.network.data_traffic_distribution.n55.n39            0                       (Unspecified)
system.ruby.network.data_traffic_distribution.n55.n4            0                       (Unspecified)
system.ruby.network.data_traffic_distribution.n55.n40            0                       (Unspecified)
system.ruby.network.data_traffic_distribution.n55.n41            0                       (Unspecified)
system.ruby.network.data_traffic_distribution.n55.n42            0                       (Unspecified)
system.ruby.network.data_traffic_distribution.n55.n43            0                       (Unspecified)
system.ruby.network.data_traffic_distribution.n55.n44            0                       (Unspecified)
system.ruby.network.data_traffic_distribution.n55.n45            0                       (Unspecified)
system.ruby.network.data_traffic_distribution.n55.n46            0                       (Unspecified)
system.ruby.network.data_traffic_distribution.n55.n47            0                       (Unspecified)
system.ruby.network.data_traffic_distribution.n55.n48            0                       (Unspecified)
system.ruby.network.data_traffic_distribution.n55.n49            1                       (Unspecified)
system.ruby.network.data_traffic_distribution.n55.n5            0                       (Unspecified)
system.ruby.network.data_traffic_distribution.n55.n50            0                       (Unspecified)
system.ruby.network.data_traffic_distribution.n55.n51            0                       (Unspecified)
system.ruby.network.data_traffic_distribution.n55.n52            0                       (Unspecified)
system.ruby.network.data_traffic_distribution.n55.n53            0                       (Unspecified)
system.ruby.network.data_traffic_distribution.n55.n54            0                       (Unspecified)
system.ruby.network.data_traffic_distribution.n55.n55            0                       (Unspecified)
system.ruby.network.data_traffic_distribution.n55.n56            0                       (Unspecified)
system.ruby.network.data_traffic_distribution.n55.n57            1                       (Unspecified)
system.ruby.network.data_traffic_distribution.n55.n58            0                       (Unspecified)
system.ruby.network.data_traffic_distribution.n55.n59            0                       (Unspecified)
system.ruby.network.data_traffic_distribution.n55.n6            0                       (Unspecified)
system.ruby.network.data_traffic_distribution.n55.n60            0                       (Unspecified)
system.ruby.network.data_traffic_distribution.n55.n61            0                       (Unspecified)
system.ruby.network.data_traffic_distribution.n55.n62            0                       (Unspecified)
system.ruby.network.data_traffic_distribution.n55.n63            0                       (Unspecified)
system.ruby.network.data_traffic_distribution.n55.n7            0                       (Unspecified)
system.ruby.network.data_traffic_distribution.n55.n8            0                       (Unspecified)
system.ruby.network.data_traffic_distribution.n55.n9            0                       (Unspecified)
system.ruby.network.data_traffic_distribution.n56.n0            0                       (Unspecified)
system.ruby.network.data_traffic_distribution.n56.n1            0                       (Unspecified)
system.ruby.network.data_traffic_distribution.n56.n10            0                       (Unspecified)
system.ruby.network.data_traffic_distribution.n56.n11            0                       (Unspecified)
system.ruby.network.data_traffic_distribution.n56.n12            0                       (Unspecified)
system.ruby.network.data_traffic_distribution.n56.n13            0                       (Unspecified)
system.ruby.network.data_traffic_distribution.n56.n14            0                       (Unspecified)
system.ruby.network.data_traffic_distribution.n56.n15            0                       (Unspecified)
system.ruby.network.data_traffic_distribution.n56.n16            0                       (Unspecified)
system.ruby.network.data_traffic_distribution.n56.n17            0                       (Unspecified)
system.ruby.network.data_traffic_distribution.n56.n18            0                       (Unspecified)
system.ruby.network.data_traffic_distribution.n56.n19            0                       (Unspecified)
system.ruby.network.data_traffic_distribution.n56.n2            0                       (Unspecified)
system.ruby.network.data_traffic_distribution.n56.n20            0                       (Unspecified)
system.ruby.network.data_traffic_distribution.n56.n21            0                       (Unspecified)
system.ruby.network.data_traffic_distribution.n56.n22            0                       (Unspecified)
system.ruby.network.data_traffic_distribution.n56.n23            0                       (Unspecified)
system.ruby.network.data_traffic_distribution.n56.n24            0                       (Unspecified)
system.ruby.network.data_traffic_distribution.n56.n25            0                       (Unspecified)
system.ruby.network.data_traffic_distribution.n56.n26            0                       (Unspecified)
system.ruby.network.data_traffic_distribution.n56.n27            0                       (Unspecified)
system.ruby.network.data_traffic_distribution.n56.n28            0                       (Unspecified)
system.ruby.network.data_traffic_distribution.n56.n29            0                       (Unspecified)
system.ruby.network.data_traffic_distribution.n56.n3            0                       (Unspecified)
system.ruby.network.data_traffic_distribution.n56.n30            0                       (Unspecified)
system.ruby.network.data_traffic_distribution.n56.n31            0                       (Unspecified)
system.ruby.network.data_traffic_distribution.n56.n32            0                       (Unspecified)
system.ruby.network.data_traffic_distribution.n56.n33            0                       (Unspecified)
system.ruby.network.data_traffic_distribution.n56.n34            0                       (Unspecified)
system.ruby.network.data_traffic_distribution.n56.n35            0                       (Unspecified)
system.ruby.network.data_traffic_distribution.n56.n36            0                       (Unspecified)
system.ruby.network.data_traffic_distribution.n56.n37            0                       (Unspecified)
system.ruby.network.data_traffic_distribution.n56.n38            0                       (Unspecified)
system.ruby.network.data_traffic_distribution.n56.n39            0                       (Unspecified)
system.ruby.network.data_traffic_distribution.n56.n4            0                       (Unspecified)
system.ruby.network.data_traffic_distribution.n56.n40            0                       (Unspecified)
system.ruby.network.data_traffic_distribution.n56.n41            0                       (Unspecified)
system.ruby.network.data_traffic_distribution.n56.n42            0                       (Unspecified)
system.ruby.network.data_traffic_distribution.n56.n43            0                       (Unspecified)
system.ruby.network.data_traffic_distribution.n56.n44            0                       (Unspecified)
system.ruby.network.data_traffic_distribution.n56.n45            0                       (Unspecified)
system.ruby.network.data_traffic_distribution.n56.n46            0                       (Unspecified)
system.ruby.network.data_traffic_distribution.n56.n47            0                       (Unspecified)
system.ruby.network.data_traffic_distribution.n56.n48            0                       (Unspecified)
system.ruby.network.data_traffic_distribution.n56.n49            0                       (Unspecified)
system.ruby.network.data_traffic_distribution.n56.n5            0                       (Unspecified)
system.ruby.network.data_traffic_distribution.n56.n50            0                       (Unspecified)
system.ruby.network.data_traffic_distribution.n56.n51            0                       (Unspecified)
system.ruby.network.data_traffic_distribution.n56.n52            0                       (Unspecified)
system.ruby.network.data_traffic_distribution.n56.n53            0                       (Unspecified)
system.ruby.network.data_traffic_distribution.n56.n54            0                       (Unspecified)
system.ruby.network.data_traffic_distribution.n56.n55            0                       (Unspecified)
system.ruby.network.data_traffic_distribution.n56.n56            0                       (Unspecified)
system.ruby.network.data_traffic_distribution.n56.n57            0                       (Unspecified)
system.ruby.network.data_traffic_distribution.n56.n58            0                       (Unspecified)
system.ruby.network.data_traffic_distribution.n56.n59            0                       (Unspecified)
system.ruby.network.data_traffic_distribution.n56.n6            0                       (Unspecified)
system.ruby.network.data_traffic_distribution.n56.n60            0                       (Unspecified)
system.ruby.network.data_traffic_distribution.n56.n61            0                       (Unspecified)
system.ruby.network.data_traffic_distribution.n56.n62            0                       (Unspecified)
system.ruby.network.data_traffic_distribution.n56.n63            0                       (Unspecified)
system.ruby.network.data_traffic_distribution.n56.n7            0                       (Unspecified)
system.ruby.network.data_traffic_distribution.n56.n8            0                       (Unspecified)
system.ruby.network.data_traffic_distribution.n56.n9            0                       (Unspecified)
system.ruby.network.data_traffic_distribution.n57.n0            0                       (Unspecified)
system.ruby.network.data_traffic_distribution.n57.n1            0                       (Unspecified)
system.ruby.network.data_traffic_distribution.n57.n10            0                       (Unspecified)
system.ruby.network.data_traffic_distribution.n57.n11            0                       (Unspecified)
system.ruby.network.data_traffic_distribution.n57.n12            0                       (Unspecified)
system.ruby.network.data_traffic_distribution.n57.n13            0                       (Unspecified)
system.ruby.network.data_traffic_distribution.n57.n14            0                       (Unspecified)
system.ruby.network.data_traffic_distribution.n57.n15            0                       (Unspecified)
system.ruby.network.data_traffic_distribution.n57.n16            0                       (Unspecified)
system.ruby.network.data_traffic_distribution.n57.n17            0                       (Unspecified)
system.ruby.network.data_traffic_distribution.n57.n18            0                       (Unspecified)
system.ruby.network.data_traffic_distribution.n57.n19            0                       (Unspecified)
system.ruby.network.data_traffic_distribution.n57.n2            0                       (Unspecified)
system.ruby.network.data_traffic_distribution.n57.n20            0                       (Unspecified)
system.ruby.network.data_traffic_distribution.n57.n21            0                       (Unspecified)
system.ruby.network.data_traffic_distribution.n57.n22            0                       (Unspecified)
system.ruby.network.data_traffic_distribution.n57.n23            0                       (Unspecified)
system.ruby.network.data_traffic_distribution.n57.n24            0                       (Unspecified)
system.ruby.network.data_traffic_distribution.n57.n25            0                       (Unspecified)
system.ruby.network.data_traffic_distribution.n57.n26            0                       (Unspecified)
system.ruby.network.data_traffic_distribution.n57.n27            0                       (Unspecified)
system.ruby.network.data_traffic_distribution.n57.n28            0                       (Unspecified)
system.ruby.network.data_traffic_distribution.n57.n29            0                       (Unspecified)
system.ruby.network.data_traffic_distribution.n57.n3            0                       (Unspecified)
system.ruby.network.data_traffic_distribution.n57.n30            0                       (Unspecified)
system.ruby.network.data_traffic_distribution.n57.n31            0                       (Unspecified)
system.ruby.network.data_traffic_distribution.n57.n32            0                       (Unspecified)
system.ruby.network.data_traffic_distribution.n57.n33            0                       (Unspecified)
system.ruby.network.data_traffic_distribution.n57.n34            0                       (Unspecified)
system.ruby.network.data_traffic_distribution.n57.n35            0                       (Unspecified)
system.ruby.network.data_traffic_distribution.n57.n36            0                       (Unspecified)
system.ruby.network.data_traffic_distribution.n57.n37            0                       (Unspecified)
system.ruby.network.data_traffic_distribution.n57.n38            0                       (Unspecified)
system.ruby.network.data_traffic_distribution.n57.n39            0                       (Unspecified)
system.ruby.network.data_traffic_distribution.n57.n4            0                       (Unspecified)
system.ruby.network.data_traffic_distribution.n57.n40            0                       (Unspecified)
system.ruby.network.data_traffic_distribution.n57.n41            0                       (Unspecified)
system.ruby.network.data_traffic_distribution.n57.n42            0                       (Unspecified)
system.ruby.network.data_traffic_distribution.n57.n43            0                       (Unspecified)
system.ruby.network.data_traffic_distribution.n57.n44            0                       (Unspecified)
system.ruby.network.data_traffic_distribution.n57.n45            0                       (Unspecified)
system.ruby.network.data_traffic_distribution.n57.n46            0                       (Unspecified)
system.ruby.network.data_traffic_distribution.n57.n47            0                       (Unspecified)
system.ruby.network.data_traffic_distribution.n57.n48            0                       (Unspecified)
system.ruby.network.data_traffic_distribution.n57.n49            0                       (Unspecified)
system.ruby.network.data_traffic_distribution.n57.n5            0                       (Unspecified)
system.ruby.network.data_traffic_distribution.n57.n50            0                       (Unspecified)
system.ruby.network.data_traffic_distribution.n57.n51            0                       (Unspecified)
system.ruby.network.data_traffic_distribution.n57.n52            0                       (Unspecified)
system.ruby.network.data_traffic_distribution.n57.n53            0                       (Unspecified)
system.ruby.network.data_traffic_distribution.n57.n54            0                       (Unspecified)
system.ruby.network.data_traffic_distribution.n57.n55            0                       (Unspecified)
system.ruby.network.data_traffic_distribution.n57.n56            0                       (Unspecified)
system.ruby.network.data_traffic_distribution.n57.n57            0                       (Unspecified)
system.ruby.network.data_traffic_distribution.n57.n58            0                       (Unspecified)
system.ruby.network.data_traffic_distribution.n57.n59            0                       (Unspecified)
system.ruby.network.data_traffic_distribution.n57.n6            0                       (Unspecified)
system.ruby.network.data_traffic_distribution.n57.n60            0                       (Unspecified)
system.ruby.network.data_traffic_distribution.n57.n61            0                       (Unspecified)
system.ruby.network.data_traffic_distribution.n57.n62            0                       (Unspecified)
system.ruby.network.data_traffic_distribution.n57.n63            0                       (Unspecified)
system.ruby.network.data_traffic_distribution.n57.n7            0                       (Unspecified)
system.ruby.network.data_traffic_distribution.n57.n8            0                       (Unspecified)
system.ruby.network.data_traffic_distribution.n57.n9            0                       (Unspecified)
system.ruby.network.data_traffic_distribution.n58.n0            0                       (Unspecified)
system.ruby.network.data_traffic_distribution.n58.n1            0                       (Unspecified)
system.ruby.network.data_traffic_distribution.n58.n10            0                       (Unspecified)
system.ruby.network.data_traffic_distribution.n58.n11            0                       (Unspecified)
system.ruby.network.data_traffic_distribution.n58.n12            0                       (Unspecified)
system.ruby.network.data_traffic_distribution.n58.n13            0                       (Unspecified)
system.ruby.network.data_traffic_distribution.n58.n14            0                       (Unspecified)
system.ruby.network.data_traffic_distribution.n58.n15            0                       (Unspecified)
system.ruby.network.data_traffic_distribution.n58.n16            0                       (Unspecified)
system.ruby.network.data_traffic_distribution.n58.n17            0                       (Unspecified)
system.ruby.network.data_traffic_distribution.n58.n18            0                       (Unspecified)
system.ruby.network.data_traffic_distribution.n58.n19            0                       (Unspecified)
system.ruby.network.data_traffic_distribution.n58.n2            0                       (Unspecified)
system.ruby.network.data_traffic_distribution.n58.n20            0                       (Unspecified)
system.ruby.network.data_traffic_distribution.n58.n21            0                       (Unspecified)
system.ruby.network.data_traffic_distribution.n58.n22            0                       (Unspecified)
system.ruby.network.data_traffic_distribution.n58.n23            0                       (Unspecified)
system.ruby.network.data_traffic_distribution.n58.n24            0                       (Unspecified)
system.ruby.network.data_traffic_distribution.n58.n25            0                       (Unspecified)
system.ruby.network.data_traffic_distribution.n58.n26            0                       (Unspecified)
system.ruby.network.data_traffic_distribution.n58.n27            0                       (Unspecified)
system.ruby.network.data_traffic_distribution.n58.n28            0                       (Unspecified)
system.ruby.network.data_traffic_distribution.n58.n29            0                       (Unspecified)
system.ruby.network.data_traffic_distribution.n58.n3            0                       (Unspecified)
system.ruby.network.data_traffic_distribution.n58.n30            0                       (Unspecified)
system.ruby.network.data_traffic_distribution.n58.n31            0                       (Unspecified)
system.ruby.network.data_traffic_distribution.n58.n32            0                       (Unspecified)
system.ruby.network.data_traffic_distribution.n58.n33            0                       (Unspecified)
system.ruby.network.data_traffic_distribution.n58.n34            0                       (Unspecified)
system.ruby.network.data_traffic_distribution.n58.n35            0                       (Unspecified)
system.ruby.network.data_traffic_distribution.n58.n36            0                       (Unspecified)
system.ruby.network.data_traffic_distribution.n58.n37            0                       (Unspecified)
system.ruby.network.data_traffic_distribution.n58.n38            0                       (Unspecified)
system.ruby.network.data_traffic_distribution.n58.n39            0                       (Unspecified)
system.ruby.network.data_traffic_distribution.n58.n4            0                       (Unspecified)
system.ruby.network.data_traffic_distribution.n58.n40            0                       (Unspecified)
system.ruby.network.data_traffic_distribution.n58.n41            0                       (Unspecified)
system.ruby.network.data_traffic_distribution.n58.n42            0                       (Unspecified)
system.ruby.network.data_traffic_distribution.n58.n43            0                       (Unspecified)
system.ruby.network.data_traffic_distribution.n58.n44            0                       (Unspecified)
system.ruby.network.data_traffic_distribution.n58.n45            0                       (Unspecified)
system.ruby.network.data_traffic_distribution.n58.n46            0                       (Unspecified)
system.ruby.network.data_traffic_distribution.n58.n47            0                       (Unspecified)
system.ruby.network.data_traffic_distribution.n58.n48            0                       (Unspecified)
system.ruby.network.data_traffic_distribution.n58.n49            0                       (Unspecified)
system.ruby.network.data_traffic_distribution.n58.n5            0                       (Unspecified)
system.ruby.network.data_traffic_distribution.n58.n50            0                       (Unspecified)
system.ruby.network.data_traffic_distribution.n58.n51            0                       (Unspecified)
system.ruby.network.data_traffic_distribution.n58.n52            0                       (Unspecified)
system.ruby.network.data_traffic_distribution.n58.n53            0                       (Unspecified)
system.ruby.network.data_traffic_distribution.n58.n54            0                       (Unspecified)
system.ruby.network.data_traffic_distribution.n58.n55            0                       (Unspecified)
system.ruby.network.data_traffic_distribution.n58.n56            0                       (Unspecified)
system.ruby.network.data_traffic_distribution.n58.n57            0                       (Unspecified)
system.ruby.network.data_traffic_distribution.n58.n58            0                       (Unspecified)
system.ruby.network.data_traffic_distribution.n58.n59            0                       (Unspecified)
system.ruby.network.data_traffic_distribution.n58.n6            0                       (Unspecified)
system.ruby.network.data_traffic_distribution.n58.n60            0                       (Unspecified)
system.ruby.network.data_traffic_distribution.n58.n61            0                       (Unspecified)
system.ruby.network.data_traffic_distribution.n58.n62            0                       (Unspecified)
system.ruby.network.data_traffic_distribution.n58.n63            0                       (Unspecified)
system.ruby.network.data_traffic_distribution.n58.n7            0                       (Unspecified)
system.ruby.network.data_traffic_distribution.n58.n8            0                       (Unspecified)
system.ruby.network.data_traffic_distribution.n58.n9            0                       (Unspecified)
system.ruby.network.data_traffic_distribution.n59.n0            0                       (Unspecified)
system.ruby.network.data_traffic_distribution.n59.n1            0                       (Unspecified)
system.ruby.network.data_traffic_distribution.n59.n10            0                       (Unspecified)
system.ruby.network.data_traffic_distribution.n59.n11            0                       (Unspecified)
system.ruby.network.data_traffic_distribution.n59.n12            0                       (Unspecified)
system.ruby.network.data_traffic_distribution.n59.n13            0                       (Unspecified)
system.ruby.network.data_traffic_distribution.n59.n14            0                       (Unspecified)
system.ruby.network.data_traffic_distribution.n59.n15            0                       (Unspecified)
system.ruby.network.data_traffic_distribution.n59.n16            0                       (Unspecified)
system.ruby.network.data_traffic_distribution.n59.n17            0                       (Unspecified)
system.ruby.network.data_traffic_distribution.n59.n18            0                       (Unspecified)
system.ruby.network.data_traffic_distribution.n59.n19            0                       (Unspecified)
system.ruby.network.data_traffic_distribution.n59.n2            0                       (Unspecified)
system.ruby.network.data_traffic_distribution.n59.n20            0                       (Unspecified)
system.ruby.network.data_traffic_distribution.n59.n21            0                       (Unspecified)
system.ruby.network.data_traffic_distribution.n59.n22            0                       (Unspecified)
system.ruby.network.data_traffic_distribution.n59.n23            0                       (Unspecified)
system.ruby.network.data_traffic_distribution.n59.n24            0                       (Unspecified)
system.ruby.network.data_traffic_distribution.n59.n25            0                       (Unspecified)
system.ruby.network.data_traffic_distribution.n59.n26            0                       (Unspecified)
system.ruby.network.data_traffic_distribution.n59.n27            0                       (Unspecified)
system.ruby.network.data_traffic_distribution.n59.n28            0                       (Unspecified)
system.ruby.network.data_traffic_distribution.n59.n29            0                       (Unspecified)
system.ruby.network.data_traffic_distribution.n59.n3            0                       (Unspecified)
system.ruby.network.data_traffic_distribution.n59.n30            0                       (Unspecified)
system.ruby.network.data_traffic_distribution.n59.n31            0                       (Unspecified)
system.ruby.network.data_traffic_distribution.n59.n32            0                       (Unspecified)
system.ruby.network.data_traffic_distribution.n59.n33            0                       (Unspecified)
system.ruby.network.data_traffic_distribution.n59.n34            0                       (Unspecified)
system.ruby.network.data_traffic_distribution.n59.n35            0                       (Unspecified)
system.ruby.network.data_traffic_distribution.n59.n36            0                       (Unspecified)
system.ruby.network.data_traffic_distribution.n59.n37            0                       (Unspecified)
system.ruby.network.data_traffic_distribution.n59.n38            0                       (Unspecified)
system.ruby.network.data_traffic_distribution.n59.n39            0                       (Unspecified)
system.ruby.network.data_traffic_distribution.n59.n4            0                       (Unspecified)
system.ruby.network.data_traffic_distribution.n59.n40            0                       (Unspecified)
system.ruby.network.data_traffic_distribution.n59.n41            0                       (Unspecified)
system.ruby.network.data_traffic_distribution.n59.n42            0                       (Unspecified)
system.ruby.network.data_traffic_distribution.n59.n43            0                       (Unspecified)
system.ruby.network.data_traffic_distribution.n59.n44            0                       (Unspecified)
system.ruby.network.data_traffic_distribution.n59.n45            0                       (Unspecified)
system.ruby.network.data_traffic_distribution.n59.n46            0                       (Unspecified)
system.ruby.network.data_traffic_distribution.n59.n47            0                       (Unspecified)
system.ruby.network.data_traffic_distribution.n59.n48            0                       (Unspecified)
system.ruby.network.data_traffic_distribution.n59.n49            0                       (Unspecified)
system.ruby.network.data_traffic_distribution.n59.n5            0                       (Unspecified)
system.ruby.network.data_traffic_distribution.n59.n50            0                       (Unspecified)
system.ruby.network.data_traffic_distribution.n59.n51            0                       (Unspecified)
system.ruby.network.data_traffic_distribution.n59.n52            0                       (Unspecified)
system.ruby.network.data_traffic_distribution.n59.n53            0                       (Unspecified)
system.ruby.network.data_traffic_distribution.n59.n54            0                       (Unspecified)
system.ruby.network.data_traffic_distribution.n59.n55            0                       (Unspecified)
system.ruby.network.data_traffic_distribution.n59.n56            0                       (Unspecified)
system.ruby.network.data_traffic_distribution.n59.n57            0                       (Unspecified)
system.ruby.network.data_traffic_distribution.n59.n58            0                       (Unspecified)
system.ruby.network.data_traffic_distribution.n59.n59            0                       (Unspecified)
system.ruby.network.data_traffic_distribution.n59.n6            0                       (Unspecified)
system.ruby.network.data_traffic_distribution.n59.n60            0                       (Unspecified)
system.ruby.network.data_traffic_distribution.n59.n61            0                       (Unspecified)
system.ruby.network.data_traffic_distribution.n59.n62            0                       (Unspecified)
system.ruby.network.data_traffic_distribution.n59.n63            0                       (Unspecified)
system.ruby.network.data_traffic_distribution.n59.n7            0                       (Unspecified)
system.ruby.network.data_traffic_distribution.n59.n8            0                       (Unspecified)
system.ruby.network.data_traffic_distribution.n59.n9            0                       (Unspecified)
system.ruby.network.data_traffic_distribution.n6.n0            0                       (Unspecified)
system.ruby.network.data_traffic_distribution.n6.n1            0                       (Unspecified)
system.ruby.network.data_traffic_distribution.n6.n10            0                       (Unspecified)
system.ruby.network.data_traffic_distribution.n6.n11            0                       (Unspecified)
system.ruby.network.data_traffic_distribution.n6.n12            0                       (Unspecified)
system.ruby.network.data_traffic_distribution.n6.n13            0                       (Unspecified)
system.ruby.network.data_traffic_distribution.n6.n14            0                       (Unspecified)
system.ruby.network.data_traffic_distribution.n6.n15            0                       (Unspecified)
system.ruby.network.data_traffic_distribution.n6.n16            0                       (Unspecified)
system.ruby.network.data_traffic_distribution.n6.n17            0                       (Unspecified)
system.ruby.network.data_traffic_distribution.n6.n18            0                       (Unspecified)
system.ruby.network.data_traffic_distribution.n6.n19            0                       (Unspecified)
system.ruby.network.data_traffic_distribution.n6.n2            0                       (Unspecified)
system.ruby.network.data_traffic_distribution.n6.n20            0                       (Unspecified)
system.ruby.network.data_traffic_distribution.n6.n21            0                       (Unspecified)
system.ruby.network.data_traffic_distribution.n6.n22            0                       (Unspecified)
system.ruby.network.data_traffic_distribution.n6.n23            0                       (Unspecified)
system.ruby.network.data_traffic_distribution.n6.n24            0                       (Unspecified)
system.ruby.network.data_traffic_distribution.n6.n25            0                       (Unspecified)
system.ruby.network.data_traffic_distribution.n6.n26            0                       (Unspecified)
system.ruby.network.data_traffic_distribution.n6.n27            0                       (Unspecified)
system.ruby.network.data_traffic_distribution.n6.n28            0                       (Unspecified)
system.ruby.network.data_traffic_distribution.n6.n29            0                       (Unspecified)
system.ruby.network.data_traffic_distribution.n6.n3            0                       (Unspecified)
system.ruby.network.data_traffic_distribution.n6.n30            0                       (Unspecified)
system.ruby.network.data_traffic_distribution.n6.n31            0                       (Unspecified)
system.ruby.network.data_traffic_distribution.n6.n32            0                       (Unspecified)
system.ruby.network.data_traffic_distribution.n6.n33            0                       (Unspecified)
system.ruby.network.data_traffic_distribution.n6.n34            0                       (Unspecified)
system.ruby.network.data_traffic_distribution.n6.n35            0                       (Unspecified)
system.ruby.network.data_traffic_distribution.n6.n36            0                       (Unspecified)
system.ruby.network.data_traffic_distribution.n6.n37            0                       (Unspecified)
system.ruby.network.data_traffic_distribution.n6.n38            0                       (Unspecified)
system.ruby.network.data_traffic_distribution.n6.n39            0                       (Unspecified)
system.ruby.network.data_traffic_distribution.n6.n4            0                       (Unspecified)
system.ruby.network.data_traffic_distribution.n6.n40            0                       (Unspecified)
system.ruby.network.data_traffic_distribution.n6.n41            0                       (Unspecified)
system.ruby.network.data_traffic_distribution.n6.n42            0                       (Unspecified)
system.ruby.network.data_traffic_distribution.n6.n43            0                       (Unspecified)
system.ruby.network.data_traffic_distribution.n6.n44            0                       (Unspecified)
system.ruby.network.data_traffic_distribution.n6.n45            0                       (Unspecified)
system.ruby.network.data_traffic_distribution.n6.n46            0                       (Unspecified)
system.ruby.network.data_traffic_distribution.n6.n47            0                       (Unspecified)
system.ruby.network.data_traffic_distribution.n6.n48            0                       (Unspecified)
system.ruby.network.data_traffic_distribution.n6.n49            0                       (Unspecified)
system.ruby.network.data_traffic_distribution.n6.n5            0                       (Unspecified)
system.ruby.network.data_traffic_distribution.n6.n50            0                       (Unspecified)
system.ruby.network.data_traffic_distribution.n6.n51            0                       (Unspecified)
system.ruby.network.data_traffic_distribution.n6.n52            0                       (Unspecified)
system.ruby.network.data_traffic_distribution.n6.n53            0                       (Unspecified)
system.ruby.network.data_traffic_distribution.n6.n54            0                       (Unspecified)
system.ruby.network.data_traffic_distribution.n6.n55            0                       (Unspecified)
system.ruby.network.data_traffic_distribution.n6.n56            0                       (Unspecified)
system.ruby.network.data_traffic_distribution.n6.n57            0                       (Unspecified)
system.ruby.network.data_traffic_distribution.n6.n58            0                       (Unspecified)
system.ruby.network.data_traffic_distribution.n6.n59            0                       (Unspecified)
system.ruby.network.data_traffic_distribution.n6.n6            0                       (Unspecified)
system.ruby.network.data_traffic_distribution.n6.n60            0                       (Unspecified)
system.ruby.network.data_traffic_distribution.n6.n61            0                       (Unspecified)
system.ruby.network.data_traffic_distribution.n6.n62            0                       (Unspecified)
system.ruby.network.data_traffic_distribution.n6.n63            0                       (Unspecified)
system.ruby.network.data_traffic_distribution.n6.n7            0                       (Unspecified)
system.ruby.network.data_traffic_distribution.n6.n8            0                       (Unspecified)
system.ruby.network.data_traffic_distribution.n6.n9            0                       (Unspecified)
system.ruby.network.data_traffic_distribution.n60.n0            0                       (Unspecified)
system.ruby.network.data_traffic_distribution.n60.n1            0                       (Unspecified)
system.ruby.network.data_traffic_distribution.n60.n10            0                       (Unspecified)
system.ruby.network.data_traffic_distribution.n60.n11            0                       (Unspecified)
system.ruby.network.data_traffic_distribution.n60.n12            0                       (Unspecified)
system.ruby.network.data_traffic_distribution.n60.n13            0                       (Unspecified)
system.ruby.network.data_traffic_distribution.n60.n14            0                       (Unspecified)
system.ruby.network.data_traffic_distribution.n60.n15            0                       (Unspecified)
system.ruby.network.data_traffic_distribution.n60.n16            0                       (Unspecified)
system.ruby.network.data_traffic_distribution.n60.n17            0                       (Unspecified)
system.ruby.network.data_traffic_distribution.n60.n18            0                       (Unspecified)
system.ruby.network.data_traffic_distribution.n60.n19            0                       (Unspecified)
system.ruby.network.data_traffic_distribution.n60.n2            0                       (Unspecified)
system.ruby.network.data_traffic_distribution.n60.n20            0                       (Unspecified)
system.ruby.network.data_traffic_distribution.n60.n21            0                       (Unspecified)
system.ruby.network.data_traffic_distribution.n60.n22            0                       (Unspecified)
system.ruby.network.data_traffic_distribution.n60.n23            0                       (Unspecified)
system.ruby.network.data_traffic_distribution.n60.n24            0                       (Unspecified)
system.ruby.network.data_traffic_distribution.n60.n25            0                       (Unspecified)
system.ruby.network.data_traffic_distribution.n60.n26            0                       (Unspecified)
system.ruby.network.data_traffic_distribution.n60.n27            0                       (Unspecified)
system.ruby.network.data_traffic_distribution.n60.n28            0                       (Unspecified)
system.ruby.network.data_traffic_distribution.n60.n29            0                       (Unspecified)
system.ruby.network.data_traffic_distribution.n60.n3            0                       (Unspecified)
system.ruby.network.data_traffic_distribution.n60.n30            0                       (Unspecified)
system.ruby.network.data_traffic_distribution.n60.n31            0                       (Unspecified)
system.ruby.network.data_traffic_distribution.n60.n32            0                       (Unspecified)
system.ruby.network.data_traffic_distribution.n60.n33            0                       (Unspecified)
system.ruby.network.data_traffic_distribution.n60.n34            0                       (Unspecified)
system.ruby.network.data_traffic_distribution.n60.n35            0                       (Unspecified)
system.ruby.network.data_traffic_distribution.n60.n36            0                       (Unspecified)
system.ruby.network.data_traffic_distribution.n60.n37            0                       (Unspecified)
system.ruby.network.data_traffic_distribution.n60.n38            0                       (Unspecified)
system.ruby.network.data_traffic_distribution.n60.n39            0                       (Unspecified)
system.ruby.network.data_traffic_distribution.n60.n4            0                       (Unspecified)
system.ruby.network.data_traffic_distribution.n60.n40            0                       (Unspecified)
system.ruby.network.data_traffic_distribution.n60.n41            0                       (Unspecified)
system.ruby.network.data_traffic_distribution.n60.n42            0                       (Unspecified)
system.ruby.network.data_traffic_distribution.n60.n43            0                       (Unspecified)
system.ruby.network.data_traffic_distribution.n60.n44            0                       (Unspecified)
system.ruby.network.data_traffic_distribution.n60.n45            0                       (Unspecified)
system.ruby.network.data_traffic_distribution.n60.n46            0                       (Unspecified)
system.ruby.network.data_traffic_distribution.n60.n47            0                       (Unspecified)
system.ruby.network.data_traffic_distribution.n60.n48            0                       (Unspecified)
system.ruby.network.data_traffic_distribution.n60.n49            0                       (Unspecified)
system.ruby.network.data_traffic_distribution.n60.n5            0                       (Unspecified)
system.ruby.network.data_traffic_distribution.n60.n50            0                       (Unspecified)
system.ruby.network.data_traffic_distribution.n60.n51            0                       (Unspecified)
system.ruby.network.data_traffic_distribution.n60.n52            0                       (Unspecified)
system.ruby.network.data_traffic_distribution.n60.n53            0                       (Unspecified)
system.ruby.network.data_traffic_distribution.n60.n54            0                       (Unspecified)
system.ruby.network.data_traffic_distribution.n60.n55            0                       (Unspecified)
system.ruby.network.data_traffic_distribution.n60.n56            0                       (Unspecified)
system.ruby.network.data_traffic_distribution.n60.n57            0                       (Unspecified)
system.ruby.network.data_traffic_distribution.n60.n58            0                       (Unspecified)
system.ruby.network.data_traffic_distribution.n60.n59            0                       (Unspecified)
system.ruby.network.data_traffic_distribution.n60.n6            0                       (Unspecified)
system.ruby.network.data_traffic_distribution.n60.n60            0                       (Unspecified)
system.ruby.network.data_traffic_distribution.n60.n61            0                       (Unspecified)
system.ruby.network.data_traffic_distribution.n60.n62            0                       (Unspecified)
system.ruby.network.data_traffic_distribution.n60.n63            0                       (Unspecified)
system.ruby.network.data_traffic_distribution.n60.n7            0                       (Unspecified)
system.ruby.network.data_traffic_distribution.n60.n8            0                       (Unspecified)
system.ruby.network.data_traffic_distribution.n60.n9            0                       (Unspecified)
system.ruby.network.data_traffic_distribution.n61.n0            0                       (Unspecified)
system.ruby.network.data_traffic_distribution.n61.n1            0                       (Unspecified)
system.ruby.network.data_traffic_distribution.n61.n10            0                       (Unspecified)
system.ruby.network.data_traffic_distribution.n61.n11            0                       (Unspecified)
system.ruby.network.data_traffic_distribution.n61.n12            0                       (Unspecified)
system.ruby.network.data_traffic_distribution.n61.n13            0                       (Unspecified)
system.ruby.network.data_traffic_distribution.n61.n14            0                       (Unspecified)
system.ruby.network.data_traffic_distribution.n61.n15            0                       (Unspecified)
system.ruby.network.data_traffic_distribution.n61.n16            0                       (Unspecified)
system.ruby.network.data_traffic_distribution.n61.n17            0                       (Unspecified)
system.ruby.network.data_traffic_distribution.n61.n18            0                       (Unspecified)
system.ruby.network.data_traffic_distribution.n61.n19            0                       (Unspecified)
system.ruby.network.data_traffic_distribution.n61.n2            0                       (Unspecified)
system.ruby.network.data_traffic_distribution.n61.n20            0                       (Unspecified)
system.ruby.network.data_traffic_distribution.n61.n21            0                       (Unspecified)
system.ruby.network.data_traffic_distribution.n61.n22            0                       (Unspecified)
system.ruby.network.data_traffic_distribution.n61.n23            0                       (Unspecified)
system.ruby.network.data_traffic_distribution.n61.n24            0                       (Unspecified)
system.ruby.network.data_traffic_distribution.n61.n25            0                       (Unspecified)
system.ruby.network.data_traffic_distribution.n61.n26            0                       (Unspecified)
system.ruby.network.data_traffic_distribution.n61.n27            0                       (Unspecified)
system.ruby.network.data_traffic_distribution.n61.n28            0                       (Unspecified)
system.ruby.network.data_traffic_distribution.n61.n29            0                       (Unspecified)
system.ruby.network.data_traffic_distribution.n61.n3            0                       (Unspecified)
system.ruby.network.data_traffic_distribution.n61.n30            0                       (Unspecified)
system.ruby.network.data_traffic_distribution.n61.n31            0                       (Unspecified)
system.ruby.network.data_traffic_distribution.n61.n32            0                       (Unspecified)
system.ruby.network.data_traffic_distribution.n61.n33            0                       (Unspecified)
system.ruby.network.data_traffic_distribution.n61.n34            0                       (Unspecified)
system.ruby.network.data_traffic_distribution.n61.n35            0                       (Unspecified)
system.ruby.network.data_traffic_distribution.n61.n36            0                       (Unspecified)
system.ruby.network.data_traffic_distribution.n61.n37            0                       (Unspecified)
system.ruby.network.data_traffic_distribution.n61.n38            0                       (Unspecified)
system.ruby.network.data_traffic_distribution.n61.n39            0                       (Unspecified)
system.ruby.network.data_traffic_distribution.n61.n4            0                       (Unspecified)
system.ruby.network.data_traffic_distribution.n61.n40            0                       (Unspecified)
system.ruby.network.data_traffic_distribution.n61.n41            0                       (Unspecified)
system.ruby.network.data_traffic_distribution.n61.n42            0                       (Unspecified)
system.ruby.network.data_traffic_distribution.n61.n43            0                       (Unspecified)
system.ruby.network.data_traffic_distribution.n61.n44            0                       (Unspecified)
system.ruby.network.data_traffic_distribution.n61.n45            0                       (Unspecified)
system.ruby.network.data_traffic_distribution.n61.n46            0                       (Unspecified)
system.ruby.network.data_traffic_distribution.n61.n47            0                       (Unspecified)
system.ruby.network.data_traffic_distribution.n61.n48            0                       (Unspecified)
system.ruby.network.data_traffic_distribution.n61.n49            0                       (Unspecified)
system.ruby.network.data_traffic_distribution.n61.n5            0                       (Unspecified)
system.ruby.network.data_traffic_distribution.n61.n50            0                       (Unspecified)
system.ruby.network.data_traffic_distribution.n61.n51            0                       (Unspecified)
system.ruby.network.data_traffic_distribution.n61.n52            0                       (Unspecified)
system.ruby.network.data_traffic_distribution.n61.n53            0                       (Unspecified)
system.ruby.network.data_traffic_distribution.n61.n54            0                       (Unspecified)
system.ruby.network.data_traffic_distribution.n61.n55            0                       (Unspecified)
system.ruby.network.data_traffic_distribution.n61.n56            0                       (Unspecified)
system.ruby.network.data_traffic_distribution.n61.n57            0                       (Unspecified)
system.ruby.network.data_traffic_distribution.n61.n58            0                       (Unspecified)
system.ruby.network.data_traffic_distribution.n61.n59            0                       (Unspecified)
system.ruby.network.data_traffic_distribution.n61.n6            0                       (Unspecified)
system.ruby.network.data_traffic_distribution.n61.n60            0                       (Unspecified)
system.ruby.network.data_traffic_distribution.n61.n61            0                       (Unspecified)
system.ruby.network.data_traffic_distribution.n61.n62            0                       (Unspecified)
system.ruby.network.data_traffic_distribution.n61.n63            0                       (Unspecified)
system.ruby.network.data_traffic_distribution.n61.n7            0                       (Unspecified)
system.ruby.network.data_traffic_distribution.n61.n8            0                       (Unspecified)
system.ruby.network.data_traffic_distribution.n61.n9            0                       (Unspecified)
system.ruby.network.data_traffic_distribution.n62.n0            0                       (Unspecified)
system.ruby.network.data_traffic_distribution.n62.n1            0                       (Unspecified)
system.ruby.network.data_traffic_distribution.n62.n10            0                       (Unspecified)
system.ruby.network.data_traffic_distribution.n62.n11            0                       (Unspecified)
system.ruby.network.data_traffic_distribution.n62.n12            0                       (Unspecified)
system.ruby.network.data_traffic_distribution.n62.n13            0                       (Unspecified)
system.ruby.network.data_traffic_distribution.n62.n14            0                       (Unspecified)
system.ruby.network.data_traffic_distribution.n62.n15            0                       (Unspecified)
system.ruby.network.data_traffic_distribution.n62.n16            0                       (Unspecified)
system.ruby.network.data_traffic_distribution.n62.n17            0                       (Unspecified)
system.ruby.network.data_traffic_distribution.n62.n18            0                       (Unspecified)
system.ruby.network.data_traffic_distribution.n62.n19            0                       (Unspecified)
system.ruby.network.data_traffic_distribution.n62.n2            0                       (Unspecified)
system.ruby.network.data_traffic_distribution.n62.n20            0                       (Unspecified)
system.ruby.network.data_traffic_distribution.n62.n21            0                       (Unspecified)
system.ruby.network.data_traffic_distribution.n62.n22            0                       (Unspecified)
system.ruby.network.data_traffic_distribution.n62.n23            0                       (Unspecified)
system.ruby.network.data_traffic_distribution.n62.n24            0                       (Unspecified)
system.ruby.network.data_traffic_distribution.n62.n25            0                       (Unspecified)
system.ruby.network.data_traffic_distribution.n62.n26            0                       (Unspecified)
system.ruby.network.data_traffic_distribution.n62.n27            0                       (Unspecified)
system.ruby.network.data_traffic_distribution.n62.n28            0                       (Unspecified)
system.ruby.network.data_traffic_distribution.n62.n29            0                       (Unspecified)
system.ruby.network.data_traffic_distribution.n62.n3            0                       (Unspecified)
system.ruby.network.data_traffic_distribution.n62.n30            0                       (Unspecified)
system.ruby.network.data_traffic_distribution.n62.n31            0                       (Unspecified)
system.ruby.network.data_traffic_distribution.n62.n32            0                       (Unspecified)
system.ruby.network.data_traffic_distribution.n62.n33            0                       (Unspecified)
system.ruby.network.data_traffic_distribution.n62.n34            0                       (Unspecified)
system.ruby.network.data_traffic_distribution.n62.n35            0                       (Unspecified)
system.ruby.network.data_traffic_distribution.n62.n36            0                       (Unspecified)
system.ruby.network.data_traffic_distribution.n62.n37            0                       (Unspecified)
system.ruby.network.data_traffic_distribution.n62.n38            0                       (Unspecified)
system.ruby.network.data_traffic_distribution.n62.n39            0                       (Unspecified)
system.ruby.network.data_traffic_distribution.n62.n4            0                       (Unspecified)
system.ruby.network.data_traffic_distribution.n62.n40            0                       (Unspecified)
system.ruby.network.data_traffic_distribution.n62.n41            0                       (Unspecified)
system.ruby.network.data_traffic_distribution.n62.n42            0                       (Unspecified)
system.ruby.network.data_traffic_distribution.n62.n43            0                       (Unspecified)
system.ruby.network.data_traffic_distribution.n62.n44            0                       (Unspecified)
system.ruby.network.data_traffic_distribution.n62.n45            0                       (Unspecified)
system.ruby.network.data_traffic_distribution.n62.n46            0                       (Unspecified)
system.ruby.network.data_traffic_distribution.n62.n47            0                       (Unspecified)
system.ruby.network.data_traffic_distribution.n62.n48            0                       (Unspecified)
system.ruby.network.data_traffic_distribution.n62.n49            0                       (Unspecified)
system.ruby.network.data_traffic_distribution.n62.n5            0                       (Unspecified)
system.ruby.network.data_traffic_distribution.n62.n50            0                       (Unspecified)
system.ruby.network.data_traffic_distribution.n62.n51            0                       (Unspecified)
system.ruby.network.data_traffic_distribution.n62.n52            0                       (Unspecified)
system.ruby.network.data_traffic_distribution.n62.n53            0                       (Unspecified)
system.ruby.network.data_traffic_distribution.n62.n54            0                       (Unspecified)
system.ruby.network.data_traffic_distribution.n62.n55            0                       (Unspecified)
system.ruby.network.data_traffic_distribution.n62.n56            0                       (Unspecified)
system.ruby.network.data_traffic_distribution.n62.n57            0                       (Unspecified)
system.ruby.network.data_traffic_distribution.n62.n58            0                       (Unspecified)
system.ruby.network.data_traffic_distribution.n62.n59            0                       (Unspecified)
system.ruby.network.data_traffic_distribution.n62.n6            0                       (Unspecified)
system.ruby.network.data_traffic_distribution.n62.n60            0                       (Unspecified)
system.ruby.network.data_traffic_distribution.n62.n61            0                       (Unspecified)
system.ruby.network.data_traffic_distribution.n62.n62            0                       (Unspecified)
system.ruby.network.data_traffic_distribution.n62.n63            0                       (Unspecified)
system.ruby.network.data_traffic_distribution.n62.n7            0                       (Unspecified)
system.ruby.network.data_traffic_distribution.n62.n8            0                       (Unspecified)
system.ruby.network.data_traffic_distribution.n62.n9            0                       (Unspecified)
system.ruby.network.data_traffic_distribution.n63.n0            0                       (Unspecified)
system.ruby.network.data_traffic_distribution.n63.n1            0                       (Unspecified)
system.ruby.network.data_traffic_distribution.n63.n10            0                       (Unspecified)
system.ruby.network.data_traffic_distribution.n63.n11            0                       (Unspecified)
system.ruby.network.data_traffic_distribution.n63.n12            0                       (Unspecified)
system.ruby.network.data_traffic_distribution.n63.n13            0                       (Unspecified)
system.ruby.network.data_traffic_distribution.n63.n14            0                       (Unspecified)
system.ruby.network.data_traffic_distribution.n63.n15            0                       (Unspecified)
system.ruby.network.data_traffic_distribution.n63.n16            0                       (Unspecified)
system.ruby.network.data_traffic_distribution.n63.n17            0                       (Unspecified)
system.ruby.network.data_traffic_distribution.n63.n18            0                       (Unspecified)
system.ruby.network.data_traffic_distribution.n63.n19            0                       (Unspecified)
system.ruby.network.data_traffic_distribution.n63.n2            0                       (Unspecified)
system.ruby.network.data_traffic_distribution.n63.n20            0                       (Unspecified)
system.ruby.network.data_traffic_distribution.n63.n21            0                       (Unspecified)
system.ruby.network.data_traffic_distribution.n63.n22            0                       (Unspecified)
system.ruby.network.data_traffic_distribution.n63.n23            0                       (Unspecified)
system.ruby.network.data_traffic_distribution.n63.n24            0                       (Unspecified)
system.ruby.network.data_traffic_distribution.n63.n25            0                       (Unspecified)
system.ruby.network.data_traffic_distribution.n63.n26            0                       (Unspecified)
system.ruby.network.data_traffic_distribution.n63.n27            0                       (Unspecified)
system.ruby.network.data_traffic_distribution.n63.n28            0                       (Unspecified)
system.ruby.network.data_traffic_distribution.n63.n29            0                       (Unspecified)
system.ruby.network.data_traffic_distribution.n63.n3            0                       (Unspecified)
system.ruby.network.data_traffic_distribution.n63.n30            0                       (Unspecified)
system.ruby.network.data_traffic_distribution.n63.n31            0                       (Unspecified)
system.ruby.network.data_traffic_distribution.n63.n32            0                       (Unspecified)
system.ruby.network.data_traffic_distribution.n63.n33            0                       (Unspecified)
system.ruby.network.data_traffic_distribution.n63.n34            0                       (Unspecified)
system.ruby.network.data_traffic_distribution.n63.n35            0                       (Unspecified)
system.ruby.network.data_traffic_distribution.n63.n36            0                       (Unspecified)
system.ruby.network.data_traffic_distribution.n63.n37            0                       (Unspecified)
system.ruby.network.data_traffic_distribution.n63.n38            0                       (Unspecified)
system.ruby.network.data_traffic_distribution.n63.n39            0                       (Unspecified)
system.ruby.network.data_traffic_distribution.n63.n4            0                       (Unspecified)
system.ruby.network.data_traffic_distribution.n63.n40            0                       (Unspecified)
system.ruby.network.data_traffic_distribution.n63.n41            0                       (Unspecified)
system.ruby.network.data_traffic_distribution.n63.n42            0                       (Unspecified)
system.ruby.network.data_traffic_distribution.n63.n43            0                       (Unspecified)
system.ruby.network.data_traffic_distribution.n63.n44            0                       (Unspecified)
system.ruby.network.data_traffic_distribution.n63.n45            0                       (Unspecified)
system.ruby.network.data_traffic_distribution.n63.n46            0                       (Unspecified)
system.ruby.network.data_traffic_distribution.n63.n47            0                       (Unspecified)
system.ruby.network.data_traffic_distribution.n63.n48            0                       (Unspecified)
system.ruby.network.data_traffic_distribution.n63.n49            0                       (Unspecified)
system.ruby.network.data_traffic_distribution.n63.n5            0                       (Unspecified)
system.ruby.network.data_traffic_distribution.n63.n50            0                       (Unspecified)
system.ruby.network.data_traffic_distribution.n63.n51            0                       (Unspecified)
system.ruby.network.data_traffic_distribution.n63.n52            0                       (Unspecified)
system.ruby.network.data_traffic_distribution.n63.n53            0                       (Unspecified)
system.ruby.network.data_traffic_distribution.n63.n54            0                       (Unspecified)
system.ruby.network.data_traffic_distribution.n63.n55            0                       (Unspecified)
system.ruby.network.data_traffic_distribution.n63.n56            0                       (Unspecified)
system.ruby.network.data_traffic_distribution.n63.n57            0                       (Unspecified)
system.ruby.network.data_traffic_distribution.n63.n58            0                       (Unspecified)
system.ruby.network.data_traffic_distribution.n63.n59            0                       (Unspecified)
system.ruby.network.data_traffic_distribution.n63.n6            0                       (Unspecified)
system.ruby.network.data_traffic_distribution.n63.n60            0                       (Unspecified)
system.ruby.network.data_traffic_distribution.n63.n61            0                       (Unspecified)
system.ruby.network.data_traffic_distribution.n63.n62            0                       (Unspecified)
system.ruby.network.data_traffic_distribution.n63.n63            0                       (Unspecified)
system.ruby.network.data_traffic_distribution.n63.n7            0                       (Unspecified)
system.ruby.network.data_traffic_distribution.n63.n8            0                       (Unspecified)
system.ruby.network.data_traffic_distribution.n63.n9            0                       (Unspecified)
system.ruby.network.data_traffic_distribution.n7.n0            0                       (Unspecified)
system.ruby.network.data_traffic_distribution.n7.n1            0                       (Unspecified)
system.ruby.network.data_traffic_distribution.n7.n10            0                       (Unspecified)
system.ruby.network.data_traffic_distribution.n7.n11            0                       (Unspecified)
system.ruby.network.data_traffic_distribution.n7.n12            0                       (Unspecified)
system.ruby.network.data_traffic_distribution.n7.n13            0                       (Unspecified)
system.ruby.network.data_traffic_distribution.n7.n14            0                       (Unspecified)
system.ruby.network.data_traffic_distribution.n7.n15            0                       (Unspecified)
system.ruby.network.data_traffic_distribution.n7.n16            0                       (Unspecified)
system.ruby.network.data_traffic_distribution.n7.n17            0                       (Unspecified)
system.ruby.network.data_traffic_distribution.n7.n18            0                       (Unspecified)
system.ruby.network.data_traffic_distribution.n7.n19            0                       (Unspecified)
system.ruby.network.data_traffic_distribution.n7.n2            0                       (Unspecified)
system.ruby.network.data_traffic_distribution.n7.n20            0                       (Unspecified)
system.ruby.network.data_traffic_distribution.n7.n21            0                       (Unspecified)
system.ruby.network.data_traffic_distribution.n7.n22            0                       (Unspecified)
system.ruby.network.data_traffic_distribution.n7.n23            0                       (Unspecified)
system.ruby.network.data_traffic_distribution.n7.n24            0                       (Unspecified)
system.ruby.network.data_traffic_distribution.n7.n25            0                       (Unspecified)
system.ruby.network.data_traffic_distribution.n7.n26            0                       (Unspecified)
system.ruby.network.data_traffic_distribution.n7.n27            0                       (Unspecified)
system.ruby.network.data_traffic_distribution.n7.n28            0                       (Unspecified)
system.ruby.network.data_traffic_distribution.n7.n29            0                       (Unspecified)
system.ruby.network.data_traffic_distribution.n7.n3            0                       (Unspecified)
system.ruby.network.data_traffic_distribution.n7.n30            0                       (Unspecified)
system.ruby.network.data_traffic_distribution.n7.n31            0                       (Unspecified)
system.ruby.network.data_traffic_distribution.n7.n32            0                       (Unspecified)
system.ruby.network.data_traffic_distribution.n7.n33            0                       (Unspecified)
system.ruby.network.data_traffic_distribution.n7.n34            0                       (Unspecified)
system.ruby.network.data_traffic_distribution.n7.n35            0                       (Unspecified)
system.ruby.network.data_traffic_distribution.n7.n36            0                       (Unspecified)
system.ruby.network.data_traffic_distribution.n7.n37            0                       (Unspecified)
system.ruby.network.data_traffic_distribution.n7.n38            0                       (Unspecified)
system.ruby.network.data_traffic_distribution.n7.n39            0                       (Unspecified)
system.ruby.network.data_traffic_distribution.n7.n4            0                       (Unspecified)
system.ruby.network.data_traffic_distribution.n7.n40            0                       (Unspecified)
system.ruby.network.data_traffic_distribution.n7.n41            0                       (Unspecified)
system.ruby.network.data_traffic_distribution.n7.n42            0                       (Unspecified)
system.ruby.network.data_traffic_distribution.n7.n43            0                       (Unspecified)
system.ruby.network.data_traffic_distribution.n7.n44            0                       (Unspecified)
system.ruby.network.data_traffic_distribution.n7.n45            0                       (Unspecified)
system.ruby.network.data_traffic_distribution.n7.n46            0                       (Unspecified)
system.ruby.network.data_traffic_distribution.n7.n47            0                       (Unspecified)
system.ruby.network.data_traffic_distribution.n7.n48            0                       (Unspecified)
system.ruby.network.data_traffic_distribution.n7.n49            0                       (Unspecified)
system.ruby.network.data_traffic_distribution.n7.n5            0                       (Unspecified)
system.ruby.network.data_traffic_distribution.n7.n50            0                       (Unspecified)
system.ruby.network.data_traffic_distribution.n7.n51            0                       (Unspecified)
system.ruby.network.data_traffic_distribution.n7.n52            0                       (Unspecified)
system.ruby.network.data_traffic_distribution.n7.n53            0                       (Unspecified)
system.ruby.network.data_traffic_distribution.n7.n54            0                       (Unspecified)
system.ruby.network.data_traffic_distribution.n7.n55            0                       (Unspecified)
system.ruby.network.data_traffic_distribution.n7.n56            0                       (Unspecified)
system.ruby.network.data_traffic_distribution.n7.n57            0                       (Unspecified)
system.ruby.network.data_traffic_distribution.n7.n58            0                       (Unspecified)
system.ruby.network.data_traffic_distribution.n7.n59            0                       (Unspecified)
system.ruby.network.data_traffic_distribution.n7.n6            0                       (Unspecified)
system.ruby.network.data_traffic_distribution.n7.n60            0                       (Unspecified)
system.ruby.network.data_traffic_distribution.n7.n61            0                       (Unspecified)
system.ruby.network.data_traffic_distribution.n7.n62            0                       (Unspecified)
system.ruby.network.data_traffic_distribution.n7.n63            0                       (Unspecified)
system.ruby.network.data_traffic_distribution.n7.n7            0                       (Unspecified)
system.ruby.network.data_traffic_distribution.n7.n8            0                       (Unspecified)
system.ruby.network.data_traffic_distribution.n7.n9            0                       (Unspecified)
system.ruby.network.data_traffic_distribution.n8.n0            0                       (Unspecified)
system.ruby.network.data_traffic_distribution.n8.n1            0                       (Unspecified)
system.ruby.network.data_traffic_distribution.n8.n10            0                       (Unspecified)
system.ruby.network.data_traffic_distribution.n8.n11            0                       (Unspecified)
system.ruby.network.data_traffic_distribution.n8.n12            0                       (Unspecified)
system.ruby.network.data_traffic_distribution.n8.n13            0                       (Unspecified)
system.ruby.network.data_traffic_distribution.n8.n14            0                       (Unspecified)
system.ruby.network.data_traffic_distribution.n8.n15            0                       (Unspecified)
system.ruby.network.data_traffic_distribution.n8.n16            0                       (Unspecified)
system.ruby.network.data_traffic_distribution.n8.n17            0                       (Unspecified)
system.ruby.network.data_traffic_distribution.n8.n18            0                       (Unspecified)
system.ruby.network.data_traffic_distribution.n8.n19            0                       (Unspecified)
system.ruby.network.data_traffic_distribution.n8.n2            0                       (Unspecified)
system.ruby.network.data_traffic_distribution.n8.n20            0                       (Unspecified)
system.ruby.network.data_traffic_distribution.n8.n21            0                       (Unspecified)
system.ruby.network.data_traffic_distribution.n8.n22            0                       (Unspecified)
system.ruby.network.data_traffic_distribution.n8.n23            0                       (Unspecified)
system.ruby.network.data_traffic_distribution.n8.n24            0                       (Unspecified)
system.ruby.network.data_traffic_distribution.n8.n25            0                       (Unspecified)
system.ruby.network.data_traffic_distribution.n8.n26            0                       (Unspecified)
system.ruby.network.data_traffic_distribution.n8.n27            0                       (Unspecified)
system.ruby.network.data_traffic_distribution.n8.n28            0                       (Unspecified)
system.ruby.network.data_traffic_distribution.n8.n29            1                       (Unspecified)
system.ruby.network.data_traffic_distribution.n8.n3            0                       (Unspecified)
system.ruby.network.data_traffic_distribution.n8.n30            0                       (Unspecified)
system.ruby.network.data_traffic_distribution.n8.n31            0                       (Unspecified)
system.ruby.network.data_traffic_distribution.n8.n32            0                       (Unspecified)
system.ruby.network.data_traffic_distribution.n8.n33            0                       (Unspecified)
system.ruby.network.data_traffic_distribution.n8.n34            0                       (Unspecified)
system.ruby.network.data_traffic_distribution.n8.n35            0                       (Unspecified)
system.ruby.network.data_traffic_distribution.n8.n36            0                       (Unspecified)
system.ruby.network.data_traffic_distribution.n8.n37            0                       (Unspecified)
system.ruby.network.data_traffic_distribution.n8.n38            0                       (Unspecified)
system.ruby.network.data_traffic_distribution.n8.n39            0                       (Unspecified)
system.ruby.network.data_traffic_distribution.n8.n4            0                       (Unspecified)
system.ruby.network.data_traffic_distribution.n8.n40            0                       (Unspecified)
system.ruby.network.data_traffic_distribution.n8.n41            0                       (Unspecified)
system.ruby.network.data_traffic_distribution.n8.n42            0                       (Unspecified)
system.ruby.network.data_traffic_distribution.n8.n43            0                       (Unspecified)
system.ruby.network.data_traffic_distribution.n8.n44            0                       (Unspecified)
system.ruby.network.data_traffic_distribution.n8.n45            1                       (Unspecified)
system.ruby.network.data_traffic_distribution.n8.n46            0                       (Unspecified)
system.ruby.network.data_traffic_distribution.n8.n47            0                       (Unspecified)
system.ruby.network.data_traffic_distribution.n8.n48            0                       (Unspecified)
system.ruby.network.data_traffic_distribution.n8.n49            0                       (Unspecified)
system.ruby.network.data_traffic_distribution.n8.n5            0                       (Unspecified)
system.ruby.network.data_traffic_distribution.n8.n50            0                       (Unspecified)
system.ruby.network.data_traffic_distribution.n8.n51            0                       (Unspecified)
system.ruby.network.data_traffic_distribution.n8.n52            0                       (Unspecified)
system.ruby.network.data_traffic_distribution.n8.n53            0                       (Unspecified)
system.ruby.network.data_traffic_distribution.n8.n54            0                       (Unspecified)
system.ruby.network.data_traffic_distribution.n8.n55            0                       (Unspecified)
system.ruby.network.data_traffic_distribution.n8.n56            0                       (Unspecified)
system.ruby.network.data_traffic_distribution.n8.n57            0                       (Unspecified)
system.ruby.network.data_traffic_distribution.n8.n58            0                       (Unspecified)
system.ruby.network.data_traffic_distribution.n8.n59            0                       (Unspecified)
system.ruby.network.data_traffic_distribution.n8.n6            0                       (Unspecified)
system.ruby.network.data_traffic_distribution.n8.n60            0                       (Unspecified)
system.ruby.network.data_traffic_distribution.n8.n61            0                       (Unspecified)
system.ruby.network.data_traffic_distribution.n8.n62            0                       (Unspecified)
system.ruby.network.data_traffic_distribution.n8.n63            0                       (Unspecified)
system.ruby.network.data_traffic_distribution.n8.n7            0                       (Unspecified)
system.ruby.network.data_traffic_distribution.n8.n8            0                       (Unspecified)
system.ruby.network.data_traffic_distribution.n8.n9            0                       (Unspecified)
system.ruby.network.data_traffic_distribution.n9.n0            0                       (Unspecified)
system.ruby.network.data_traffic_distribution.n9.n1            0                       (Unspecified)
system.ruby.network.data_traffic_distribution.n9.n10            0                       (Unspecified)
system.ruby.network.data_traffic_distribution.n9.n11            0                       (Unspecified)
system.ruby.network.data_traffic_distribution.n9.n12            0                       (Unspecified)
system.ruby.network.data_traffic_distribution.n9.n13            0                       (Unspecified)
system.ruby.network.data_traffic_distribution.n9.n14            0                       (Unspecified)
system.ruby.network.data_traffic_distribution.n9.n15            0                       (Unspecified)
system.ruby.network.data_traffic_distribution.n9.n16            0                       (Unspecified)
system.ruby.network.data_traffic_distribution.n9.n17            0                       (Unspecified)
system.ruby.network.data_traffic_distribution.n9.n18            0                       (Unspecified)
system.ruby.network.data_traffic_distribution.n9.n19            0                       (Unspecified)
system.ruby.network.data_traffic_distribution.n9.n2            0                       (Unspecified)
system.ruby.network.data_traffic_distribution.n9.n20            0                       (Unspecified)
system.ruby.network.data_traffic_distribution.n9.n21            0                       (Unspecified)
system.ruby.network.data_traffic_distribution.n9.n22            0                       (Unspecified)
system.ruby.network.data_traffic_distribution.n9.n23            0                       (Unspecified)
system.ruby.network.data_traffic_distribution.n9.n24            0                       (Unspecified)
system.ruby.network.data_traffic_distribution.n9.n25            0                       (Unspecified)
system.ruby.network.data_traffic_distribution.n9.n26            0                       (Unspecified)
system.ruby.network.data_traffic_distribution.n9.n27            0                       (Unspecified)
system.ruby.network.data_traffic_distribution.n9.n28            0                       (Unspecified)
system.ruby.network.data_traffic_distribution.n9.n29            0                       (Unspecified)
system.ruby.network.data_traffic_distribution.n9.n3            0                       (Unspecified)
system.ruby.network.data_traffic_distribution.n9.n30            0                       (Unspecified)
system.ruby.network.data_traffic_distribution.n9.n31            0                       (Unspecified)
system.ruby.network.data_traffic_distribution.n9.n32            0                       (Unspecified)
system.ruby.network.data_traffic_distribution.n9.n33            0                       (Unspecified)
system.ruby.network.data_traffic_distribution.n9.n34            0                       (Unspecified)
system.ruby.network.data_traffic_distribution.n9.n35            0                       (Unspecified)
system.ruby.network.data_traffic_distribution.n9.n36            0                       (Unspecified)
system.ruby.network.data_traffic_distribution.n9.n37            0                       (Unspecified)
system.ruby.network.data_traffic_distribution.n9.n38            0                       (Unspecified)
system.ruby.network.data_traffic_distribution.n9.n39            0                       (Unspecified)
system.ruby.network.data_traffic_distribution.n9.n4            0                       (Unspecified)
system.ruby.network.data_traffic_distribution.n9.n40            0                       (Unspecified)
system.ruby.network.data_traffic_distribution.n9.n41            0                       (Unspecified)
system.ruby.network.data_traffic_distribution.n9.n42            0                       (Unspecified)
system.ruby.network.data_traffic_distribution.n9.n43            0                       (Unspecified)
system.ruby.network.data_traffic_distribution.n9.n44            0                       (Unspecified)
system.ruby.network.data_traffic_distribution.n9.n45            0                       (Unspecified)
system.ruby.network.data_traffic_distribution.n9.n46            0                       (Unspecified)
system.ruby.network.data_traffic_distribution.n9.n47            0                       (Unspecified)
system.ruby.network.data_traffic_distribution.n9.n48            0                       (Unspecified)
system.ruby.network.data_traffic_distribution.n9.n49            0                       (Unspecified)
system.ruby.network.data_traffic_distribution.n9.n5            0                       (Unspecified)
system.ruby.network.data_traffic_distribution.n9.n50            0                       (Unspecified)
system.ruby.network.data_traffic_distribution.n9.n51            0                       (Unspecified)
system.ruby.network.data_traffic_distribution.n9.n52            0                       (Unspecified)
system.ruby.network.data_traffic_distribution.n9.n53            0                       (Unspecified)
system.ruby.network.data_traffic_distribution.n9.n54            0                       (Unspecified)
system.ruby.network.data_traffic_distribution.n9.n55            0                       (Unspecified)
system.ruby.network.data_traffic_distribution.n9.n56            0                       (Unspecified)
system.ruby.network.data_traffic_distribution.n9.n57            0                       (Unspecified)
system.ruby.network.data_traffic_distribution.n9.n58            0                       (Unspecified)
system.ruby.network.data_traffic_distribution.n9.n59            0                       (Unspecified)
system.ruby.network.data_traffic_distribution.n9.n6            0                       (Unspecified)
system.ruby.network.data_traffic_distribution.n9.n60            0                       (Unspecified)
system.ruby.network.data_traffic_distribution.n9.n61            0                       (Unspecified)
system.ruby.network.data_traffic_distribution.n9.n62            0                       (Unspecified)
system.ruby.network.data_traffic_distribution.n9.n63            0                       (Unspecified)
system.ruby.network.data_traffic_distribution.n9.n7            0                       (Unspecified)
system.ruby.network.data_traffic_distribution.n9.n8            0                       (Unspecified)
system.ruby.network.data_traffic_distribution.n9.n9            0                       (Unspecified)
system.ruby.network.ext_in_link_utilization          175                       (Unspecified)
system.ruby.network.ext_out_link_utilization          146                       (Unspecified)
system.ruby.network.flit_network_latency |           0                       |           0                       |      466500                       |       79000                       |      614000                       (Unspecified)
system.ruby.network.flit_queueing_latency |           0                       |           0                       |       59000                       |       66000                       |       92000                       (Unspecified)
system.ruby.network.flits_injected       |           0      0.00%      0.00% |           0      0.00%      0.00% |          63     34.81%     34.81% |          13      7.18%     41.99% |         105     58.01%    100.00% (Unspecified)
system.ruby.network.flits_injected::total          181                       (Unspecified)
system.ruby.network.flits_received       |           0      0.00%      0.00% |           0      0.00%      0.00% |          59     40.97%     40.97% |          11      7.64%     48.61% |          74     51.39%    100.00% (Unspecified)
system.ruby.network.flits_received::total          144                       (Unspecified)
system.ruby.network.int_link_utilization          996                       (Unspecified)
system.ruby.network.packet_network_latency |           0                       |           0                       |      466500                       |       79000                       |      136000                       (Unspecified)
system.ruby.network.packet_queueing_latency |           0                       |           0                       |       59000                       |       66000                       |       18000                       (Unspecified)
system.ruby.network.packets_injected     |           0      0.00%      0.00% |           0      0.00%      0.00% |          63     64.95%     64.95% |          13     13.40%     78.35% |          21     21.65%    100.00% (Unspecified)
system.ruby.network.packets_injected::total           97                       (Unspecified)
system.ruby.network.packets_received     |           0      0.00%      0.00% |           0      0.00%      0.00% |          59     70.24%     70.24% |          11     13.10%     83.33% |          14     16.67%    100.00% (Unspecified)
system.ruby.network.packets_received::total           84                       (Unspecified)
