auto_unlink_shared_backstore=false
children=clk_domain dir_cntrl0 dir_cntrl1 dir_cntrl10 dir_cntrl11 dir_cntrl12 dir_cntrl13 dir_cntrl14 dir_cntrl15 dir_cntrl2 dir_cntrl3 dir_cntrl4 dir_cntrl5 dir_cntrl6 dir_cntrl7 dir_cntrl8 dir_cntrl9 l1_cntrl0 l1_cntrl1 l1_cntrl10 l1_cntrl11 l1_cntrl12 l1_cntrl13 l1_cntrl14 l1_cntrl15 l1_cntrl2 l1_cntrl3 l1_cntrl4 l1_cntrl5 l1_cntrl6 l1_cntrl7 l1_cntrl8 l1_cntrl9 memctrl_clk_domain network power_state
number_of_virtual_networks=5
in_port=system.ruby.network.out_port[33]
out_port=system.ruby.network.in_port[33]
out_port=system.ruby.network.in_port[34]
in_port=system.ruby.network.out_port[32]
out_port=system.ruby.network.in_port[32]
in_port=system.ruby.network.out_port[35]
out_port=system.ruby.network.in_port[36]
out_port=system.ruby.network.in_port[37]
in_port=system.ruby.network.out_port[34]
out_port=system.ruby.network.in_port[35]
in_port=system.ruby.network.out_port[53]
out_port=system.ruby.network.in_port[63]
out_port=system.ruby.network.in_port[64]
in_port=system.ruby.network.out_port[52]
out_port=system.ruby.network.in_port[62]
in_port=system.ruby.network.out_port[55]
out_port=system.ruby.network.in_port[66]
out_port=system.ruby.network.in_port[67]
in_port=system.ruby.network.out_port[54]
out_port=system.ruby.network.in_port[65]
in_port=system.ruby.network.out_port[57]
out_port=system.ruby.network.in_port[69]
out_port=system.ruby.network.in_port[70]
in_port=system.ruby.network.out_port[56]
out_port=system.ruby.network.in_port[68]
in_port=system.ruby.network.out_port[59]
out_port=system.ruby.network.in_port[72]
out_port=system.ruby.network.in_port[73]
in_port=system.ruby.network.out_port[58]
out_port=system.ruby.network.in_port[71]
in_port=system.ruby.network.out_port[61]
out_port=system.ruby.network.in_port[75]
out_port=system.ruby.network.in_port[76]
in_port=system.ruby.network.out_port[60]
out_port=system.ruby.network.in_port[74]
in_port=system.ruby.network.out_port[63]
out_port=system.ruby.network.in_port[78]
out_port=system.ruby.network.in_port[79]
in_port=system.ruby.network.out_port[62]
out_port=system.ruby.network.in_port[77]
in_port=system.ruby.network.out_port[37]
out_port=system.ruby.network.in_port[39]
out_port=system.ruby.network.in_port[40]
in_port=system.ruby.network.out_port[36]
out_port=system.ruby.network.in_port[38]
in_port=system.ruby.network.out_port[39]
out_port=system.ruby.network.in_port[42]
out_port=system.ruby.network.in_port[43]
in_port=system.ruby.network.out_port[38]
out_port=system.ruby.network.in_port[41]
in_port=system.ruby.network.out_port[41]
out_port=system.ruby.network.in_port[45]
out_port=system.ruby.network.in_port[46]
in_port=system.ruby.network.out_port[40]
out_port=system.ruby.network.in_port[44]
in_port=system.ruby.network.out_port[43]
out_port=system.ruby.network.in_port[48]
out_port=system.ruby.network.in_port[49]
in_port=system.ruby.network.out_port[42]
out_port=system.ruby.network.in_port[47]
in_port=system.ruby.network.out_port[45]
out_port=system.ruby.network.in_port[51]
out_port=system.ruby.network.in_port[52]
in_port=system.ruby.network.out_port[44]
out_port=system.ruby.network.in_port[50]
in_port=system.ruby.network.out_port[47]
out_port=system.ruby.network.in_port[54]
out_port=system.ruby.network.in_port[55]
in_port=system.ruby.network.out_port[46]
out_port=system.ruby.network.in_port[53]
in_port=system.ruby.network.out_port[49]
out_port=system.ruby.network.in_port[57]
out_port=system.ruby.network.in_port[58]
in_port=system.ruby.network.out_port[48]
out_port=system.ruby.network.in_port[56]
in_port=system.ruby.network.out_port[51]
out_port=system.ruby.network.in_port[60]
out_port=system.ruby.network.in_port[61]
in_port=system.ruby.network.out_port[50]
out_port=system.ruby.network.in_port[59]
in_port=system.ruby.network.out_port[0]
out_port=system.ruby.network.in_port[0]
out_port=system.ruby.network.in_port[1]
in_port=system.ruby.network.out_port[1]
in_port=system.ruby.network.out_port[2]
out_port=system.ruby.network.in_port[2]
out_port=system.ruby.network.in_port[3]
in_port=system.ruby.network.out_port[3]
in_port=system.ruby.network.out_port[20]
out_port=system.ruby.network.in_port[20]
out_port=system.ruby.network.in_port[21]
in_port=system.ruby.network.out_port[21]
in_port=system.ruby.network.out_port[22]
out_port=system.ruby.network.in_port[22]
out_port=system.ruby.network.in_port[23]
in_port=system.ruby.network.out_port[23]
in_port=system.ruby.network.out_port[24]
out_port=system.ruby.network.in_port[24]
out_port=system.ruby.network.in_port[25]
in_port=system.ruby.network.out_port[25]
in_port=system.ruby.network.out_port[26]
out_port=system.ruby.network.in_port[26]
out_port=system.ruby.network.in_port[27]
in_port=system.ruby.network.out_port[27]
in_port=system.ruby.network.out_port[28]
out_port=system.ruby.network.in_port[28]
out_port=system.ruby.network.in_port[29]
in_port=system.ruby.network.out_port[29]
in_port=system.ruby.network.out_port[30]
out_port=system.ruby.network.in_port[30]
out_port=system.ruby.network.in_port[31]
in_port=system.ruby.network.out_port[31]
in_port=system.ruby.network.out_port[4]
out_port=system.ruby.network.in_port[4]
out_port=system.ruby.network.in_port[5]
in_port=system.ruby.network.out_port[5]
in_port=system.ruby.network.out_port[6]
out_port=system.ruby.network.in_port[6]
out_port=system.ruby.network.in_port[7]
in_port=system.ruby.network.out_port[7]
in_port=system.ruby.network.out_port[8]
out_port=system.ruby.network.in_port[8]
out_port=system.ruby.network.in_port[9]
in_port=system.ruby.network.out_port[9]
in_port=system.ruby.network.out_port[10]
out_port=system.ruby.network.in_port[10]
out_port=system.ruby.network.in_port[11]
in_port=system.ruby.network.out_port[11]
in_port=system.ruby.network.out_port[12]
out_port=system.ruby.network.in_port[12]
out_port=system.ruby.network.in_port[13]
in_port=system.ruby.network.out_port[13]
in_port=system.ruby.network.out_port[14]
out_port=system.ruby.network.in_port[14]
out_port=system.ruby.network.in_port[15]
in_port=system.ruby.network.out_port[15]
in_port=system.ruby.network.out_port[16]
out_port=system.ruby.network.in_port[16]
out_port=system.ruby.network.in_port[17]
in_port=system.ruby.network.out_port[17]
in_port=system.ruby.network.out_port[18]
out_port=system.ruby.network.in_port[18]
out_port=system.ruby.network.in_port[19]
in_port=system.ruby.network.out_port[19]
[system.ruby.network]
type=GarnetNetwork
children=ext_links00 ext_links01 ext_links02 ext_links03 ext_links04 ext_links05 ext_links06 ext_links07 ext_links08 ext_links09 ext_links10 ext_links11 ext_links12 ext_links13 ext_links14 ext_links15 ext_links16 ext_links17 ext_links18 ext_links19 ext_links20 ext_links21 ext_links22 ext_links23 ext_links24 ext_links25 ext_links26 ext_links27 ext_links28 ext_links29 ext_links30 ext_links31 int_links00 int_links01 int_links02 int_links03 int_links04 int_links05 int_links06 int_links07 int_links08 int_links09 int_links10 int_links11 int_links12 int_links13 int_links14 int_links15 int_links16 int_links17 int_links18 int_links19 int_links20 int_links21 int_links22 int_links23 int_links24 int_links25 int_links26 int_links27 int_links28 int_links29 int_links30 int_links31 int_links32 int_links33 int_links34 int_links35 int_links36 int_links37 int_links38 int_links39 int_links40 int_links41 int_links42 int_links43 int_links44 int_links45 int_links46 int_links47 netifs00 netifs01 netifs02 netifs03 netifs04 netifs05 netifs06 netifs07 netifs08 netifs09 netifs10 netifs11 netifs12 netifs13 netifs14 netifs15 netifs16 netifs17 netifs18 netifs19 netifs20 netifs21 netifs22 netifs23 netifs24 netifs25 netifs26 netifs27 netifs28 netifs29 netifs30 netifs31 power_state routers00 routers01 routers02 routers03 routers04 routers05 routers06 routers07 routers08 routers09 routers10 routers11 routers12 routers13 routers14 routers15
ext_links=system.ruby.network.ext_links00 system.ruby.network.ext_links01 system.ruby.network.ext_links02 system.ruby.network.ext_links03 system.ruby.network.ext_links04 system.ruby.network.ext_links05 system.ruby.network.ext_links06 system.ruby.network.ext_links07 system.ruby.network.ext_links08 system.ruby.network.ext_links09 system.ruby.network.ext_links10 system.ruby.network.ext_links11 system.ruby.network.ext_links12 system.ruby.network.ext_links13 system.ruby.network.ext_links14 system.ruby.network.ext_links15 system.ruby.network.ext_links16 system.ruby.network.ext_links17 system.ruby.network.ext_links18 system.ruby.network.ext_links19 system.ruby.network.ext_links20 system.ruby.network.ext_links21 system.ruby.network.ext_links22 system.ruby.network.ext_links23 system.ruby.network.ext_links24 system.ruby.network.ext_links25 system.ruby.network.ext_links26 system.ruby.network.ext_links27 system.ruby.network.ext_links28 system.ruby.network.ext_links29 system.ruby.network.ext_links30 system.ruby.network.ext_links31
int_links=system.ruby.network.int_links00 system.ruby.network.int_links01 system.ruby.network.int_links02 system.ruby.network.int_links03 system.ruby.network.int_links04 system.ruby.network.int_links05 system.ruby.network.int_links06 system.ruby.network.int_links07 system.ruby.network.int_links08 system.ruby.network.int_links09 system.ruby.network.int_links10 system.ruby.network.int_links11 system.ruby.network.int_links12 system.ruby.network.int_links13 system.ruby.network.int_links14 system.ruby.network.int_links15 system.ruby.network.int_links16 system.ruby.network.int_links17 system.ruby.network.int_links18 system.ruby.network.int_links19 system.ruby.network.int_links20 system.ruby.network.int_links21 system.ruby.network.int_links22 system.ruby.network.int_links23 system.ruby.network.int_links24 system.ruby.network.int_links25 system.ruby.network.int_links26 system.ruby.network.int_links27 system.ruby.network.int_links28 system.ruby.network.int_links29 system.ruby.network.int_links30 system.ruby.network.int_links31 system.ruby.network.int_links32 system.ruby.network.int_links33 system.ruby.network.int_links34 system.ruby.network.int_links35 system.ruby.network.int_links36 system.ruby.network.int_links37 system.ruby.network.int_links38 system.ruby.network.int_links39 system.ruby.network.int_links40 system.ruby.network.int_links41 system.ruby.network.int_links42 system.ruby.network.int_links43 system.ruby.network.int_links44 system.ruby.network.int_links45 system.ruby.network.int_links46 system.ruby.network.int_links47
netifs=system.ruby.network.netifs00 system.ruby.network.netifs01 system.ruby.network.netifs02 system.ruby.network.netifs03 system.ruby.network.netifs04 system.ruby.network.netifs05 system.ruby.network.netifs06 system.ruby.network.netifs07 system.ruby.network.netifs08 system.ruby.network.netifs09 system.ruby.network.netifs10 system.ruby.network.netifs11 system.ruby.network.netifs12 system.ruby.network.netifs13 system.ruby.network.netifs14 system.ruby.network.netifs15 system.ruby.network.netifs16 system.ruby.network.netifs17 system.ruby.network.netifs18 system.ruby.network.netifs19 system.ruby.network.netifs20 system.ruby.network.netifs21 system.ruby.network.netifs22 system.ruby.network.netifs23 system.ruby.network.netifs24 system.ruby.network.netifs25 system.ruby.network.netifs26 system.ruby.network.netifs27 system.ruby.network.netifs28 system.ruby.network.netifs29 system.ruby.network.netifs30 system.ruby.network.netifs31
number_of_virtual_networks=5
power_state=system.ruby.network.power_state
routers=system.ruby.network.routers00 system.ruby.network.routers01 system.ruby.network.routers02 system.ruby.network.routers03 system.ruby.network.routers04 system.ruby.network.routers05 system.ruby.network.routers06 system.ruby.network.routers07 system.ruby.network.routers08 system.ruby.network.routers09 system.ruby.network.routers10 system.ruby.network.routers11 system.ruby.network.routers12 system.ruby.network.routers13 system.ruby.network.routers14 system.ruby.network.routers15
topology=Mesh_XY
[system.ruby.network.ext_links00]
type=GarnetExtLink
children=credit_links0 credit_links1 ext_cred_bridge0 ext_cred_bridge1 ext_net_bridge0 ext_net_bridge1 int_cred_bridge0 int_cred_bridge1 int_net_bridge0 int_net_bridge1 network_links0 network_links1
credit_links=system.ruby.network.ext_links00.credit_links0 system.ruby.network.ext_links00.credit_links1
ext_cred_bridge=system.ruby.network.ext_links00.ext_cred_bridge0 system.ruby.network.ext_links00.ext_cred_bridge1
ext_net_bridge=system.ruby.network.ext_links00.ext_net_bridge0 system.ruby.network.ext_links00.ext_net_bridge1
int_cred_bridge=system.ruby.network.ext_links00.int_cred_bridge0 system.ruby.network.ext_links00.int_cred_bridge1
int_net_bridge=system.ruby.network.ext_links00.int_net_bridge0 system.ruby.network.ext_links00.int_net_bridge1
int_node=system.ruby.network.routers00
link_id=0
network_links=system.ruby.network.ext_links00.network_links0 system.ruby.network.ext_links00.network_links1
[system.ruby.network.ext_links00.credit_links0]
type=CreditLink
link_id=0
link_latency=1
power_state=system.ruby.network.ext_links00.credit_links0.power_state
[system.ruby.network.ext_links00.credit_links0.power_state]
[system.ruby.network.ext_links00.credit_links1]
type=CreditLink
link_id=0
link_latency=1
power_state=system.ruby.network.ext_links00.credit_links1.power_state
[system.ruby.network.ext_links00.credit_links1.power_state]
[system.ruby.network.ext_links00.ext_cred_bridge0]
type=NetworkBridge
link=system.ruby.network.ext_links00.credit_links0
link_id=0
link_latency=1
power_state=system.ruby.network.ext_links00.ext_cred_bridge0.power_state
vtype=LINK_OBJECT
[system.ruby.network.ext_links00.ext_cred_bridge0.power_state]
[system.ruby.network.ext_links00.ext_cred_bridge1]
type=NetworkBridge
link=system.ruby.network.ext_links00.credit_links1
link_id=0
link_latency=1
power_state=system.ruby.network.ext_links00.ext_cred_bridge1.power_state
vtype=OBJECT_LINK
[system.ruby.network.ext_links00.ext_cred_bridge1.power_state]
[system.ruby.network.ext_links00.ext_net_bridge0]
type=NetworkBridge
link=system.ruby.network.ext_links00.network_links0
link_id=0
link_latency=1
power_state=system.ruby.network.ext_links00.ext_net_bridge0.power_state
vtype=OBJECT_LINK
[system.ruby.network.ext_links00.ext_net_bridge0.power_state]
[system.ruby.network.ext_links00.ext_net_bridge1]
type=NetworkBridge
link=system.ruby.network.ext_links00.network_links1
link_id=0
link_latency=1
power_state=system.ruby.network.ext_links00.ext_net_bridge1.power_state
vtype=LINK_OBJECT
[system.ruby.network.ext_links00.ext_net_bridge1.power_state]
[system.ruby.network.ext_links00.int_cred_bridge0]
type=NetworkBridge
link=system.ruby.network.ext_links00.credit_links0
link_id=0
link_latency=1
power_state=system.ruby.network.ext_links00.int_cred_bridge0.power_state
vtype=OBJECT_LINK
[system.ruby.network.ext_links00.int_cred_bridge0.power_state]
[system.ruby.network.ext_links00.int_cred_bridge1]
type=NetworkBridge
link=system.ruby.network.ext_links00.credit_links1
link_id=0
link_latency=1
power_state=system.ruby.network.ext_links00.int_cred_bridge1.power_state
vtype=LINK_OBJECT
[system.ruby.network.ext_links00.int_cred_bridge1.power_state]
[system.ruby.network.ext_links00.int_net_bridge0]
type=NetworkBridge
link=system.ruby.network.ext_links00.network_links0
link_id=0
link_latency=1
power_state=system.ruby.network.ext_links00.int_net_bridge0.power_state
vtype=LINK_OBJECT
[system.ruby.network.ext_links00.int_net_bridge0.power_state]
[system.ruby.network.ext_links00.int_net_bridge1]
type=NetworkBridge
link=system.ruby.network.ext_links00.network_links1
link_id=0
link_latency=1
power_state=system.ruby.network.ext_links00.int_net_bridge1.power_state
vtype=OBJECT_LINK
[system.ruby.network.ext_links00.int_net_bridge1.power_state]
[system.ruby.network.ext_links00.network_links0]
type=NetworkLink
link_id=0
link_latency=1
power_state=system.ruby.network.ext_links00.network_links0.power_state
[system.ruby.network.ext_links00.network_links0.power_state]
[system.ruby.network.ext_links00.network_links1]
type=NetworkLink
link_id=0
link_latency=1
power_state=system.ruby.network.ext_links00.network_links1.power_state
[system.ruby.network.ext_links00.network_links1.power_state]
[system.ruby.network.ext_links01]
type=GarnetExtLink
children=credit_links0 credit_links1 ext_cred_bridge0 ext_cred_bridge1 ext_net_bridge0 ext_net_bridge1 int_cred_bridge0 int_cred_bridge1 int_net_bridge0 int_net_bridge1 network_links0 network_links1
credit_links=system.ruby.network.ext_links01.credit_links0 system.ruby.network.ext_links01.credit_links1
ext_cred_bridge=system.ruby.network.ext_links01.ext_cred_bridge0 system.ruby.network.ext_links01.ext_cred_bridge1
ext_net_bridge=system.ruby.network.ext_links01.ext_net_bridge0 system.ruby.network.ext_links01.ext_net_bridge1
int_cred_bridge=system.ruby.network.ext_links01.int_cred_bridge0 system.ruby.network.ext_links01.int_cred_bridge1
int_net_bridge=system.ruby.network.ext_links01.int_net_bridge0 system.ruby.network.ext_links01.int_net_bridge1
int_node=system.ruby.network.routers01
link_id=1
network_links=system.ruby.network.ext_links01.network_links0 system.ruby.network.ext_links01.network_links1
[system.ruby.network.ext_links01.credit_links0]
type=CreditLink
link_id=1
link_latency=1
power_state=system.ruby.network.ext_links01.credit_links0.power_state
[system.ruby.network.ext_links01.credit_links0.power_state]
[system.ruby.network.ext_links01.credit_links1]
type=CreditLink
link_id=1
link_latency=1
power_state=system.ruby.network.ext_links01.credit_links1.power_state
[system.ruby.network.ext_links01.credit_links1.power_state]
[system.ruby.network.ext_links01.ext_cred_bridge0]
type=NetworkBridge
link=system.ruby.network.ext_links01.credit_links0
link_id=1
link_latency=1
power_state=system.ruby.network.ext_links01.ext_cred_bridge0.power_state
vtype=LINK_OBJECT
[system.ruby.network.ext_links01.ext_cred_bridge0.power_state]
[system.ruby.network.ext_links01.ext_cred_bridge1]
type=NetworkBridge
link=system.ruby.network.ext_links01.credit_links1
link_id=1
link_latency=1
power_state=system.ruby.network.ext_links01.ext_cred_bridge1.power_state
vtype=OBJECT_LINK
[system.ruby.network.ext_links01.ext_cred_bridge1.power_state]
[system.ruby.network.ext_links01.ext_net_bridge0]
type=NetworkBridge
link=system.ruby.network.ext_links01.network_links0
link_id=1
link_latency=1
power_state=system.ruby.network.ext_links01.ext_net_bridge0.power_state
vtype=OBJECT_LINK
[system.ruby.network.ext_links01.ext_net_bridge0.power_state]
[system.ruby.network.ext_links01.ext_net_bridge1]
type=NetworkBridge
link=system.ruby.network.ext_links01.network_links1
link_id=1
link_latency=1
power_state=system.ruby.network.ext_links01.ext_net_bridge1.power_state
vtype=LINK_OBJECT
[system.ruby.network.ext_links01.ext_net_bridge1.power_state]
[system.ruby.network.ext_links01.int_cred_bridge0]
type=NetworkBridge
link=system.ruby.network.ext_links01.credit_links0
link_id=1
link_latency=1
power_state=system.ruby.network.ext_links01.int_cred_bridge0.power_state
vtype=OBJECT_LINK
[system.ruby.network.ext_links01.int_cred_bridge0.power_state]
[system.ruby.network.ext_links01.int_cred_bridge1]
type=NetworkBridge
link=system.ruby.network.ext_links01.credit_links1
link_id=1
link_latency=1
power_state=system.ruby.network.ext_links01.int_cred_bridge1.power_state
vtype=LINK_OBJECT
[system.ruby.network.ext_links01.int_cred_bridge1.power_state]
[system.ruby.network.ext_links01.int_net_bridge0]
type=NetworkBridge
link=system.ruby.network.ext_links01.network_links0
link_id=1
link_latency=1
power_state=system.ruby.network.ext_links01.int_net_bridge0.power_state
vtype=LINK_OBJECT
[system.ruby.network.ext_links01.int_net_bridge0.power_state]
[system.ruby.network.ext_links01.int_net_bridge1]
type=NetworkBridge
link=system.ruby.network.ext_links01.network_links1
link_id=1
link_latency=1
power_state=system.ruby.network.ext_links01.int_net_bridge1.power_state
vtype=OBJECT_LINK
[system.ruby.network.ext_links01.int_net_bridge1.power_state]
[system.ruby.network.ext_links01.network_links0]
type=NetworkLink
link_id=1
link_latency=1
power_state=system.ruby.network.ext_links01.network_links0.power_state
[system.ruby.network.ext_links01.network_links0.power_state]
[system.ruby.network.ext_links01.network_links1]
type=NetworkLink
link_id=1
link_latency=1
power_state=system.ruby.network.ext_links01.network_links1.power_state
[system.ruby.network.ext_links01.network_links1.power_state]
[system.ruby.network.ext_links02]
type=GarnetExtLink
children=credit_links0 credit_links1 ext_cred_bridge0 ext_cred_bridge1 ext_net_bridge0 ext_net_bridge1 int_cred_bridge0 int_cred_bridge1 int_net_bridge0 int_net_bridge1 network_links0 network_links1
credit_links=system.ruby.network.ext_links02.credit_links0 system.ruby.network.ext_links02.credit_links1
ext_cred_bridge=system.ruby.network.ext_links02.ext_cred_bridge0 system.ruby.network.ext_links02.ext_cred_bridge1
ext_net_bridge=system.ruby.network.ext_links02.ext_net_bridge0 system.ruby.network.ext_links02.ext_net_bridge1
int_cred_bridge=system.ruby.network.ext_links02.int_cred_bridge0 system.ruby.network.ext_links02.int_cred_bridge1
int_net_bridge=system.ruby.network.ext_links02.int_net_bridge0 system.ruby.network.ext_links02.int_net_bridge1
int_node=system.ruby.network.routers02
link_id=2
network_links=system.ruby.network.ext_links02.network_links0 system.ruby.network.ext_links02.network_links1
[system.ruby.network.ext_links02.credit_links0]
type=CreditLink
link_id=2
link_latency=1
power_state=system.ruby.network.ext_links02.credit_links0.power_state
[system.ruby.network.ext_links02.credit_links0.power_state]
[system.ruby.network.ext_links02.credit_links1]
type=CreditLink
link_id=2
link_latency=1
power_state=system.ruby.network.ext_links02.credit_links1.power_state
[system.ruby.network.ext_links02.credit_links1.power_state]
[system.ruby.network.ext_links02.ext_cred_bridge0]
type=NetworkBridge
link=system.ruby.network.ext_links02.credit_links0
link_id=2
link_latency=1
power_state=system.ruby.network.ext_links02.ext_cred_bridge0.power_state
vtype=LINK_OBJECT
[system.ruby.network.ext_links02.ext_cred_bridge0.power_state]
[system.ruby.network.ext_links02.ext_cred_bridge1]
type=NetworkBridge
link=system.ruby.network.ext_links02.credit_links1
link_id=2
link_latency=1
power_state=system.ruby.network.ext_links02.ext_cred_bridge1.power_state
vtype=OBJECT_LINK
[system.ruby.network.ext_links02.ext_cred_bridge1.power_state]
[system.ruby.network.ext_links02.ext_net_bridge0]
type=NetworkBridge
link=system.ruby.network.ext_links02.network_links0
link_id=2
link_latency=1
power_state=system.ruby.network.ext_links02.ext_net_bridge0.power_state
vtype=OBJECT_LINK
[system.ruby.network.ext_links02.ext_net_bridge0.power_state]
[system.ruby.network.ext_links02.ext_net_bridge1]
type=NetworkBridge
link=system.ruby.network.ext_links02.network_links1
link_id=2
link_latency=1
power_state=system.ruby.network.ext_links02.ext_net_bridge1.power_state
vtype=LINK_OBJECT
[system.ruby.network.ext_links02.ext_net_bridge1.power_state]
[system.ruby.network.ext_links02.int_cred_bridge0]
type=NetworkBridge
link=system.ruby.network.ext_links02.credit_links0
link_id=2
link_latency=1
power_state=system.ruby.network.ext_links02.int_cred_bridge0.power_state
vtype=OBJECT_LINK
[system.ruby.network.ext_links02.int_cred_bridge0.power_state]
[system.ruby.network.ext_links02.int_cred_bridge1]
type=NetworkBridge
link=system.ruby.network.ext_links02.credit_links1
link_id=2
link_latency=1
power_state=system.ruby.network.ext_links02.int_cred_bridge1.power_state
vtype=LINK_OBJECT
[system.ruby.network.ext_links02.int_cred_bridge1.power_state]
[system.ruby.network.ext_links02.int_net_bridge0]
type=NetworkBridge
link=system.ruby.network.ext_links02.network_links0
link_id=2
link_latency=1
power_state=system.ruby.network.ext_links02.int_net_bridge0.power_state
vtype=LINK_OBJECT
[system.ruby.network.ext_links02.int_net_bridge0.power_state]
[system.ruby.network.ext_links02.int_net_bridge1]
type=NetworkBridge
link=system.ruby.network.ext_links02.network_links1
link_id=2
link_latency=1
power_state=system.ruby.network.ext_links02.int_net_bridge1.power_state
vtype=OBJECT_LINK
[system.ruby.network.ext_links02.int_net_bridge1.power_state]
[system.ruby.network.ext_links02.network_links0]
type=NetworkLink
link_id=2
link_latency=1
power_state=system.ruby.network.ext_links02.network_links0.power_state
[system.ruby.network.ext_links02.network_links0.power_state]
[system.ruby.network.ext_links02.network_links1]
type=NetworkLink
link_id=2
link_latency=1
power_state=system.ruby.network.ext_links02.network_links1.power_state
[system.ruby.network.ext_links02.network_links1.power_state]
[system.ruby.network.ext_links03]
type=GarnetExtLink
children=credit_links0 credit_links1 ext_cred_bridge0 ext_cred_bridge1 ext_net_bridge0 ext_net_bridge1 int_cred_bridge0 int_cred_bridge1 int_net_bridge0 int_net_bridge1 network_links0 network_links1
credit_links=system.ruby.network.ext_links03.credit_links0 system.ruby.network.ext_links03.credit_links1
ext_cred_bridge=system.ruby.network.ext_links03.ext_cred_bridge0 system.ruby.network.ext_links03.ext_cred_bridge1
ext_net_bridge=system.ruby.network.ext_links03.ext_net_bridge0 system.ruby.network.ext_links03.ext_net_bridge1
int_cred_bridge=system.ruby.network.ext_links03.int_cred_bridge0 system.ruby.network.ext_links03.int_cred_bridge1
int_net_bridge=system.ruby.network.ext_links03.int_net_bridge0 system.ruby.network.ext_links03.int_net_bridge1
int_node=system.ruby.network.routers03
link_id=3
network_links=system.ruby.network.ext_links03.network_links0 system.ruby.network.ext_links03.network_links1
[system.ruby.network.ext_links03.credit_links0]
type=CreditLink
link_id=3
link_latency=1
power_state=system.ruby.network.ext_links03.credit_links0.power_state
[system.ruby.network.ext_links03.credit_links0.power_state]
[system.ruby.network.ext_links03.credit_links1]
type=CreditLink
link_id=3
link_latency=1
power_state=system.ruby.network.ext_links03.credit_links1.power_state
[system.ruby.network.ext_links03.credit_links1.power_state]
[system.ruby.network.ext_links03.ext_cred_bridge0]
type=NetworkBridge
link=system.ruby.network.ext_links03.credit_links0
link_id=3
link_latency=1
power_state=system.ruby.network.ext_links03.ext_cred_bridge0.power_state
vtype=LINK_OBJECT
[system.ruby.network.ext_links03.ext_cred_bridge0.power_state]
[system.ruby.network.ext_links03.ext_cred_bridge1]
type=NetworkBridge
link=system.ruby.network.ext_links03.credit_links1
link_id=3
link_latency=1
power_state=system.ruby.network.ext_links03.ext_cred_bridge1.power_state
vtype=OBJECT_LINK
[system.ruby.network.ext_links03.ext_cred_bridge1.power_state]
[system.ruby.network.ext_links03.ext_net_bridge0]
type=NetworkBridge
link=system.ruby.network.ext_links03.network_links0
link_id=3
link_latency=1
power_state=system.ruby.network.ext_links03.ext_net_bridge0.power_state
vtype=OBJECT_LINK
[system.ruby.network.ext_links03.ext_net_bridge0.power_state]
[system.ruby.network.ext_links03.ext_net_bridge1]
type=NetworkBridge
link=system.ruby.network.ext_links03.network_links1
link_id=3
link_latency=1
power_state=system.ruby.network.ext_links03.ext_net_bridge1.power_state
vtype=LINK_OBJECT
[system.ruby.network.ext_links03.ext_net_bridge1.power_state]
[system.ruby.network.ext_links03.int_cred_bridge0]
type=NetworkBridge
link=system.ruby.network.ext_links03.credit_links0
link_id=3
link_latency=1
power_state=system.ruby.network.ext_links03.int_cred_bridge0.power_state
vtype=OBJECT_LINK
[system.ruby.network.ext_links03.int_cred_bridge0.power_state]
[system.ruby.network.ext_links03.int_cred_bridge1]
type=NetworkBridge
link=system.ruby.network.ext_links03.credit_links1
link_id=3
link_latency=1
power_state=system.ruby.network.ext_links03.int_cred_bridge1.power_state
vtype=LINK_OBJECT
[system.ruby.network.ext_links03.int_cred_bridge1.power_state]
[system.ruby.network.ext_links03.int_net_bridge0]
type=NetworkBridge
link=system.ruby.network.ext_links03.network_links0
link_id=3
link_latency=1
power_state=system.ruby.network.ext_links03.int_net_bridge0.power_state
vtype=LINK_OBJECT
[system.ruby.network.ext_links03.int_net_bridge0.power_state]
[system.ruby.network.ext_links03.int_net_bridge1]
type=NetworkBridge
link=system.ruby.network.ext_links03.network_links1
link_id=3
link_latency=1
power_state=system.ruby.network.ext_links03.int_net_bridge1.power_state
vtype=OBJECT_LINK
[system.ruby.network.ext_links03.int_net_bridge1.power_state]
[system.ruby.network.ext_links03.network_links0]
type=NetworkLink
link_id=3
link_latency=1
power_state=system.ruby.network.ext_links03.network_links0.power_state
[system.ruby.network.ext_links03.network_links0.power_state]
[system.ruby.network.ext_links03.network_links1]
type=NetworkLink
link_id=3
link_latency=1
power_state=system.ruby.network.ext_links03.network_links1.power_state
[system.ruby.network.ext_links03.network_links1.power_state]
[system.ruby.network.ext_links04]
type=GarnetExtLink
children=credit_links0 credit_links1 ext_cred_bridge0 ext_cred_bridge1 ext_net_bridge0 ext_net_bridge1 int_cred_bridge0 int_cred_bridge1 int_net_bridge0 int_net_bridge1 network_links0 network_links1
credit_links=system.ruby.network.ext_links04.credit_links0 system.ruby.network.ext_links04.credit_links1
ext_cred_bridge=system.ruby.network.ext_links04.ext_cred_bridge0 system.ruby.network.ext_links04.ext_cred_bridge1
ext_net_bridge=system.ruby.network.ext_links04.ext_net_bridge0 system.ruby.network.ext_links04.ext_net_bridge1
int_cred_bridge=system.ruby.network.ext_links04.int_cred_bridge0 system.ruby.network.ext_links04.int_cred_bridge1
int_net_bridge=system.ruby.network.ext_links04.int_net_bridge0 system.ruby.network.ext_links04.int_net_bridge1
int_node=system.ruby.network.routers04
link_id=4
network_links=system.ruby.network.ext_links04.network_links0 system.ruby.network.ext_links04.network_links1
[system.ruby.network.ext_links04.credit_links0]
type=CreditLink
link_id=4
link_latency=1
power_state=system.ruby.network.ext_links04.credit_links0.power_state
[system.ruby.network.ext_links04.credit_links0.power_state]
[system.ruby.network.ext_links04.credit_links1]
type=CreditLink
link_id=4
link_latency=1
power_state=system.ruby.network.ext_links04.credit_links1.power_state
[system.ruby.network.ext_links04.credit_links1.power_state]
[system.ruby.network.ext_links04.ext_cred_bridge0]
type=NetworkBridge
link=system.ruby.network.ext_links04.credit_links0
link_id=4
link_latency=1
power_state=system.ruby.network.ext_links04.ext_cred_bridge0.power_state
vtype=LINK_OBJECT
[system.ruby.network.ext_links04.ext_cred_bridge0.power_state]
[system.ruby.network.ext_links04.ext_cred_bridge1]
type=NetworkBridge
link=system.ruby.network.ext_links04.credit_links1
link_id=4
link_latency=1
power_state=system.ruby.network.ext_links04.ext_cred_bridge1.power_state
vtype=OBJECT_LINK
[system.ruby.network.ext_links04.ext_cred_bridge1.power_state]
[system.ruby.network.ext_links04.ext_net_bridge0]
type=NetworkBridge
link=system.ruby.network.ext_links04.network_links0
link_id=4
link_latency=1
power_state=system.ruby.network.ext_links04.ext_net_bridge0.power_state
vtype=OBJECT_LINK
[system.ruby.network.ext_links04.ext_net_bridge0.power_state]
[system.ruby.network.ext_links04.ext_net_bridge1]
type=NetworkBridge
link=system.ruby.network.ext_links04.network_links1
link_id=4
link_latency=1
power_state=system.ruby.network.ext_links04.ext_net_bridge1.power_state
vtype=LINK_OBJECT
[system.ruby.network.ext_links04.ext_net_bridge1.power_state]
[system.ruby.network.ext_links04.int_cred_bridge0]
type=NetworkBridge
link=system.ruby.network.ext_links04.credit_links0
link_id=4
link_latency=1
power_state=system.ruby.network.ext_links04.int_cred_bridge0.power_state
vtype=OBJECT_LINK
[system.ruby.network.ext_links04.int_cred_bridge0.power_state]
[system.ruby.network.ext_links04.int_cred_bridge1]
type=NetworkBridge
link=system.ruby.network.ext_links04.credit_links1
link_id=4
link_latency=1
power_state=system.ruby.network.ext_links04.int_cred_bridge1.power_state
vtype=LINK_OBJECT
[system.ruby.network.ext_links04.int_cred_bridge1.power_state]
[system.ruby.network.ext_links04.int_net_bridge0]
type=NetworkBridge
link=system.ruby.network.ext_links04.network_links0
link_id=4
link_latency=1
power_state=system.ruby.network.ext_links04.int_net_bridge0.power_state
vtype=LINK_OBJECT
[system.ruby.network.ext_links04.int_net_bridge0.power_state]
[system.ruby.network.ext_links04.int_net_bridge1]
type=NetworkBridge
link=system.ruby.network.ext_links04.network_links1
link_id=4
link_latency=1
power_state=system.ruby.network.ext_links04.int_net_bridge1.power_state
vtype=OBJECT_LINK
[system.ruby.network.ext_links04.int_net_bridge1.power_state]
[system.ruby.network.ext_links04.network_links0]
type=NetworkLink
link_id=4
link_latency=1
power_state=system.ruby.network.ext_links04.network_links0.power_state
[system.ruby.network.ext_links04.network_links0.power_state]
[system.ruby.network.ext_links04.network_links1]
type=NetworkLink
link_id=4
link_latency=1
power_state=system.ruby.network.ext_links04.network_links1.power_state
[system.ruby.network.ext_links04.network_links1.power_state]
[system.ruby.network.ext_links05]
type=GarnetExtLink
children=credit_links0 credit_links1 ext_cred_bridge0 ext_cred_bridge1 ext_net_bridge0 ext_net_bridge1 int_cred_bridge0 int_cred_bridge1 int_net_bridge0 int_net_bridge1 network_links0 network_links1
credit_links=system.ruby.network.ext_links05.credit_links0 system.ruby.network.ext_links05.credit_links1
ext_cred_bridge=system.ruby.network.ext_links05.ext_cred_bridge0 system.ruby.network.ext_links05.ext_cred_bridge1
ext_net_bridge=system.ruby.network.ext_links05.ext_net_bridge0 system.ruby.network.ext_links05.ext_net_bridge1
int_cred_bridge=system.ruby.network.ext_links05.int_cred_bridge0 system.ruby.network.ext_links05.int_cred_bridge1
int_net_bridge=system.ruby.network.ext_links05.int_net_bridge0 system.ruby.network.ext_links05.int_net_bridge1
int_node=system.ruby.network.routers05
link_id=5
network_links=system.ruby.network.ext_links05.network_links0 system.ruby.network.ext_links05.network_links1
[system.ruby.network.ext_links05.credit_links0]
type=CreditLink
link_id=5
link_latency=1
power_state=system.ruby.network.ext_links05.credit_links0.power_state
[system.ruby.network.ext_links05.credit_links0.power_state]
[system.ruby.network.ext_links05.credit_links1]
type=CreditLink
link_id=5
link_latency=1
power_state=system.ruby.network.ext_links05.credit_links1.power_state
[system.ruby.network.ext_links05.credit_links1.power_state]
[system.ruby.network.ext_links05.ext_cred_bridge0]
type=NetworkBridge
link=system.ruby.network.ext_links05.credit_links0
link_id=5
link_latency=1
power_state=system.ruby.network.ext_links05.ext_cred_bridge0.power_state
vtype=LINK_OBJECT
[system.ruby.network.ext_links05.ext_cred_bridge0.power_state]
[system.ruby.network.ext_links05.ext_cred_bridge1]
type=NetworkBridge
link=system.ruby.network.ext_links05.credit_links1
link_id=5
link_latency=1
power_state=system.ruby.network.ext_links05.ext_cred_bridge1.power_state
vtype=OBJECT_LINK
[system.ruby.network.ext_links05.ext_cred_bridge1.power_state]
[system.ruby.network.ext_links05.ext_net_bridge0]
type=NetworkBridge
link=system.ruby.network.ext_links05.network_links0
link_id=5
link_latency=1
power_state=system.ruby.network.ext_links05.ext_net_bridge0.power_state
vtype=OBJECT_LINK
[system.ruby.network.ext_links05.ext_net_bridge0.power_state]
[system.ruby.network.ext_links05.ext_net_bridge1]
type=NetworkBridge
link=system.ruby.network.ext_links05.network_links1
link_id=5
link_latency=1
power_state=system.ruby.network.ext_links05.ext_net_bridge1.power_state
vtype=LINK_OBJECT
[system.ruby.network.ext_links05.ext_net_bridge1.power_state]
[system.ruby.network.ext_links05.int_cred_bridge0]
type=NetworkBridge
link=system.ruby.network.ext_links05.credit_links0
link_id=5
link_latency=1
power_state=system.ruby.network.ext_links05.int_cred_bridge0.power_state
vtype=OBJECT_LINK
[system.ruby.network.ext_links05.int_cred_bridge0.power_state]
[system.ruby.network.ext_links05.int_cred_bridge1]
type=NetworkBridge
link=system.ruby.network.ext_links05.credit_links1
link_id=5
link_latency=1
power_state=system.ruby.network.ext_links05.int_cred_bridge1.power_state
vtype=LINK_OBJECT
[system.ruby.network.ext_links05.int_cred_bridge1.power_state]
[system.ruby.network.ext_links05.int_net_bridge0]
type=NetworkBridge
link=system.ruby.network.ext_links05.network_links0
link_id=5
link_latency=1
power_state=system.ruby.network.ext_links05.int_net_bridge0.power_state
vtype=LINK_OBJECT
[system.ruby.network.ext_links05.int_net_bridge0.power_state]
[system.ruby.network.ext_links05.int_net_bridge1]
type=NetworkBridge
link=system.ruby.network.ext_links05.network_links1
link_id=5
link_latency=1
power_state=system.ruby.network.ext_links05.int_net_bridge1.power_state
vtype=OBJECT_LINK
[system.ruby.network.ext_links05.int_net_bridge1.power_state]
[system.ruby.network.ext_links05.network_links0]
type=NetworkLink
link_id=5
link_latency=1
power_state=system.ruby.network.ext_links05.network_links0.power_state
[system.ruby.network.ext_links05.network_links0.power_state]
[system.ruby.network.ext_links05.network_links1]
type=NetworkLink
link_id=5
link_latency=1
power_state=system.ruby.network.ext_links05.network_links1.power_state
[system.ruby.network.ext_links05.network_links1.power_state]
[system.ruby.network.ext_links06]
type=GarnetExtLink
children=credit_links0 credit_links1 ext_cred_bridge0 ext_cred_bridge1 ext_net_bridge0 ext_net_bridge1 int_cred_bridge0 int_cred_bridge1 int_net_bridge0 int_net_bridge1 network_links0 network_links1
credit_links=system.ruby.network.ext_links06.credit_links0 system.ruby.network.ext_links06.credit_links1
ext_cred_bridge=system.ruby.network.ext_links06.ext_cred_bridge0 system.ruby.network.ext_links06.ext_cred_bridge1
ext_net_bridge=system.ruby.network.ext_links06.ext_net_bridge0 system.ruby.network.ext_links06.ext_net_bridge1
int_cred_bridge=system.ruby.network.ext_links06.int_cred_bridge0 system.ruby.network.ext_links06.int_cred_bridge1
int_net_bridge=system.ruby.network.ext_links06.int_net_bridge0 system.ruby.network.ext_links06.int_net_bridge1
int_node=system.ruby.network.routers06
link_id=6
network_links=system.ruby.network.ext_links06.network_links0 system.ruby.network.ext_links06.network_links1
[system.ruby.network.ext_links06.credit_links0]
type=CreditLink
link_id=6
link_latency=1
power_state=system.ruby.network.ext_links06.credit_links0.power_state
[system.ruby.network.ext_links06.credit_links0.power_state]
[system.ruby.network.ext_links06.credit_links1]
type=CreditLink
link_id=6
link_latency=1
power_state=system.ruby.network.ext_links06.credit_links1.power_state
[system.ruby.network.ext_links06.credit_links1.power_state]
[system.ruby.network.ext_links06.ext_cred_bridge0]
type=NetworkBridge
link=system.ruby.network.ext_links06.credit_links0
link_id=6
link_latency=1
power_state=system.ruby.network.ext_links06.ext_cred_bridge0.power_state
vtype=LINK_OBJECT
[system.ruby.network.ext_links06.ext_cred_bridge0.power_state]
[system.ruby.network.ext_links06.ext_cred_bridge1]
type=NetworkBridge
link=system.ruby.network.ext_links06.credit_links1
link_id=6
link_latency=1
power_state=system.ruby.network.ext_links06.ext_cred_bridge1.power_state
vtype=OBJECT_LINK
[system.ruby.network.ext_links06.ext_cred_bridge1.power_state]
[system.ruby.network.ext_links06.ext_net_bridge0]
type=NetworkBridge
link=system.ruby.network.ext_links06.network_links0
link_id=6
link_latency=1
power_state=system.ruby.network.ext_links06.ext_net_bridge0.power_state
vtype=OBJECT_LINK
[system.ruby.network.ext_links06.ext_net_bridge0.power_state]
[system.ruby.network.ext_links06.ext_net_bridge1]
type=NetworkBridge
link=system.ruby.network.ext_links06.network_links1
link_id=6
link_latency=1
power_state=system.ruby.network.ext_links06.ext_net_bridge1.power_state
vtype=LINK_OBJECT
[system.ruby.network.ext_links06.ext_net_bridge1.power_state]
[system.ruby.network.ext_links06.int_cred_bridge0]
type=NetworkBridge
link=system.ruby.network.ext_links06.credit_links0
link_id=6
link_latency=1
power_state=system.ruby.network.ext_links06.int_cred_bridge0.power_state
vtype=OBJECT_LINK
[system.ruby.network.ext_links06.int_cred_bridge0.power_state]
[system.ruby.network.ext_links06.int_cred_bridge1]
type=NetworkBridge
link=system.ruby.network.ext_links06.credit_links1
link_id=6
link_latency=1
power_state=system.ruby.network.ext_links06.int_cred_bridge1.power_state
vtype=LINK_OBJECT
[system.ruby.network.ext_links06.int_cred_bridge1.power_state]
[system.ruby.network.ext_links06.int_net_bridge0]
type=NetworkBridge
link=system.ruby.network.ext_links06.network_links0
link_id=6
link_latency=1
power_state=system.ruby.network.ext_links06.int_net_bridge0.power_state
vtype=LINK_OBJECT
[system.ruby.network.ext_links06.int_net_bridge0.power_state]
[system.ruby.network.ext_links06.int_net_bridge1]
type=NetworkBridge
link=system.ruby.network.ext_links06.network_links1
link_id=6
link_latency=1
power_state=system.ruby.network.ext_links06.int_net_bridge1.power_state
vtype=OBJECT_LINK
[system.ruby.network.ext_links06.int_net_bridge1.power_state]
[system.ruby.network.ext_links06.network_links0]
type=NetworkLink
link_id=6
link_latency=1
power_state=system.ruby.network.ext_links06.network_links0.power_state
[system.ruby.network.ext_links06.network_links0.power_state]
[system.ruby.network.ext_links06.network_links1]
type=NetworkLink
link_id=6
link_latency=1
power_state=system.ruby.network.ext_links06.network_links1.power_state
[system.ruby.network.ext_links06.network_links1.power_state]
[system.ruby.network.ext_links07]
type=GarnetExtLink
children=credit_links0 credit_links1 ext_cred_bridge0 ext_cred_bridge1 ext_net_bridge0 ext_net_bridge1 int_cred_bridge0 int_cred_bridge1 int_net_bridge0 int_net_bridge1 network_links0 network_links1
credit_links=system.ruby.network.ext_links07.credit_links0 system.ruby.network.ext_links07.credit_links1
ext_cred_bridge=system.ruby.network.ext_links07.ext_cred_bridge0 system.ruby.network.ext_links07.ext_cred_bridge1
ext_net_bridge=system.ruby.network.ext_links07.ext_net_bridge0 system.ruby.network.ext_links07.ext_net_bridge1
int_cred_bridge=system.ruby.network.ext_links07.int_cred_bridge0 system.ruby.network.ext_links07.int_cred_bridge1
int_net_bridge=system.ruby.network.ext_links07.int_net_bridge0 system.ruby.network.ext_links07.int_net_bridge1
int_node=system.ruby.network.routers07
link_id=7
network_links=system.ruby.network.ext_links07.network_links0 system.ruby.network.ext_links07.network_links1
[system.ruby.network.ext_links07.credit_links0]
type=CreditLink
link_id=7
link_latency=1
power_state=system.ruby.network.ext_links07.credit_links0.power_state
[system.ruby.network.ext_links07.credit_links0.power_state]
[system.ruby.network.ext_links07.credit_links1]
type=CreditLink
link_id=7
link_latency=1
power_state=system.ruby.network.ext_links07.credit_links1.power_state
[system.ruby.network.ext_links07.credit_links1.power_state]
[system.ruby.network.ext_links07.ext_cred_bridge0]
type=NetworkBridge
link=system.ruby.network.ext_links07.credit_links0
link_id=7
link_latency=1
power_state=system.ruby.network.ext_links07.ext_cred_bridge0.power_state
vtype=LINK_OBJECT
[system.ruby.network.ext_links07.ext_cred_bridge0.power_state]
[system.ruby.network.ext_links07.ext_cred_bridge1]
type=NetworkBridge
link=system.ruby.network.ext_links07.credit_links1
link_id=7
link_latency=1
power_state=system.ruby.network.ext_links07.ext_cred_bridge1.power_state
vtype=OBJECT_LINK
[system.ruby.network.ext_links07.ext_cred_bridge1.power_state]
[system.ruby.network.ext_links07.ext_net_bridge0]
type=NetworkBridge
link=system.ruby.network.ext_links07.network_links0
link_id=7
link_latency=1
power_state=system.ruby.network.ext_links07.ext_net_bridge0.power_state
vtype=OBJECT_LINK
[system.ruby.network.ext_links07.ext_net_bridge0.power_state]
[system.ruby.network.ext_links07.ext_net_bridge1]
type=NetworkBridge
link=system.ruby.network.ext_links07.network_links1
link_id=7
link_latency=1
power_state=system.ruby.network.ext_links07.ext_net_bridge1.power_state
vtype=LINK_OBJECT
[system.ruby.network.ext_links07.ext_net_bridge1.power_state]
[system.ruby.network.ext_links07.int_cred_bridge0]
type=NetworkBridge
link=system.ruby.network.ext_links07.credit_links0
link_id=7
link_latency=1
power_state=system.ruby.network.ext_links07.int_cred_bridge0.power_state
vtype=OBJECT_LINK
[system.ruby.network.ext_links07.int_cred_bridge0.power_state]
[system.ruby.network.ext_links07.int_cred_bridge1]
type=NetworkBridge
link=system.ruby.network.ext_links07.credit_links1
link_id=7
link_latency=1
power_state=system.ruby.network.ext_links07.int_cred_bridge1.power_state
vtype=LINK_OBJECT
[system.ruby.network.ext_links07.int_cred_bridge1.power_state]
[system.ruby.network.ext_links07.int_net_bridge0]
type=NetworkBridge
link=system.ruby.network.ext_links07.network_links0
link_id=7
link_latency=1
power_state=system.ruby.network.ext_links07.int_net_bridge0.power_state
vtype=LINK_OBJECT
[system.ruby.network.ext_links07.int_net_bridge0.power_state]
[system.ruby.network.ext_links07.int_net_bridge1]
type=NetworkBridge
link=system.ruby.network.ext_links07.network_links1
link_id=7
link_latency=1
power_state=system.ruby.network.ext_links07.int_net_bridge1.power_state
vtype=OBJECT_LINK
[system.ruby.network.ext_links07.int_net_bridge1.power_state]
[system.ruby.network.ext_links07.network_links0]
type=NetworkLink
link_id=7
link_latency=1
power_state=system.ruby.network.ext_links07.network_links0.power_state
[system.ruby.network.ext_links07.network_links0.power_state]
[system.ruby.network.ext_links07.network_links1]
type=NetworkLink
link_id=7
link_latency=1
power_state=system.ruby.network.ext_links07.network_links1.power_state
[system.ruby.network.ext_links07.network_links1.power_state]
[system.ruby.network.ext_links08]
type=GarnetExtLink
children=credit_links0 credit_links1 ext_cred_bridge0 ext_cred_bridge1 ext_net_bridge0 ext_net_bridge1 int_cred_bridge0 int_cred_bridge1 int_net_bridge0 int_net_bridge1 network_links0 network_links1
credit_links=system.ruby.network.ext_links08.credit_links0 system.ruby.network.ext_links08.credit_links1
ext_cred_bridge=system.ruby.network.ext_links08.ext_cred_bridge0 system.ruby.network.ext_links08.ext_cred_bridge1
ext_net_bridge=system.ruby.network.ext_links08.ext_net_bridge0 system.ruby.network.ext_links08.ext_net_bridge1
int_cred_bridge=system.ruby.network.ext_links08.int_cred_bridge0 system.ruby.network.ext_links08.int_cred_bridge1
int_net_bridge=system.ruby.network.ext_links08.int_net_bridge0 system.ruby.network.ext_links08.int_net_bridge1
int_node=system.ruby.network.routers08
link_id=8
network_links=system.ruby.network.ext_links08.network_links0 system.ruby.network.ext_links08.network_links1
[system.ruby.network.ext_links08.credit_links0]
type=CreditLink
link_id=8
link_latency=1
power_state=system.ruby.network.ext_links08.credit_links0.power_state
[system.ruby.network.ext_links08.credit_links0.power_state]
[system.ruby.network.ext_links08.credit_links1]
type=CreditLink
link_id=8
link_latency=1
power_state=system.ruby.network.ext_links08.credit_links1.power_state
[system.ruby.network.ext_links08.credit_links1.power_state]
[system.ruby.network.ext_links08.ext_cred_bridge0]
type=NetworkBridge
link=system.ruby.network.ext_links08.credit_links0
link_id=8
link_latency=1
power_state=system.ruby.network.ext_links08.ext_cred_bridge0.power_state
vtype=LINK_OBJECT
[system.ruby.network.ext_links08.ext_cred_bridge0.power_state]
[system.ruby.network.ext_links08.ext_cred_bridge1]
type=NetworkBridge
link=system.ruby.network.ext_links08.credit_links1
link_id=8
link_latency=1
power_state=system.ruby.network.ext_links08.ext_cred_bridge1.power_state
vtype=OBJECT_LINK
[system.ruby.network.ext_links08.ext_cred_bridge1.power_state]
[system.ruby.network.ext_links08.ext_net_bridge0]
type=NetworkBridge
link=system.ruby.network.ext_links08.network_links0
link_id=8
link_latency=1
power_state=system.ruby.network.ext_links08.ext_net_bridge0.power_state
vtype=OBJECT_LINK
[system.ruby.network.ext_links08.ext_net_bridge0.power_state]
[system.ruby.network.ext_links08.ext_net_bridge1]
type=NetworkBridge
link=system.ruby.network.ext_links08.network_links1
link_id=8
link_latency=1
power_state=system.ruby.network.ext_links08.ext_net_bridge1.power_state
vtype=LINK_OBJECT
[system.ruby.network.ext_links08.ext_net_bridge1.power_state]
[system.ruby.network.ext_links08.int_cred_bridge0]
type=NetworkBridge
link=system.ruby.network.ext_links08.credit_links0
link_id=8
link_latency=1
power_state=system.ruby.network.ext_links08.int_cred_bridge0.power_state
vtype=OBJECT_LINK
[system.ruby.network.ext_links08.int_cred_bridge0.power_state]
[system.ruby.network.ext_links08.int_cred_bridge1]
type=NetworkBridge
link=system.ruby.network.ext_links08.credit_links1
link_id=8
link_latency=1
power_state=system.ruby.network.ext_links08.int_cred_bridge1.power_state
vtype=LINK_OBJECT
[system.ruby.network.ext_links08.int_cred_bridge1.power_state]
[system.ruby.network.ext_links08.int_net_bridge0]
type=NetworkBridge
link=system.ruby.network.ext_links08.network_links0
link_id=8
link_latency=1
power_state=system.ruby.network.ext_links08.int_net_bridge0.power_state
vtype=LINK_OBJECT
[system.ruby.network.ext_links08.int_net_bridge0.power_state]
[system.ruby.network.ext_links08.int_net_bridge1]
type=NetworkBridge
link=system.ruby.network.ext_links08.network_links1
link_id=8
link_latency=1
power_state=system.ruby.network.ext_links08.int_net_bridge1.power_state
vtype=OBJECT_LINK
[system.ruby.network.ext_links08.int_net_bridge1.power_state]
[system.ruby.network.ext_links08.network_links0]
type=NetworkLink
link_id=8
link_latency=1
power_state=system.ruby.network.ext_links08.network_links0.power_state
[system.ruby.network.ext_links08.network_links0.power_state]
[system.ruby.network.ext_links08.network_links1]
type=NetworkLink
link_id=8
link_latency=1
power_state=system.ruby.network.ext_links08.network_links1.power_state
[system.ruby.network.ext_links08.network_links1.power_state]
[system.ruby.network.ext_links09]
type=GarnetExtLink
children=credit_links0 credit_links1 ext_cred_bridge0 ext_cred_bridge1 ext_net_bridge0 ext_net_bridge1 int_cred_bridge0 int_cred_bridge1 int_net_bridge0 int_net_bridge1 network_links0 network_links1
credit_links=system.ruby.network.ext_links09.credit_links0 system.ruby.network.ext_links09.credit_links1
ext_cred_bridge=system.ruby.network.ext_links09.ext_cred_bridge0 system.ruby.network.ext_links09.ext_cred_bridge1
ext_net_bridge=system.ruby.network.ext_links09.ext_net_bridge0 system.ruby.network.ext_links09.ext_net_bridge1
int_cred_bridge=system.ruby.network.ext_links09.int_cred_bridge0 system.ruby.network.ext_links09.int_cred_bridge1
int_net_bridge=system.ruby.network.ext_links09.int_net_bridge0 system.ruby.network.ext_links09.int_net_bridge1
int_node=system.ruby.network.routers09
link_id=9
network_links=system.ruby.network.ext_links09.network_links0 system.ruby.network.ext_links09.network_links1
[system.ruby.network.ext_links09.credit_links0]
type=CreditLink
link_id=9
link_latency=1
power_state=system.ruby.network.ext_links09.credit_links0.power_state
[system.ruby.network.ext_links09.credit_links0.power_state]
[system.ruby.network.ext_links09.credit_links1]
type=CreditLink
link_id=9
link_latency=1
power_state=system.ruby.network.ext_links09.credit_links1.power_state
[system.ruby.network.ext_links09.credit_links1.power_state]
[system.ruby.network.ext_links09.ext_cred_bridge0]
type=NetworkBridge
link=system.ruby.network.ext_links09.credit_links0
link_id=9
link_latency=1
power_state=system.ruby.network.ext_links09.ext_cred_bridge0.power_state
vtype=LINK_OBJECT
[system.ruby.network.ext_links09.ext_cred_bridge0.power_state]
[system.ruby.network.ext_links09.ext_cred_bridge1]
type=NetworkBridge
link=system.ruby.network.ext_links09.credit_links1
link_id=9
link_latency=1
power_state=system.ruby.network.ext_links09.ext_cred_bridge1.power_state
vtype=OBJECT_LINK
[system.ruby.network.ext_links09.ext_cred_bridge1.power_state]
[system.ruby.network.ext_links09.ext_net_bridge0]
type=NetworkBridge
link=system.ruby.network.ext_links09.network_links0
link_id=9
link_latency=1
power_state=system.ruby.network.ext_links09.ext_net_bridge0.power_state
vtype=OBJECT_LINK
[system.ruby.network.ext_links09.ext_net_bridge0.power_state]
[system.ruby.network.ext_links09.ext_net_bridge1]
type=NetworkBridge
link=system.ruby.network.ext_links09.network_links1
link_id=9
link_latency=1
power_state=system.ruby.network.ext_links09.ext_net_bridge1.power_state
vtype=LINK_OBJECT
[system.ruby.network.ext_links09.ext_net_bridge1.power_state]
[system.ruby.network.ext_links09.int_cred_bridge0]
type=NetworkBridge
link=system.ruby.network.ext_links09.credit_links0
link_id=9
link_latency=1
power_state=system.ruby.network.ext_links09.int_cred_bridge0.power_state
vtype=OBJECT_LINK
[system.ruby.network.ext_links09.int_cred_bridge0.power_state]
[system.ruby.network.ext_links09.int_cred_bridge1]
type=NetworkBridge
link=system.ruby.network.ext_links09.credit_links1
link_id=9
link_latency=1
power_state=system.ruby.network.ext_links09.int_cred_bridge1.power_state
vtype=LINK_OBJECT
[system.ruby.network.ext_links09.int_cred_bridge1.power_state]
[system.ruby.network.ext_links09.int_net_bridge0]
type=NetworkBridge
link=system.ruby.network.ext_links09.network_links0
link_id=9
link_latency=1
power_state=system.ruby.network.ext_links09.int_net_bridge0.power_state
vtype=LINK_OBJECT
[system.ruby.network.ext_links09.int_net_bridge0.power_state]
[system.ruby.network.ext_links09.int_net_bridge1]
type=NetworkBridge
link=system.ruby.network.ext_links09.network_links1
link_id=9
link_latency=1
power_state=system.ruby.network.ext_links09.int_net_bridge1.power_state
vtype=OBJECT_LINK
[system.ruby.network.ext_links09.int_net_bridge1.power_state]
[system.ruby.network.ext_links09.network_links0]
type=NetworkLink
link_id=9
link_latency=1
power_state=system.ruby.network.ext_links09.network_links0.power_state
[system.ruby.network.ext_links09.network_links0.power_state]
[system.ruby.network.ext_links09.network_links1]
type=NetworkLink
link_id=9
link_latency=1
power_state=system.ruby.network.ext_links09.network_links1.power_state
[system.ruby.network.ext_links09.network_links1.power_state]
[system.ruby.network.ext_links10]
type=GarnetExtLink
children=credit_links0 credit_links1 ext_cred_bridge0 ext_cred_bridge1 ext_net_bridge0 ext_net_bridge1 int_cred_bridge0 int_cred_bridge1 int_net_bridge0 int_net_bridge1 network_links0 network_links1
credit_links=system.ruby.network.ext_links10.credit_links0 system.ruby.network.ext_links10.credit_links1
ext_cred_bridge=system.ruby.network.ext_links10.ext_cred_bridge0 system.ruby.network.ext_links10.ext_cred_bridge1
ext_net_bridge=system.ruby.network.ext_links10.ext_net_bridge0 system.ruby.network.ext_links10.ext_net_bridge1
int_cred_bridge=system.ruby.network.ext_links10.int_cred_bridge0 system.ruby.network.ext_links10.int_cred_bridge1
int_net_bridge=system.ruby.network.ext_links10.int_net_bridge0 system.ruby.network.ext_links10.int_net_bridge1
int_node=system.ruby.network.routers10
link_id=10
network_links=system.ruby.network.ext_links10.network_links0 system.ruby.network.ext_links10.network_links1
[system.ruby.network.ext_links10.credit_links0]
type=CreditLink
link_id=10
link_latency=1
power_state=system.ruby.network.ext_links10.credit_links0.power_state
[system.ruby.network.ext_links10.credit_links0.power_state]
[system.ruby.network.ext_links10.credit_links1]
type=CreditLink
link_id=10
link_latency=1
power_state=system.ruby.network.ext_links10.credit_links1.power_state
[system.ruby.network.ext_links10.credit_links1.power_state]
[system.ruby.network.ext_links10.ext_cred_bridge0]
type=NetworkBridge
link=system.ruby.network.ext_links10.credit_links0
link_id=10
link_latency=1
power_state=system.ruby.network.ext_links10.ext_cred_bridge0.power_state
vtype=LINK_OBJECT
[system.ruby.network.ext_links10.ext_cred_bridge0.power_state]
[system.ruby.network.ext_links10.ext_cred_bridge1]
type=NetworkBridge
link=system.ruby.network.ext_links10.credit_links1
link_id=10
link_latency=1
power_state=system.ruby.network.ext_links10.ext_cred_bridge1.power_state
vtype=OBJECT_LINK
[system.ruby.network.ext_links10.ext_cred_bridge1.power_state]
[system.ruby.network.ext_links10.ext_net_bridge0]
type=NetworkBridge
link=system.ruby.network.ext_links10.network_links0
link_id=10
link_latency=1
power_state=system.ruby.network.ext_links10.ext_net_bridge0.power_state
vtype=OBJECT_LINK
[system.ruby.network.ext_links10.ext_net_bridge0.power_state]
[system.ruby.network.ext_links10.ext_net_bridge1]
type=NetworkBridge
link=system.ruby.network.ext_links10.network_links1
link_id=10
link_latency=1
power_state=system.ruby.network.ext_links10.ext_net_bridge1.power_state
vtype=LINK_OBJECT
[system.ruby.network.ext_links10.ext_net_bridge1.power_state]
[system.ruby.network.ext_links10.int_cred_bridge0]
type=NetworkBridge
link=system.ruby.network.ext_links10.credit_links0
link_id=10
link_latency=1
power_state=system.ruby.network.ext_links10.int_cred_bridge0.power_state
vtype=OBJECT_LINK
[system.ruby.network.ext_links10.int_cred_bridge0.power_state]
[system.ruby.network.ext_links10.int_cred_bridge1]
type=NetworkBridge
link=system.ruby.network.ext_links10.credit_links1
link_id=10
link_latency=1
power_state=system.ruby.network.ext_links10.int_cred_bridge1.power_state
vtype=LINK_OBJECT
[system.ruby.network.ext_links10.int_cred_bridge1.power_state]
[system.ruby.network.ext_links10.int_net_bridge0]
type=NetworkBridge
link=system.ruby.network.ext_links10.network_links0
link_id=10
link_latency=1
power_state=system.ruby.network.ext_links10.int_net_bridge0.power_state
vtype=LINK_OBJECT
[system.ruby.network.ext_links10.int_net_bridge0.power_state]
[system.ruby.network.ext_links10.int_net_bridge1]
type=NetworkBridge
link=system.ruby.network.ext_links10.network_links1
link_id=10
link_latency=1
power_state=system.ruby.network.ext_links10.int_net_bridge1.power_state
vtype=OBJECT_LINK
[system.ruby.network.ext_links10.int_net_bridge1.power_state]
[system.ruby.network.ext_links10.network_links0]
type=NetworkLink
link_id=10
link_latency=1
power_state=system.ruby.network.ext_links10.network_links0.power_state
[system.ruby.network.ext_links10.network_links0.power_state]
[system.ruby.network.ext_links10.network_links1]
type=NetworkLink
link_id=10
link_latency=1
power_state=system.ruby.network.ext_links10.network_links1.power_state
[system.ruby.network.ext_links10.network_links1.power_state]
[system.ruby.network.ext_links11]
type=GarnetExtLink
children=credit_links0 credit_links1 ext_cred_bridge0 ext_cred_bridge1 ext_net_bridge0 ext_net_bridge1 int_cred_bridge0 int_cred_bridge1 int_net_bridge0 int_net_bridge1 network_links0 network_links1
credit_links=system.ruby.network.ext_links11.credit_links0 system.ruby.network.ext_links11.credit_links1
ext_cred_bridge=system.ruby.network.ext_links11.ext_cred_bridge0 system.ruby.network.ext_links11.ext_cred_bridge1
ext_net_bridge=system.ruby.network.ext_links11.ext_net_bridge0 system.ruby.network.ext_links11.ext_net_bridge1
int_cred_bridge=system.ruby.network.ext_links11.int_cred_bridge0 system.ruby.network.ext_links11.int_cred_bridge1
int_net_bridge=system.ruby.network.ext_links11.int_net_bridge0 system.ruby.network.ext_links11.int_net_bridge1
int_node=system.ruby.network.routers11
link_id=11
network_links=system.ruby.network.ext_links11.network_links0 system.ruby.network.ext_links11.network_links1
[system.ruby.network.ext_links11.credit_links0]
type=CreditLink
link_id=11
link_latency=1
power_state=system.ruby.network.ext_links11.credit_links0.power_state
[system.ruby.network.ext_links11.credit_links0.power_state]
[system.ruby.network.ext_links11.credit_links1]
type=CreditLink
link_id=11
link_latency=1
power_state=system.ruby.network.ext_links11.credit_links1.power_state
[system.ruby.network.ext_links11.credit_links1.power_state]
[system.ruby.network.ext_links11.ext_cred_bridge0]
type=NetworkBridge
link=system.ruby.network.ext_links11.credit_links0
link_id=11
link_latency=1
power_state=system.ruby.network.ext_links11.ext_cred_bridge0.power_state
vtype=LINK_OBJECT
[system.ruby.network.ext_links11.ext_cred_bridge0.power_state]
[system.ruby.network.ext_links11.ext_cred_bridge1]
type=NetworkBridge
link=system.ruby.network.ext_links11.credit_links1
link_id=11
link_latency=1
power_state=system.ruby.network.ext_links11.ext_cred_bridge1.power_state
vtype=OBJECT_LINK
[system.ruby.network.ext_links11.ext_cred_bridge1.power_state]
[system.ruby.network.ext_links11.ext_net_bridge0]
type=NetworkBridge
link=system.ruby.network.ext_links11.network_links0
link_id=11
link_latency=1
power_state=system.ruby.network.ext_links11.ext_net_bridge0.power_state
vtype=OBJECT_LINK
[system.ruby.network.ext_links11.ext_net_bridge0.power_state]
[system.ruby.network.ext_links11.ext_net_bridge1]
type=NetworkBridge
link=system.ruby.network.ext_links11.network_links1
link_id=11
link_latency=1
power_state=system.ruby.network.ext_links11.ext_net_bridge1.power_state
vtype=LINK_OBJECT
[system.ruby.network.ext_links11.ext_net_bridge1.power_state]
[system.ruby.network.ext_links11.int_cred_bridge0]
type=NetworkBridge
link=system.ruby.network.ext_links11.credit_links0
link_id=11
link_latency=1
power_state=system.ruby.network.ext_links11.int_cred_bridge0.power_state
vtype=OBJECT_LINK
[system.ruby.network.ext_links11.int_cred_bridge0.power_state]
[system.ruby.network.ext_links11.int_cred_bridge1]
type=NetworkBridge
link=system.ruby.network.ext_links11.credit_links1
link_id=11
link_latency=1
power_state=system.ruby.network.ext_links11.int_cred_bridge1.power_state
vtype=LINK_OBJECT
[system.ruby.network.ext_links11.int_cred_bridge1.power_state]
[system.ruby.network.ext_links11.int_net_bridge0]
type=NetworkBridge
link=system.ruby.network.ext_links11.network_links0
link_id=11
link_latency=1
power_state=system.ruby.network.ext_links11.int_net_bridge0.power_state
vtype=LINK_OBJECT
[system.ruby.network.ext_links11.int_net_bridge0.power_state]
[system.ruby.network.ext_links11.int_net_bridge1]
type=NetworkBridge
link=system.ruby.network.ext_links11.network_links1
link_id=11
link_latency=1
power_state=system.ruby.network.ext_links11.int_net_bridge1.power_state
vtype=OBJECT_LINK
[system.ruby.network.ext_links11.int_net_bridge1.power_state]
[system.ruby.network.ext_links11.network_links0]
type=NetworkLink
link_id=11
link_latency=1
power_state=system.ruby.network.ext_links11.network_links0.power_state
[system.ruby.network.ext_links11.network_links0.power_state]
[system.ruby.network.ext_links11.network_links1]
type=NetworkLink
link_id=11
link_latency=1
power_state=system.ruby.network.ext_links11.network_links1.power_state
[system.ruby.network.ext_links11.network_links1.power_state]
[system.ruby.network.ext_links12]
type=GarnetExtLink
children=credit_links0 credit_links1 ext_cred_bridge0 ext_cred_bridge1 ext_net_bridge0 ext_net_bridge1 int_cred_bridge0 int_cred_bridge1 int_net_bridge0 int_net_bridge1 network_links0 network_links1
credit_links=system.ruby.network.ext_links12.credit_links0 system.ruby.network.ext_links12.credit_links1
ext_cred_bridge=system.ruby.network.ext_links12.ext_cred_bridge0 system.ruby.network.ext_links12.ext_cred_bridge1
ext_net_bridge=system.ruby.network.ext_links12.ext_net_bridge0 system.ruby.network.ext_links12.ext_net_bridge1
int_cred_bridge=system.ruby.network.ext_links12.int_cred_bridge0 system.ruby.network.ext_links12.int_cred_bridge1
int_net_bridge=system.ruby.network.ext_links12.int_net_bridge0 system.ruby.network.ext_links12.int_net_bridge1
int_node=system.ruby.network.routers12
link_id=12
network_links=system.ruby.network.ext_links12.network_links0 system.ruby.network.ext_links12.network_links1
[system.ruby.network.ext_links12.credit_links0]
type=CreditLink
link_id=12
link_latency=1
power_state=system.ruby.network.ext_links12.credit_links0.power_state
[system.ruby.network.ext_links12.credit_links0.power_state]
[system.ruby.network.ext_links12.credit_links1]
type=CreditLink
link_id=12
link_latency=1
power_state=system.ruby.network.ext_links12.credit_links1.power_state
[system.ruby.network.ext_links12.credit_links1.power_state]
[system.ruby.network.ext_links12.ext_cred_bridge0]
type=NetworkBridge
link=system.ruby.network.ext_links12.credit_links0
link_id=12
link_latency=1
power_state=system.ruby.network.ext_links12.ext_cred_bridge0.power_state
vtype=LINK_OBJECT
[system.ruby.network.ext_links12.ext_cred_bridge0.power_state]
[system.ruby.network.ext_links12.ext_cred_bridge1]
type=NetworkBridge
link=system.ruby.network.ext_links12.credit_links1
link_id=12
link_latency=1
power_state=system.ruby.network.ext_links12.ext_cred_bridge1.power_state
vtype=OBJECT_LINK
[system.ruby.network.ext_links12.ext_cred_bridge1.power_state]
[system.ruby.network.ext_links12.ext_net_bridge0]
type=NetworkBridge
link=system.ruby.network.ext_links12.network_links0
link_id=12
link_latency=1
power_state=system.ruby.network.ext_links12.ext_net_bridge0.power_state
vtype=OBJECT_LINK
[system.ruby.network.ext_links12.ext_net_bridge0.power_state]
[system.ruby.network.ext_links12.ext_net_bridge1]
type=NetworkBridge
link=system.ruby.network.ext_links12.network_links1
link_id=12
link_latency=1
power_state=system.ruby.network.ext_links12.ext_net_bridge1.power_state
vtype=LINK_OBJECT
[system.ruby.network.ext_links12.ext_net_bridge1.power_state]
[system.ruby.network.ext_links12.int_cred_bridge0]
type=NetworkBridge
link=system.ruby.network.ext_links12.credit_links0
link_id=12
link_latency=1
power_state=system.ruby.network.ext_links12.int_cred_bridge0.power_state
vtype=OBJECT_LINK
[system.ruby.network.ext_links12.int_cred_bridge0.power_state]
[system.ruby.network.ext_links12.int_cred_bridge1]
type=NetworkBridge
link=system.ruby.network.ext_links12.credit_links1
link_id=12
link_latency=1
power_state=system.ruby.network.ext_links12.int_cred_bridge1.power_state
vtype=LINK_OBJECT
[system.ruby.network.ext_links12.int_cred_bridge1.power_state]
[system.ruby.network.ext_links12.int_net_bridge0]
type=NetworkBridge
link=system.ruby.network.ext_links12.network_links0
link_id=12
link_latency=1
power_state=system.ruby.network.ext_links12.int_net_bridge0.power_state
vtype=LINK_OBJECT
[system.ruby.network.ext_links12.int_net_bridge0.power_state]
[system.ruby.network.ext_links12.int_net_bridge1]
type=NetworkBridge
link=system.ruby.network.ext_links12.network_links1
link_id=12
link_latency=1
power_state=system.ruby.network.ext_links12.int_net_bridge1.power_state
vtype=OBJECT_LINK
[system.ruby.network.ext_links12.int_net_bridge1.power_state]
[system.ruby.network.ext_links12.network_links0]
type=NetworkLink
link_id=12
link_latency=1
power_state=system.ruby.network.ext_links12.network_links0.power_state
[system.ruby.network.ext_links12.network_links0.power_state]
[system.ruby.network.ext_links12.network_links1]
type=NetworkLink
link_id=12
link_latency=1
power_state=system.ruby.network.ext_links12.network_links1.power_state
[system.ruby.network.ext_links12.network_links1.power_state]
[system.ruby.network.ext_links13]
type=GarnetExtLink
children=credit_links0 credit_links1 ext_cred_bridge0 ext_cred_bridge1 ext_net_bridge0 ext_net_bridge1 int_cred_bridge0 int_cred_bridge1 int_net_bridge0 int_net_bridge1 network_links0 network_links1
credit_links=system.ruby.network.ext_links13.credit_links0 system.ruby.network.ext_links13.credit_links1
ext_cred_bridge=system.ruby.network.ext_links13.ext_cred_bridge0 system.ruby.network.ext_links13.ext_cred_bridge1
ext_net_bridge=system.ruby.network.ext_links13.ext_net_bridge0 system.ruby.network.ext_links13.ext_net_bridge1
int_cred_bridge=system.ruby.network.ext_links13.int_cred_bridge0 system.ruby.network.ext_links13.int_cred_bridge1
int_net_bridge=system.ruby.network.ext_links13.int_net_bridge0 system.ruby.network.ext_links13.int_net_bridge1
int_node=system.ruby.network.routers13
link_id=13
network_links=system.ruby.network.ext_links13.network_links0 system.ruby.network.ext_links13.network_links1
[system.ruby.network.ext_links13.credit_links0]
type=CreditLink
link_id=13
link_latency=1
power_state=system.ruby.network.ext_links13.credit_links0.power_state
[system.ruby.network.ext_links13.credit_links0.power_state]
[system.ruby.network.ext_links13.credit_links1]
type=CreditLink
link_id=13
link_latency=1
power_state=system.ruby.network.ext_links13.credit_links1.power_state
[system.ruby.network.ext_links13.credit_links1.power_state]
[system.ruby.network.ext_links13.ext_cred_bridge0]
type=NetworkBridge
link=system.ruby.network.ext_links13.credit_links0
link_id=13
link_latency=1
power_state=system.ruby.network.ext_links13.ext_cred_bridge0.power_state
vtype=LINK_OBJECT
[system.ruby.network.ext_links13.ext_cred_bridge0.power_state]
[system.ruby.network.ext_links13.ext_cred_bridge1]
type=NetworkBridge
link=system.ruby.network.ext_links13.credit_links1
link_id=13
link_latency=1
power_state=system.ruby.network.ext_links13.ext_cred_bridge1.power_state
vtype=OBJECT_LINK
[system.ruby.network.ext_links13.ext_cred_bridge1.power_state]
[system.ruby.network.ext_links13.ext_net_bridge0]
type=NetworkBridge
link=system.ruby.network.ext_links13.network_links0
link_id=13
link_latency=1
power_state=system.ruby.network.ext_links13.ext_net_bridge0.power_state
vtype=OBJECT_LINK
[system.ruby.network.ext_links13.ext_net_bridge0.power_state]
[system.ruby.network.ext_links13.ext_net_bridge1]
type=NetworkBridge
link=system.ruby.network.ext_links13.network_links1
link_id=13
link_latency=1
power_state=system.ruby.network.ext_links13.ext_net_bridge1.power_state
vtype=LINK_OBJECT
[system.ruby.network.ext_links13.ext_net_bridge1.power_state]
[system.ruby.network.ext_links13.int_cred_bridge0]
type=NetworkBridge
link=system.ruby.network.ext_links13.credit_links0
link_id=13
link_latency=1
power_state=system.ruby.network.ext_links13.int_cred_bridge0.power_state
vtype=OBJECT_LINK
[system.ruby.network.ext_links13.int_cred_bridge0.power_state]
[system.ruby.network.ext_links13.int_cred_bridge1]
type=NetworkBridge
link=system.ruby.network.ext_links13.credit_links1
link_id=13
link_latency=1
power_state=system.ruby.network.ext_links13.int_cred_bridge1.power_state
vtype=LINK_OBJECT
[system.ruby.network.ext_links13.int_cred_bridge1.power_state]
[system.ruby.network.ext_links13.int_net_bridge0]
type=NetworkBridge
link=system.ruby.network.ext_links13.network_links0
link_id=13
link_latency=1
power_state=system.ruby.network.ext_links13.int_net_bridge0.power_state
vtype=LINK_OBJECT
[system.ruby.network.ext_links13.int_net_bridge0.power_state]
[system.ruby.network.ext_links13.int_net_bridge1]
type=NetworkBridge
link=system.ruby.network.ext_links13.network_links1
link_id=13
link_latency=1
power_state=system.ruby.network.ext_links13.int_net_bridge1.power_state
vtype=OBJECT_LINK
[system.ruby.network.ext_links13.int_net_bridge1.power_state]
[system.ruby.network.ext_links13.network_links0]
type=NetworkLink
link_id=13
link_latency=1
power_state=system.ruby.network.ext_links13.network_links0.power_state
[system.ruby.network.ext_links13.network_links0.power_state]
[system.ruby.network.ext_links13.network_links1]
type=NetworkLink
link_id=13
link_latency=1
power_state=system.ruby.network.ext_links13.network_links1.power_state
[system.ruby.network.ext_links13.network_links1.power_state]
[system.ruby.network.ext_links14]
type=GarnetExtLink
children=credit_links0 credit_links1 ext_cred_bridge0 ext_cred_bridge1 ext_net_bridge0 ext_net_bridge1 int_cred_bridge0 int_cred_bridge1 int_net_bridge0 int_net_bridge1 network_links0 network_links1
credit_links=system.ruby.network.ext_links14.credit_links0 system.ruby.network.ext_links14.credit_links1
ext_cred_bridge=system.ruby.network.ext_links14.ext_cred_bridge0 system.ruby.network.ext_links14.ext_cred_bridge1
ext_net_bridge=system.ruby.network.ext_links14.ext_net_bridge0 system.ruby.network.ext_links14.ext_net_bridge1
int_cred_bridge=system.ruby.network.ext_links14.int_cred_bridge0 system.ruby.network.ext_links14.int_cred_bridge1
int_net_bridge=system.ruby.network.ext_links14.int_net_bridge0 system.ruby.network.ext_links14.int_net_bridge1
int_node=system.ruby.network.routers14
link_id=14
network_links=system.ruby.network.ext_links14.network_links0 system.ruby.network.ext_links14.network_links1
[system.ruby.network.ext_links14.credit_links0]
type=CreditLink
link_id=14
link_latency=1
power_state=system.ruby.network.ext_links14.credit_links0.power_state
[system.ruby.network.ext_links14.credit_links0.power_state]
[system.ruby.network.ext_links14.credit_links1]
type=CreditLink
link_id=14
link_latency=1
power_state=system.ruby.network.ext_links14.credit_links1.power_state
[system.ruby.network.ext_links14.credit_links1.power_state]
[system.ruby.network.ext_links14.ext_cred_bridge0]
type=NetworkBridge
link=system.ruby.network.ext_links14.credit_links0
link_id=14
link_latency=1
power_state=system.ruby.network.ext_links14.ext_cred_bridge0.power_state
vtype=LINK_OBJECT
[system.ruby.network.ext_links14.ext_cred_bridge0.power_state]
[system.ruby.network.ext_links14.ext_cred_bridge1]
type=NetworkBridge
link=system.ruby.network.ext_links14.credit_links1
link_id=14
link_latency=1
power_state=system.ruby.network.ext_links14.ext_cred_bridge1.power_state
vtype=OBJECT_LINK
[system.ruby.network.ext_links14.ext_cred_bridge1.power_state]
[system.ruby.network.ext_links14.ext_net_bridge0]
type=NetworkBridge
link=system.ruby.network.ext_links14.network_links0
link_id=14
link_latency=1
power_state=system.ruby.network.ext_links14.ext_net_bridge0.power_state
vtype=OBJECT_LINK
[system.ruby.network.ext_links14.ext_net_bridge0.power_state]
[system.ruby.network.ext_links14.ext_net_bridge1]
type=NetworkBridge
link=system.ruby.network.ext_links14.network_links1
link_id=14
link_latency=1
power_state=system.ruby.network.ext_links14.ext_net_bridge1.power_state
vtype=LINK_OBJECT
[system.ruby.network.ext_links14.ext_net_bridge1.power_state]
[system.ruby.network.ext_links14.int_cred_bridge0]
type=NetworkBridge
link=system.ruby.network.ext_links14.credit_links0
link_id=14
link_latency=1
power_state=system.ruby.network.ext_links14.int_cred_bridge0.power_state
vtype=OBJECT_LINK
[system.ruby.network.ext_links14.int_cred_bridge0.power_state]
[system.ruby.network.ext_links14.int_cred_bridge1]
type=NetworkBridge
link=system.ruby.network.ext_links14.credit_links1
link_id=14
link_latency=1
power_state=system.ruby.network.ext_links14.int_cred_bridge1.power_state
vtype=LINK_OBJECT
[system.ruby.network.ext_links14.int_cred_bridge1.power_state]
[system.ruby.network.ext_links14.int_net_bridge0]
type=NetworkBridge
link=system.ruby.network.ext_links14.network_links0
link_id=14
link_latency=1
power_state=system.ruby.network.ext_links14.int_net_bridge0.power_state
vtype=LINK_OBJECT
[system.ruby.network.ext_links14.int_net_bridge0.power_state]
[system.ruby.network.ext_links14.int_net_bridge1]
type=NetworkBridge
link=system.ruby.network.ext_links14.network_links1
link_id=14
link_latency=1
power_state=system.ruby.network.ext_links14.int_net_bridge1.power_state
vtype=OBJECT_LINK
[system.ruby.network.ext_links14.int_net_bridge1.power_state]
[system.ruby.network.ext_links14.network_links0]
type=NetworkLink
link_id=14
link_latency=1
power_state=system.ruby.network.ext_links14.network_links0.power_state
[system.ruby.network.ext_links14.network_links0.power_state]
[system.ruby.network.ext_links14.network_links1]
type=NetworkLink
link_id=14
link_latency=1
power_state=system.ruby.network.ext_links14.network_links1.power_state
[system.ruby.network.ext_links14.network_links1.power_state]
[system.ruby.network.ext_links15]
type=GarnetExtLink
children=credit_links0 credit_links1 ext_cred_bridge0 ext_cred_bridge1 ext_net_bridge0 ext_net_bridge1 int_cred_bridge0 int_cred_bridge1 int_net_bridge0 int_net_bridge1 network_links0 network_links1
credit_links=system.ruby.network.ext_links15.credit_links0 system.ruby.network.ext_links15.credit_links1
ext_cred_bridge=system.ruby.network.ext_links15.ext_cred_bridge0 system.ruby.network.ext_links15.ext_cred_bridge1
ext_net_bridge=system.ruby.network.ext_links15.ext_net_bridge0 system.ruby.network.ext_links15.ext_net_bridge1
int_cred_bridge=system.ruby.network.ext_links15.int_cred_bridge0 system.ruby.network.ext_links15.int_cred_bridge1
int_net_bridge=system.ruby.network.ext_links15.int_net_bridge0 system.ruby.network.ext_links15.int_net_bridge1
int_node=system.ruby.network.routers15
link_id=15
network_links=system.ruby.network.ext_links15.network_links0 system.ruby.network.ext_links15.network_links1
[system.ruby.network.ext_links15.credit_links0]
type=CreditLink
link_id=15
link_latency=1
power_state=system.ruby.network.ext_links15.credit_links0.power_state
[system.ruby.network.ext_links15.credit_links0.power_state]
[system.ruby.network.ext_links15.credit_links1]
type=CreditLink
link_id=15
link_latency=1
power_state=system.ruby.network.ext_links15.credit_links1.power_state
[system.ruby.network.ext_links15.credit_links1.power_state]
[system.ruby.network.ext_links15.ext_cred_bridge0]
type=NetworkBridge
link=system.ruby.network.ext_links15.credit_links0
link_id=15
link_latency=1
power_state=system.ruby.network.ext_links15.ext_cred_bridge0.power_state
vtype=LINK_OBJECT
[system.ruby.network.ext_links15.ext_cred_bridge0.power_state]
[system.ruby.network.ext_links15.ext_cred_bridge1]
type=NetworkBridge
link=system.ruby.network.ext_links15.credit_links1
link_id=15
link_latency=1
power_state=system.ruby.network.ext_links15.ext_cred_bridge1.power_state
vtype=OBJECT_LINK
[system.ruby.network.ext_links15.ext_cred_bridge1.power_state]
[system.ruby.network.ext_links15.ext_net_bridge0]
type=NetworkBridge
link=system.ruby.network.ext_links15.network_links0
link_id=15
link_latency=1
power_state=system.ruby.network.ext_links15.ext_net_bridge0.power_state
vtype=OBJECT_LINK
[system.ruby.network.ext_links15.ext_net_bridge0.power_state]
[system.ruby.network.ext_links15.ext_net_bridge1]
type=NetworkBridge
link=system.ruby.network.ext_links15.network_links1
link_id=15
link_latency=1
power_state=system.ruby.network.ext_links15.ext_net_bridge1.power_state
vtype=LINK_OBJECT
[system.ruby.network.ext_links15.ext_net_bridge1.power_state]
[system.ruby.network.ext_links15.int_cred_bridge0]
type=NetworkBridge
link=system.ruby.network.ext_links15.credit_links0
link_id=15
link_latency=1
power_state=system.ruby.network.ext_links15.int_cred_bridge0.power_state
vtype=OBJECT_LINK
[system.ruby.network.ext_links15.int_cred_bridge0.power_state]
[system.ruby.network.ext_links15.int_cred_bridge1]
type=NetworkBridge
link=system.ruby.network.ext_links15.credit_links1
link_id=15
link_latency=1
power_state=system.ruby.network.ext_links15.int_cred_bridge1.power_state
vtype=LINK_OBJECT
[system.ruby.network.ext_links15.int_cred_bridge1.power_state]
[system.ruby.network.ext_links15.int_net_bridge0]
type=NetworkBridge
link=system.ruby.network.ext_links15.network_links0
link_id=15
link_latency=1
power_state=system.ruby.network.ext_links15.int_net_bridge0.power_state
vtype=LINK_OBJECT
[system.ruby.network.ext_links15.int_net_bridge0.power_state]
[system.ruby.network.ext_links15.int_net_bridge1]
type=NetworkBridge
link=system.ruby.network.ext_links15.network_links1
link_id=15
link_latency=1
power_state=system.ruby.network.ext_links15.int_net_bridge1.power_state
vtype=OBJECT_LINK
[system.ruby.network.ext_links15.int_net_bridge1.power_state]
[system.ruby.network.ext_links15.network_links0]
type=NetworkLink
link_id=15
link_latency=1
power_state=system.ruby.network.ext_links15.network_links0.power_state
[system.ruby.network.ext_links15.network_links0.power_state]
[system.ruby.network.ext_links15.network_links1]
type=NetworkLink
link_id=15
link_latency=1
power_state=system.ruby.network.ext_links15.network_links1.power_state
[system.ruby.network.ext_links15.network_links1.power_state]
[system.ruby.network.ext_links16]
type=GarnetExtLink
children=credit_links0 credit_links1 ext_cred_bridge0 ext_cred_bridge1 ext_net_bridge0 ext_net_bridge1 int_cred_bridge0 int_cred_bridge1 int_net_bridge0 int_net_bridge1 network_links0 network_links1
credit_links=system.ruby.network.ext_links16.credit_links0 system.ruby.network.ext_links16.credit_links1
ext_cred_bridge=system.ruby.network.ext_links16.ext_cred_bridge0 system.ruby.network.ext_links16.ext_cred_bridge1
ext_net_bridge=system.ruby.network.ext_links16.ext_net_bridge0 system.ruby.network.ext_links16.ext_net_bridge1
int_cred_bridge=system.ruby.network.ext_links16.int_cred_bridge0 system.ruby.network.ext_links16.int_cred_bridge1
int_net_bridge=system.ruby.network.ext_links16.int_net_bridge0 system.ruby.network.ext_links16.int_net_bridge1
int_node=system.ruby.network.routers00
link_id=16
network_links=system.ruby.network.ext_links16.network_links0 system.ruby.network.ext_links16.network_links1
[system.ruby.network.ext_links16.credit_links0]
type=CreditLink
link_id=16
link_latency=1
power_state=system.ruby.network.ext_links16.credit_links0.power_state
[system.ruby.network.ext_links16.credit_links0.power_state]
[system.ruby.network.ext_links16.credit_links1]
type=CreditLink
link_id=16
link_latency=1
power_state=system.ruby.network.ext_links16.credit_links1.power_state
[system.ruby.network.ext_links16.credit_links1.power_state]
[system.ruby.network.ext_links16.ext_cred_bridge0]
type=NetworkBridge
link=system.ruby.network.ext_links16.credit_links0
link_id=16
link_latency=1
power_state=system.ruby.network.ext_links16.ext_cred_bridge0.power_state
vtype=LINK_OBJECT
[system.ruby.network.ext_links16.ext_cred_bridge0.power_state]
[system.ruby.network.ext_links16.ext_cred_bridge1]
type=NetworkBridge
link=system.ruby.network.ext_links16.credit_links1
link_id=16
link_latency=1
power_state=system.ruby.network.ext_links16.ext_cred_bridge1.power_state
vtype=OBJECT_LINK
[system.ruby.network.ext_links16.ext_cred_bridge1.power_state]
[system.ruby.network.ext_links16.ext_net_bridge0]
type=NetworkBridge
link=system.ruby.network.ext_links16.network_links0
link_id=16
link_latency=1
power_state=system.ruby.network.ext_links16.ext_net_bridge0.power_state
vtype=OBJECT_LINK
[system.ruby.network.ext_links16.ext_net_bridge0.power_state]
[system.ruby.network.ext_links16.ext_net_bridge1]
type=NetworkBridge
link=system.ruby.network.ext_links16.network_links1
link_id=16
link_latency=1
power_state=system.ruby.network.ext_links16.ext_net_bridge1.power_state
vtype=LINK_OBJECT
[system.ruby.network.ext_links16.ext_net_bridge1.power_state]
[system.ruby.network.ext_links16.int_cred_bridge0]
type=NetworkBridge
link=system.ruby.network.ext_links16.credit_links0
link_id=16
link_latency=1
power_state=system.ruby.network.ext_links16.int_cred_bridge0.power_state
vtype=OBJECT_LINK
[system.ruby.network.ext_links16.int_cred_bridge0.power_state]
[system.ruby.network.ext_links16.int_cred_bridge1]
type=NetworkBridge
link=system.ruby.network.ext_links16.credit_links1
link_id=16
link_latency=1
power_state=system.ruby.network.ext_links16.int_cred_bridge1.power_state
vtype=LINK_OBJECT
[system.ruby.network.ext_links16.int_cred_bridge1.power_state]
[system.ruby.network.ext_links16.int_net_bridge0]
type=NetworkBridge
link=system.ruby.network.ext_links16.network_links0
link_id=16
link_latency=1
power_state=system.ruby.network.ext_links16.int_net_bridge0.power_state
vtype=LINK_OBJECT
[system.ruby.network.ext_links16.int_net_bridge0.power_state]
[system.ruby.network.ext_links16.int_net_bridge1]
type=NetworkBridge
link=system.ruby.network.ext_links16.network_links1
link_id=16
link_latency=1
power_state=system.ruby.network.ext_links16.int_net_bridge1.power_state
vtype=OBJECT_LINK
[system.ruby.network.ext_links16.int_net_bridge1.power_state]
[system.ruby.network.ext_links16.network_links0]
type=NetworkLink
link_id=16
link_latency=1
power_state=system.ruby.network.ext_links16.network_links0.power_state
[system.ruby.network.ext_links16.network_links0.power_state]
[system.ruby.network.ext_links16.network_links1]
type=NetworkLink
link_id=16
link_latency=1
power_state=system.ruby.network.ext_links16.network_links1.power_state
[system.ruby.network.ext_links16.network_links1.power_state]
[system.ruby.network.ext_links17]
type=GarnetExtLink
children=credit_links0 credit_links1 ext_cred_bridge0 ext_cred_bridge1 ext_net_bridge0 ext_net_bridge1 int_cred_bridge0 int_cred_bridge1 int_net_bridge0 int_net_bridge1 network_links0 network_links1
credit_links=system.ruby.network.ext_links17.credit_links0 system.ruby.network.ext_links17.credit_links1
ext_cred_bridge=system.ruby.network.ext_links17.ext_cred_bridge0 system.ruby.network.ext_links17.ext_cred_bridge1
ext_net_bridge=system.ruby.network.ext_links17.ext_net_bridge0 system.ruby.network.ext_links17.ext_net_bridge1
int_cred_bridge=system.ruby.network.ext_links17.int_cred_bridge0 system.ruby.network.ext_links17.int_cred_bridge1
int_net_bridge=system.ruby.network.ext_links17.int_net_bridge0 system.ruby.network.ext_links17.int_net_bridge1
int_node=system.ruby.network.routers01
link_id=17
network_links=system.ruby.network.ext_links17.network_links0 system.ruby.network.ext_links17.network_links1
[system.ruby.network.ext_links17.credit_links0]
type=CreditLink
link_id=17
link_latency=1
power_state=system.ruby.network.ext_links17.credit_links0.power_state
[system.ruby.network.ext_links17.credit_links0.power_state]
[system.ruby.network.ext_links17.credit_links1]
type=CreditLink
link_id=17
link_latency=1
power_state=system.ruby.network.ext_links17.credit_links1.power_state
[system.ruby.network.ext_links17.credit_links1.power_state]
[system.ruby.network.ext_links17.ext_cred_bridge0]
type=NetworkBridge
link=system.ruby.network.ext_links17.credit_links0
link_id=17
link_latency=1
power_state=system.ruby.network.ext_links17.ext_cred_bridge0.power_state
vtype=LINK_OBJECT
[system.ruby.network.ext_links17.ext_cred_bridge0.power_state]
[system.ruby.network.ext_links17.ext_cred_bridge1]
type=NetworkBridge
link=system.ruby.network.ext_links17.credit_links1
link_id=17
link_latency=1
power_state=system.ruby.network.ext_links17.ext_cred_bridge1.power_state
vtype=OBJECT_LINK
[system.ruby.network.ext_links17.ext_cred_bridge1.power_state]
[system.ruby.network.ext_links17.ext_net_bridge0]
type=NetworkBridge
link=system.ruby.network.ext_links17.network_links0
link_id=17
link_latency=1
power_state=system.ruby.network.ext_links17.ext_net_bridge0.power_state
vtype=OBJECT_LINK
[system.ruby.network.ext_links17.ext_net_bridge0.power_state]
[system.ruby.network.ext_links17.ext_net_bridge1]
type=NetworkBridge
link=system.ruby.network.ext_links17.network_links1
link_id=17
link_latency=1
power_state=system.ruby.network.ext_links17.ext_net_bridge1.power_state
vtype=LINK_OBJECT
[system.ruby.network.ext_links17.ext_net_bridge1.power_state]
[system.ruby.network.ext_links17.int_cred_bridge0]
type=NetworkBridge
link=system.ruby.network.ext_links17.credit_links0
link_id=17
link_latency=1
power_state=system.ruby.network.ext_links17.int_cred_bridge0.power_state
vtype=OBJECT_LINK
[system.ruby.network.ext_links17.int_cred_bridge0.power_state]
[system.ruby.network.ext_links17.int_cred_bridge1]
type=NetworkBridge
link=system.ruby.network.ext_links17.credit_links1
link_id=17
link_latency=1
power_state=system.ruby.network.ext_links17.int_cred_bridge1.power_state
vtype=LINK_OBJECT
[system.ruby.network.ext_links17.int_cred_bridge1.power_state]
[system.ruby.network.ext_links17.int_net_bridge0]
type=NetworkBridge
link=system.ruby.network.ext_links17.network_links0
link_id=17
link_latency=1
power_state=system.ruby.network.ext_links17.int_net_bridge0.power_state
vtype=LINK_OBJECT
[system.ruby.network.ext_links17.int_net_bridge0.power_state]
[system.ruby.network.ext_links17.int_net_bridge1]
type=NetworkBridge
link=system.ruby.network.ext_links17.network_links1
link_id=17
link_latency=1
power_state=system.ruby.network.ext_links17.int_net_bridge1.power_state
vtype=OBJECT_LINK
[system.ruby.network.ext_links17.int_net_bridge1.power_state]
[system.ruby.network.ext_links17.network_links0]
type=NetworkLink
link_id=17
link_latency=1
power_state=system.ruby.network.ext_links17.network_links0.power_state
[system.ruby.network.ext_links17.network_links0.power_state]
[system.ruby.network.ext_links17.network_links1]
type=NetworkLink
link_id=17
link_latency=1
power_state=system.ruby.network.ext_links17.network_links1.power_state
[system.ruby.network.ext_links17.network_links1.power_state]
[system.ruby.network.ext_links18]
type=GarnetExtLink
children=credit_links0 credit_links1 ext_cred_bridge0 ext_cred_bridge1 ext_net_bridge0 ext_net_bridge1 int_cred_bridge0 int_cred_bridge1 int_net_bridge0 int_net_bridge1 network_links0 network_links1
credit_links=system.ruby.network.ext_links18.credit_links0 system.ruby.network.ext_links18.credit_links1
ext_cred_bridge=system.ruby.network.ext_links18.ext_cred_bridge0 system.ruby.network.ext_links18.ext_cred_bridge1
ext_net_bridge=system.ruby.network.ext_links18.ext_net_bridge0 system.ruby.network.ext_links18.ext_net_bridge1
int_cred_bridge=system.ruby.network.ext_links18.int_cred_bridge0 system.ruby.network.ext_links18.int_cred_bridge1
int_net_bridge=system.ruby.network.ext_links18.int_net_bridge0 system.ruby.network.ext_links18.int_net_bridge1
int_node=system.ruby.network.routers02
link_id=18
network_links=system.ruby.network.ext_links18.network_links0 system.ruby.network.ext_links18.network_links1
[system.ruby.network.ext_links18.credit_links0]
type=CreditLink
link_id=18
link_latency=1
power_state=system.ruby.network.ext_links18.credit_links0.power_state
[system.ruby.network.ext_links18.credit_links0.power_state]
[system.ruby.network.ext_links18.credit_links1]
type=CreditLink
link_id=18
link_latency=1
power_state=system.ruby.network.ext_links18.credit_links1.power_state
[system.ruby.network.ext_links18.credit_links1.power_state]
[system.ruby.network.ext_links18.ext_cred_bridge0]
type=NetworkBridge
link=system.ruby.network.ext_links18.credit_links0
link_id=18
link_latency=1
power_state=system.ruby.network.ext_links18.ext_cred_bridge0.power_state
vtype=LINK_OBJECT
[system.ruby.network.ext_links18.ext_cred_bridge0.power_state]
[system.ruby.network.ext_links18.ext_cred_bridge1]
type=NetworkBridge
link=system.ruby.network.ext_links18.credit_links1
link_id=18
link_latency=1
power_state=system.ruby.network.ext_links18.ext_cred_bridge1.power_state
vtype=OBJECT_LINK
[system.ruby.network.ext_links18.ext_cred_bridge1.power_state]
[system.ruby.network.ext_links18.ext_net_bridge0]
type=NetworkBridge
link=system.ruby.network.ext_links18.network_links0
link_id=18
link_latency=1
power_state=system.ruby.network.ext_links18.ext_net_bridge0.power_state
vtype=OBJECT_LINK
[system.ruby.network.ext_links18.ext_net_bridge0.power_state]
[system.ruby.network.ext_links18.ext_net_bridge1]
type=NetworkBridge
link=system.ruby.network.ext_links18.network_links1
link_id=18
link_latency=1
power_state=system.ruby.network.ext_links18.ext_net_bridge1.power_state
vtype=LINK_OBJECT
[system.ruby.network.ext_links18.ext_net_bridge1.power_state]
[system.ruby.network.ext_links18.int_cred_bridge0]
type=NetworkBridge
link=system.ruby.network.ext_links18.credit_links0
link_id=18
link_latency=1
power_state=system.ruby.network.ext_links18.int_cred_bridge0.power_state
vtype=OBJECT_LINK
[system.ruby.network.ext_links18.int_cred_bridge0.power_state]
[system.ruby.network.ext_links18.int_cred_bridge1]
type=NetworkBridge
link=system.ruby.network.ext_links18.credit_links1
link_id=18
link_latency=1
power_state=system.ruby.network.ext_links18.int_cred_bridge1.power_state
vtype=LINK_OBJECT
[system.ruby.network.ext_links18.int_cred_bridge1.power_state]
[system.ruby.network.ext_links18.int_net_bridge0]
type=NetworkBridge
link=system.ruby.network.ext_links18.network_links0
link_id=18
link_latency=1
power_state=system.ruby.network.ext_links18.int_net_bridge0.power_state
vtype=LINK_OBJECT
[system.ruby.network.ext_links18.int_net_bridge0.power_state]
[system.ruby.network.ext_links18.int_net_bridge1]
type=NetworkBridge
link=system.ruby.network.ext_links18.network_links1
link_id=18
link_latency=1
power_state=system.ruby.network.ext_links18.int_net_bridge1.power_state
vtype=OBJECT_LINK
[system.ruby.network.ext_links18.int_net_bridge1.power_state]
[system.ruby.network.ext_links18.network_links0]
type=NetworkLink
link_id=18
link_latency=1
power_state=system.ruby.network.ext_links18.network_links0.power_state
[system.ruby.network.ext_links18.network_links0.power_state]
[system.ruby.network.ext_links18.network_links1]
type=NetworkLink
link_id=18
link_latency=1
power_state=system.ruby.network.ext_links18.network_links1.power_state
[system.ruby.network.ext_links18.network_links1.power_state]
[system.ruby.network.ext_links19]
type=GarnetExtLink
children=credit_links0 credit_links1 ext_cred_bridge0 ext_cred_bridge1 ext_net_bridge0 ext_net_bridge1 int_cred_bridge0 int_cred_bridge1 int_net_bridge0 int_net_bridge1 network_links0 network_links1
credit_links=system.ruby.network.ext_links19.credit_links0 system.ruby.network.ext_links19.credit_links1
ext_cred_bridge=system.ruby.network.ext_links19.ext_cred_bridge0 system.ruby.network.ext_links19.ext_cred_bridge1
ext_net_bridge=system.ruby.network.ext_links19.ext_net_bridge0 system.ruby.network.ext_links19.ext_net_bridge1
int_cred_bridge=system.ruby.network.ext_links19.int_cred_bridge0 system.ruby.network.ext_links19.int_cred_bridge1
int_net_bridge=system.ruby.network.ext_links19.int_net_bridge0 system.ruby.network.ext_links19.int_net_bridge1
int_node=system.ruby.network.routers03
link_id=19
network_links=system.ruby.network.ext_links19.network_links0 system.ruby.network.ext_links19.network_links1
[system.ruby.network.ext_links19.credit_links0]
type=CreditLink
link_id=19
link_latency=1
power_state=system.ruby.network.ext_links19.credit_links0.power_state
[system.ruby.network.ext_links19.credit_links0.power_state]
[system.ruby.network.ext_links19.credit_links1]
type=CreditLink
link_id=19
link_latency=1
power_state=system.ruby.network.ext_links19.credit_links1.power_state
[system.ruby.network.ext_links19.credit_links1.power_state]
[system.ruby.network.ext_links19.ext_cred_bridge0]
type=NetworkBridge
link=system.ruby.network.ext_links19.credit_links0
link_id=19
link_latency=1
power_state=system.ruby.network.ext_links19.ext_cred_bridge0.power_state
vtype=LINK_OBJECT
[system.ruby.network.ext_links19.ext_cred_bridge0.power_state]
[system.ruby.network.ext_links19.ext_cred_bridge1]
type=NetworkBridge
link=system.ruby.network.ext_links19.credit_links1
link_id=19
link_latency=1
power_state=system.ruby.network.ext_links19.ext_cred_bridge1.power_state
vtype=OBJECT_LINK
[system.ruby.network.ext_links19.ext_cred_bridge1.power_state]
[system.ruby.network.ext_links19.ext_net_bridge0]
type=NetworkBridge
link=system.ruby.network.ext_links19.network_links0
link_id=19
link_latency=1
power_state=system.ruby.network.ext_links19.ext_net_bridge0.power_state
vtype=OBJECT_LINK
[system.ruby.network.ext_links19.ext_net_bridge0.power_state]
[system.ruby.network.ext_links19.ext_net_bridge1]
type=NetworkBridge
link=system.ruby.network.ext_links19.network_links1
link_id=19
link_latency=1
power_state=system.ruby.network.ext_links19.ext_net_bridge1.power_state
vtype=LINK_OBJECT
[system.ruby.network.ext_links19.ext_net_bridge1.power_state]
[system.ruby.network.ext_links19.int_cred_bridge0]
type=NetworkBridge
link=system.ruby.network.ext_links19.credit_links0
link_id=19
link_latency=1
power_state=system.ruby.network.ext_links19.int_cred_bridge0.power_state
vtype=OBJECT_LINK
[system.ruby.network.ext_links19.int_cred_bridge0.power_state]
[system.ruby.network.ext_links19.int_cred_bridge1]
type=NetworkBridge
link=system.ruby.network.ext_links19.credit_links1
link_id=19
link_latency=1
power_state=system.ruby.network.ext_links19.int_cred_bridge1.power_state
vtype=LINK_OBJECT
[system.ruby.network.ext_links19.int_cred_bridge1.power_state]
[system.ruby.network.ext_links19.int_net_bridge0]
type=NetworkBridge
link=system.ruby.network.ext_links19.network_links0
link_id=19
link_latency=1
power_state=system.ruby.network.ext_links19.int_net_bridge0.power_state
vtype=LINK_OBJECT
[system.ruby.network.ext_links19.int_net_bridge0.power_state]
[system.ruby.network.ext_links19.int_net_bridge1]
type=NetworkBridge
link=system.ruby.network.ext_links19.network_links1
link_id=19
link_latency=1
power_state=system.ruby.network.ext_links19.int_net_bridge1.power_state
vtype=OBJECT_LINK
[system.ruby.network.ext_links19.int_net_bridge1.power_state]
[system.ruby.network.ext_links19.network_links0]
type=NetworkLink
link_id=19
link_latency=1
power_state=system.ruby.network.ext_links19.network_links0.power_state
[system.ruby.network.ext_links19.network_links0.power_state]
[system.ruby.network.ext_links19.network_links1]
type=NetworkLink
link_id=19
link_latency=1
power_state=system.ruby.network.ext_links19.network_links1.power_state
[system.ruby.network.ext_links19.network_links1.power_state]
[system.ruby.network.ext_links20]
type=GarnetExtLink
children=credit_links0 credit_links1 ext_cred_bridge0 ext_cred_bridge1 ext_net_bridge0 ext_net_bridge1 int_cred_bridge0 int_cred_bridge1 int_net_bridge0 int_net_bridge1 network_links0 network_links1
credit_links=system.ruby.network.ext_links20.credit_links0 system.ruby.network.ext_links20.credit_links1
ext_cred_bridge=system.ruby.network.ext_links20.ext_cred_bridge0 system.ruby.network.ext_links20.ext_cred_bridge1
ext_net_bridge=system.ruby.network.ext_links20.ext_net_bridge0 system.ruby.network.ext_links20.ext_net_bridge1
int_cred_bridge=system.ruby.network.ext_links20.int_cred_bridge0 system.ruby.network.ext_links20.int_cred_bridge1
int_net_bridge=system.ruby.network.ext_links20.int_net_bridge0 system.ruby.network.ext_links20.int_net_bridge1
int_node=system.ruby.network.routers04
link_id=20
network_links=system.ruby.network.ext_links20.network_links0 system.ruby.network.ext_links20.network_links1
[system.ruby.network.ext_links20.credit_links0]
type=CreditLink
link_id=20
link_latency=1
power_state=system.ruby.network.ext_links20.credit_links0.power_state
[system.ruby.network.ext_links20.credit_links0.power_state]
[system.ruby.network.ext_links20.credit_links1]
type=CreditLink
link_id=20
link_latency=1
power_state=system.ruby.network.ext_links20.credit_links1.power_state
[system.ruby.network.ext_links20.credit_links1.power_state]
[system.ruby.network.ext_links20.ext_cred_bridge0]
type=NetworkBridge
link=system.ruby.network.ext_links20.credit_links0
link_id=20
link_latency=1
power_state=system.ruby.network.ext_links20.ext_cred_bridge0.power_state
vtype=LINK_OBJECT
[system.ruby.network.ext_links20.ext_cred_bridge0.power_state]
[system.ruby.network.ext_links20.ext_cred_bridge1]
type=NetworkBridge
link=system.ruby.network.ext_links20.credit_links1
link_id=20
link_latency=1
power_state=system.ruby.network.ext_links20.ext_cred_bridge1.power_state
vtype=OBJECT_LINK
[system.ruby.network.ext_links20.ext_cred_bridge1.power_state]
[system.ruby.network.ext_links20.ext_net_bridge0]
type=NetworkBridge
link=system.ruby.network.ext_links20.network_links0
link_id=20
link_latency=1
power_state=system.ruby.network.ext_links20.ext_net_bridge0.power_state
vtype=OBJECT_LINK
[system.ruby.network.ext_links20.ext_net_bridge0.power_state]
[system.ruby.network.ext_links20.ext_net_bridge1]
type=NetworkBridge
link=system.ruby.network.ext_links20.network_links1
link_id=20
link_latency=1
power_state=system.ruby.network.ext_links20.ext_net_bridge1.power_state
vtype=LINK_OBJECT
[system.ruby.network.ext_links20.ext_net_bridge1.power_state]
[system.ruby.network.ext_links20.int_cred_bridge0]
type=NetworkBridge
link=system.ruby.network.ext_links20.credit_links0
link_id=20
link_latency=1
power_state=system.ruby.network.ext_links20.int_cred_bridge0.power_state
vtype=OBJECT_LINK
[system.ruby.network.ext_links20.int_cred_bridge0.power_state]
[system.ruby.network.ext_links20.int_cred_bridge1]
type=NetworkBridge
link=system.ruby.network.ext_links20.credit_links1
link_id=20
link_latency=1
power_state=system.ruby.network.ext_links20.int_cred_bridge1.power_state
vtype=LINK_OBJECT
[system.ruby.network.ext_links20.int_cred_bridge1.power_state]
[system.ruby.network.ext_links20.int_net_bridge0]
type=NetworkBridge
link=system.ruby.network.ext_links20.network_links0
link_id=20
link_latency=1
power_state=system.ruby.network.ext_links20.int_net_bridge0.power_state
vtype=LINK_OBJECT
[system.ruby.network.ext_links20.int_net_bridge0.power_state]
[system.ruby.network.ext_links20.int_net_bridge1]
type=NetworkBridge
link=system.ruby.network.ext_links20.network_links1
link_id=20
link_latency=1
power_state=system.ruby.network.ext_links20.int_net_bridge1.power_state
vtype=OBJECT_LINK
[system.ruby.network.ext_links20.int_net_bridge1.power_state]
[system.ruby.network.ext_links20.network_links0]
type=NetworkLink
link_id=20
link_latency=1
power_state=system.ruby.network.ext_links20.network_links0.power_state
[system.ruby.network.ext_links20.network_links0.power_state]
[system.ruby.network.ext_links20.network_links1]
type=NetworkLink
link_id=20
link_latency=1
power_state=system.ruby.network.ext_links20.network_links1.power_state
[system.ruby.network.ext_links20.network_links1.power_state]
[system.ruby.network.ext_links21]
type=GarnetExtLink
children=credit_links0 credit_links1 ext_cred_bridge0 ext_cred_bridge1 ext_net_bridge0 ext_net_bridge1 int_cred_bridge0 int_cred_bridge1 int_net_bridge0 int_net_bridge1 network_links0 network_links1
credit_links=system.ruby.network.ext_links21.credit_links0 system.ruby.network.ext_links21.credit_links1
ext_cred_bridge=system.ruby.network.ext_links21.ext_cred_bridge0 system.ruby.network.ext_links21.ext_cred_bridge1
ext_net_bridge=system.ruby.network.ext_links21.ext_net_bridge0 system.ruby.network.ext_links21.ext_net_bridge1
int_cred_bridge=system.ruby.network.ext_links21.int_cred_bridge0 system.ruby.network.ext_links21.int_cred_bridge1
int_net_bridge=system.ruby.network.ext_links21.int_net_bridge0 system.ruby.network.ext_links21.int_net_bridge1
int_node=system.ruby.network.routers05
link_id=21
network_links=system.ruby.network.ext_links21.network_links0 system.ruby.network.ext_links21.network_links1
[system.ruby.network.ext_links21.credit_links0]
type=CreditLink
link_id=21
link_latency=1
power_state=system.ruby.network.ext_links21.credit_links0.power_state
[system.ruby.network.ext_links21.credit_links0.power_state]
[system.ruby.network.ext_links21.credit_links1]
type=CreditLink
link_id=21
link_latency=1
power_state=system.ruby.network.ext_links21.credit_links1.power_state
[system.ruby.network.ext_links21.credit_links1.power_state]
[system.ruby.network.ext_links21.ext_cred_bridge0]
type=NetworkBridge
link=system.ruby.network.ext_links21.credit_links0
link_id=21
link_latency=1
power_state=system.ruby.network.ext_links21.ext_cred_bridge0.power_state
vtype=LINK_OBJECT
[system.ruby.network.ext_links21.ext_cred_bridge0.power_state]
[system.ruby.network.ext_links21.ext_cred_bridge1]
type=NetworkBridge
link=system.ruby.network.ext_links21.credit_links1
link_id=21
link_latency=1
power_state=system.ruby.network.ext_links21.ext_cred_bridge1.power_state
vtype=OBJECT_LINK
[system.ruby.network.ext_links21.ext_cred_bridge1.power_state]
[system.ruby.network.ext_links21.ext_net_bridge0]
type=NetworkBridge
link=system.ruby.network.ext_links21.network_links0
link_id=21
link_latency=1
power_state=system.ruby.network.ext_links21.ext_net_bridge0.power_state
vtype=OBJECT_LINK
[system.ruby.network.ext_links21.ext_net_bridge0.power_state]
[system.ruby.network.ext_links21.ext_net_bridge1]
type=NetworkBridge
link=system.ruby.network.ext_links21.network_links1
link_id=21
link_latency=1
power_state=system.ruby.network.ext_links21.ext_net_bridge1.power_state
vtype=LINK_OBJECT
[system.ruby.network.ext_links21.ext_net_bridge1.power_state]
[system.ruby.network.ext_links21.int_cred_bridge0]
type=NetworkBridge
link=system.ruby.network.ext_links21.credit_links0
link_id=21
link_latency=1
power_state=system.ruby.network.ext_links21.int_cred_bridge0.power_state
vtype=OBJECT_LINK
[system.ruby.network.ext_links21.int_cred_bridge0.power_state]
[system.ruby.network.ext_links21.int_cred_bridge1]
type=NetworkBridge
link=system.ruby.network.ext_links21.credit_links1
link_id=21
link_latency=1
power_state=system.ruby.network.ext_links21.int_cred_bridge1.power_state
vtype=LINK_OBJECT
[system.ruby.network.ext_links21.int_cred_bridge1.power_state]
[system.ruby.network.ext_links21.int_net_bridge0]
type=NetworkBridge
link=system.ruby.network.ext_links21.network_links0
link_id=21
link_latency=1
power_state=system.ruby.network.ext_links21.int_net_bridge0.power_state
vtype=LINK_OBJECT
[system.ruby.network.ext_links21.int_net_bridge0.power_state]
[system.ruby.network.ext_links21.int_net_bridge1]
type=NetworkBridge
link=system.ruby.network.ext_links21.network_links1
link_id=21
link_latency=1
power_state=system.ruby.network.ext_links21.int_net_bridge1.power_state
vtype=OBJECT_LINK
[system.ruby.network.ext_links21.int_net_bridge1.power_state]
[system.ruby.network.ext_links21.network_links0]
type=NetworkLink
link_id=21
link_latency=1
power_state=system.ruby.network.ext_links21.network_links0.power_state
[system.ruby.network.ext_links21.network_links0.power_state]
[system.ruby.network.ext_links21.network_links1]
type=NetworkLink
link_id=21
link_latency=1
power_state=system.ruby.network.ext_links21.network_links1.power_state
[system.ruby.network.ext_links21.network_links1.power_state]
[system.ruby.network.ext_links22]
type=GarnetExtLink
children=credit_links0 credit_links1 ext_cred_bridge0 ext_cred_bridge1 ext_net_bridge0 ext_net_bridge1 int_cred_bridge0 int_cred_bridge1 int_net_bridge0 int_net_bridge1 network_links0 network_links1
credit_links=system.ruby.network.ext_links22.credit_links0 system.ruby.network.ext_links22.credit_links1
ext_cred_bridge=system.ruby.network.ext_links22.ext_cred_bridge0 system.ruby.network.ext_links22.ext_cred_bridge1
ext_net_bridge=system.ruby.network.ext_links22.ext_net_bridge0 system.ruby.network.ext_links22.ext_net_bridge1
int_cred_bridge=system.ruby.network.ext_links22.int_cred_bridge0 system.ruby.network.ext_links22.int_cred_bridge1
int_net_bridge=system.ruby.network.ext_links22.int_net_bridge0 system.ruby.network.ext_links22.int_net_bridge1
int_node=system.ruby.network.routers06
link_id=22
network_links=system.ruby.network.ext_links22.network_links0 system.ruby.network.ext_links22.network_links1
[system.ruby.network.ext_links22.credit_links0]
type=CreditLink
link_id=22
link_latency=1
power_state=system.ruby.network.ext_links22.credit_links0.power_state
[system.ruby.network.ext_links22.credit_links0.power_state]
[system.ruby.network.ext_links22.credit_links1]
type=CreditLink
link_id=22
link_latency=1
power_state=system.ruby.network.ext_links22.credit_links1.power_state
[system.ruby.network.ext_links22.credit_links1.power_state]
[system.ruby.network.ext_links22.ext_cred_bridge0]
type=NetworkBridge
link=system.ruby.network.ext_links22.credit_links0
link_id=22
link_latency=1
power_state=system.ruby.network.ext_links22.ext_cred_bridge0.power_state
vtype=LINK_OBJECT
[system.ruby.network.ext_links22.ext_cred_bridge0.power_state]
[system.ruby.network.ext_links22.ext_cred_bridge1]
type=NetworkBridge
link=system.ruby.network.ext_links22.credit_links1
link_id=22
link_latency=1
power_state=system.ruby.network.ext_links22.ext_cred_bridge1.power_state
vtype=OBJECT_LINK
[system.ruby.network.ext_links22.ext_cred_bridge1.power_state]
[system.ruby.network.ext_links22.ext_net_bridge0]
type=NetworkBridge
link=system.ruby.network.ext_links22.network_links0
link_id=22
link_latency=1
power_state=system.ruby.network.ext_links22.ext_net_bridge0.power_state
vtype=OBJECT_LINK
[system.ruby.network.ext_links22.ext_net_bridge0.power_state]
[system.ruby.network.ext_links22.ext_net_bridge1]
type=NetworkBridge
link=system.ruby.network.ext_links22.network_links1
link_id=22
link_latency=1
power_state=system.ruby.network.ext_links22.ext_net_bridge1.power_state
vtype=LINK_OBJECT
[system.ruby.network.ext_links22.ext_net_bridge1.power_state]
[system.ruby.network.ext_links22.int_cred_bridge0]
type=NetworkBridge
link=system.ruby.network.ext_links22.credit_links0
link_id=22
link_latency=1
power_state=system.ruby.network.ext_links22.int_cred_bridge0.power_state
vtype=OBJECT_LINK
[system.ruby.network.ext_links22.int_cred_bridge0.power_state]
[system.ruby.network.ext_links22.int_cred_bridge1]
type=NetworkBridge
link=system.ruby.network.ext_links22.credit_links1
link_id=22
link_latency=1
power_state=system.ruby.network.ext_links22.int_cred_bridge1.power_state
vtype=LINK_OBJECT
[system.ruby.network.ext_links22.int_cred_bridge1.power_state]
[system.ruby.network.ext_links22.int_net_bridge0]
type=NetworkBridge
link=system.ruby.network.ext_links22.network_links0
link_id=22
link_latency=1
power_state=system.ruby.network.ext_links22.int_net_bridge0.power_state
vtype=LINK_OBJECT
[system.ruby.network.ext_links22.int_net_bridge0.power_state]
[system.ruby.network.ext_links22.int_net_bridge1]
type=NetworkBridge
link=system.ruby.network.ext_links22.network_links1
link_id=22
link_latency=1
power_state=system.ruby.network.ext_links22.int_net_bridge1.power_state
vtype=OBJECT_LINK
[system.ruby.network.ext_links22.int_net_bridge1.power_state]
[system.ruby.network.ext_links22.network_links0]
type=NetworkLink
link_id=22
link_latency=1
power_state=system.ruby.network.ext_links22.network_links0.power_state
[system.ruby.network.ext_links22.network_links0.power_state]
[system.ruby.network.ext_links22.network_links1]
type=NetworkLink
link_id=22
link_latency=1
power_state=system.ruby.network.ext_links22.network_links1.power_state
[system.ruby.network.ext_links22.network_links1.power_state]
[system.ruby.network.ext_links23]
type=GarnetExtLink
children=credit_links0 credit_links1 ext_cred_bridge0 ext_cred_bridge1 ext_net_bridge0 ext_net_bridge1 int_cred_bridge0 int_cred_bridge1 int_net_bridge0 int_net_bridge1 network_links0 network_links1
credit_links=system.ruby.network.ext_links23.credit_links0 system.ruby.network.ext_links23.credit_links1
ext_cred_bridge=system.ruby.network.ext_links23.ext_cred_bridge0 system.ruby.network.ext_links23.ext_cred_bridge1
ext_net_bridge=system.ruby.network.ext_links23.ext_net_bridge0 system.ruby.network.ext_links23.ext_net_bridge1
int_cred_bridge=system.ruby.network.ext_links23.int_cred_bridge0 system.ruby.network.ext_links23.int_cred_bridge1
int_net_bridge=system.ruby.network.ext_links23.int_net_bridge0 system.ruby.network.ext_links23.int_net_bridge1
int_node=system.ruby.network.routers07
link_id=23
network_links=system.ruby.network.ext_links23.network_links0 system.ruby.network.ext_links23.network_links1
[system.ruby.network.ext_links23.credit_links0]
type=CreditLink
link_id=23
link_latency=1
power_state=system.ruby.network.ext_links23.credit_links0.power_state
[system.ruby.network.ext_links23.credit_links0.power_state]
[system.ruby.network.ext_links23.credit_links1]
type=CreditLink
link_id=23
link_latency=1
power_state=system.ruby.network.ext_links23.credit_links1.power_state
[system.ruby.network.ext_links23.credit_links1.power_state]
[system.ruby.network.ext_links23.ext_cred_bridge0]
type=NetworkBridge
link=system.ruby.network.ext_links23.credit_links0
link_id=23
link_latency=1
power_state=system.ruby.network.ext_links23.ext_cred_bridge0.power_state
vtype=LINK_OBJECT
[system.ruby.network.ext_links23.ext_cred_bridge0.power_state]
[system.ruby.network.ext_links23.ext_cred_bridge1]
type=NetworkBridge
link=system.ruby.network.ext_links23.credit_links1
link_id=23
link_latency=1
power_state=system.ruby.network.ext_links23.ext_cred_bridge1.power_state
vtype=OBJECT_LINK
[system.ruby.network.ext_links23.ext_cred_bridge1.power_state]
[system.ruby.network.ext_links23.ext_net_bridge0]
type=NetworkBridge
link=system.ruby.network.ext_links23.network_links0
link_id=23
link_latency=1
power_state=system.ruby.network.ext_links23.ext_net_bridge0.power_state
vtype=OBJECT_LINK
[system.ruby.network.ext_links23.ext_net_bridge0.power_state]
[system.ruby.network.ext_links23.ext_net_bridge1]
type=NetworkBridge
link=system.ruby.network.ext_links23.network_links1
link_id=23
link_latency=1
power_state=system.ruby.network.ext_links23.ext_net_bridge1.power_state
vtype=LINK_OBJECT
[system.ruby.network.ext_links23.ext_net_bridge1.power_state]
[system.ruby.network.ext_links23.int_cred_bridge0]
type=NetworkBridge
link=system.ruby.network.ext_links23.credit_links0
link_id=23
link_latency=1
power_state=system.ruby.network.ext_links23.int_cred_bridge0.power_state
vtype=OBJECT_LINK
[system.ruby.network.ext_links23.int_cred_bridge0.power_state]
[system.ruby.network.ext_links23.int_cred_bridge1]
type=NetworkBridge
link=system.ruby.network.ext_links23.credit_links1
link_id=23
link_latency=1
power_state=system.ruby.network.ext_links23.int_cred_bridge1.power_state
vtype=LINK_OBJECT
[system.ruby.network.ext_links23.int_cred_bridge1.power_state]
[system.ruby.network.ext_links23.int_net_bridge0]
type=NetworkBridge
link=system.ruby.network.ext_links23.network_links0
link_id=23
link_latency=1
power_state=system.ruby.network.ext_links23.int_net_bridge0.power_state
vtype=LINK_OBJECT
[system.ruby.network.ext_links23.int_net_bridge0.power_state]
[system.ruby.network.ext_links23.int_net_bridge1]
type=NetworkBridge
link=system.ruby.network.ext_links23.network_links1
link_id=23
link_latency=1
power_state=system.ruby.network.ext_links23.int_net_bridge1.power_state
vtype=OBJECT_LINK
[system.ruby.network.ext_links23.int_net_bridge1.power_state]
[system.ruby.network.ext_links23.network_links0]
type=NetworkLink
link_id=23
link_latency=1
power_state=system.ruby.network.ext_links23.network_links0.power_state
[system.ruby.network.ext_links23.network_links0.power_state]
[system.ruby.network.ext_links23.network_links1]
type=NetworkLink
link_id=23
link_latency=1
power_state=system.ruby.network.ext_links23.network_links1.power_state
[system.ruby.network.ext_links23.network_links1.power_state]
[system.ruby.network.ext_links24]
type=GarnetExtLink
children=credit_links0 credit_links1 ext_cred_bridge0 ext_cred_bridge1 ext_net_bridge0 ext_net_bridge1 int_cred_bridge0 int_cred_bridge1 int_net_bridge0 int_net_bridge1 network_links0 network_links1
credit_links=system.ruby.network.ext_links24.credit_links0 system.ruby.network.ext_links24.credit_links1
ext_cred_bridge=system.ruby.network.ext_links24.ext_cred_bridge0 system.ruby.network.ext_links24.ext_cred_bridge1
ext_net_bridge=system.ruby.network.ext_links24.ext_net_bridge0 system.ruby.network.ext_links24.ext_net_bridge1
int_cred_bridge=system.ruby.network.ext_links24.int_cred_bridge0 system.ruby.network.ext_links24.int_cred_bridge1
int_net_bridge=system.ruby.network.ext_links24.int_net_bridge0 system.ruby.network.ext_links24.int_net_bridge1
int_node=system.ruby.network.routers08
link_id=24
network_links=system.ruby.network.ext_links24.network_links0 system.ruby.network.ext_links24.network_links1
[system.ruby.network.ext_links24.credit_links0]
type=CreditLink
link_id=24
link_latency=1
power_state=system.ruby.network.ext_links24.credit_links0.power_state
[system.ruby.network.ext_links24.credit_links0.power_state]
[system.ruby.network.ext_links24.credit_links1]
type=CreditLink
link_id=24
link_latency=1
power_state=system.ruby.network.ext_links24.credit_links1.power_state
[system.ruby.network.ext_links24.credit_links1.power_state]
[system.ruby.network.ext_links24.ext_cred_bridge0]
type=NetworkBridge
link=system.ruby.network.ext_links24.credit_links0
link_id=24
link_latency=1
power_state=system.ruby.network.ext_links24.ext_cred_bridge0.power_state
vtype=LINK_OBJECT
[system.ruby.network.ext_links24.ext_cred_bridge0.power_state]
[system.ruby.network.ext_links24.ext_cred_bridge1]
type=NetworkBridge
link=system.ruby.network.ext_links24.credit_links1
link_id=24
link_latency=1
power_state=system.ruby.network.ext_links24.ext_cred_bridge1.power_state
vtype=OBJECT_LINK
[system.ruby.network.ext_links24.ext_cred_bridge1.power_state]
[system.ruby.network.ext_links24.ext_net_bridge0]
type=NetworkBridge
link=system.ruby.network.ext_links24.network_links0
link_id=24
link_latency=1
power_state=system.ruby.network.ext_links24.ext_net_bridge0.power_state
vtype=OBJECT_LINK
[system.ruby.network.ext_links24.ext_net_bridge0.power_state]
[system.ruby.network.ext_links24.ext_net_bridge1]
type=NetworkBridge
link=system.ruby.network.ext_links24.network_links1
link_id=24
link_latency=1
power_state=system.ruby.network.ext_links24.ext_net_bridge1.power_state
vtype=LINK_OBJECT
[system.ruby.network.ext_links24.ext_net_bridge1.power_state]
[system.ruby.network.ext_links24.int_cred_bridge0]
type=NetworkBridge
link=system.ruby.network.ext_links24.credit_links0
link_id=24
link_latency=1
power_state=system.ruby.network.ext_links24.int_cred_bridge0.power_state
vtype=OBJECT_LINK
[system.ruby.network.ext_links24.int_cred_bridge0.power_state]
[system.ruby.network.ext_links24.int_cred_bridge1]
type=NetworkBridge
link=system.ruby.network.ext_links24.credit_links1
link_id=24
link_latency=1
power_state=system.ruby.network.ext_links24.int_cred_bridge1.power_state
vtype=LINK_OBJECT
[system.ruby.network.ext_links24.int_cred_bridge1.power_state]
[system.ruby.network.ext_links24.int_net_bridge0]
type=NetworkBridge
link=system.ruby.network.ext_links24.network_links0
link_id=24
link_latency=1
power_state=system.ruby.network.ext_links24.int_net_bridge0.power_state
vtype=LINK_OBJECT
[system.ruby.network.ext_links24.int_net_bridge0.power_state]
[system.ruby.network.ext_links24.int_net_bridge1]
type=NetworkBridge
link=system.ruby.network.ext_links24.network_links1
link_id=24
link_latency=1
power_state=system.ruby.network.ext_links24.int_net_bridge1.power_state
vtype=OBJECT_LINK
[system.ruby.network.ext_links24.int_net_bridge1.power_state]
[system.ruby.network.ext_links24.network_links0]
type=NetworkLink
link_id=24
link_latency=1
power_state=system.ruby.network.ext_links24.network_links0.power_state
[system.ruby.network.ext_links24.network_links0.power_state]
[system.ruby.network.ext_links24.network_links1]
type=NetworkLink
link_id=24
link_latency=1
power_state=system.ruby.network.ext_links24.network_links1.power_state
[system.ruby.network.ext_links24.network_links1.power_state]
[system.ruby.network.ext_links25]
type=GarnetExtLink
children=credit_links0 credit_links1 ext_cred_bridge0 ext_cred_bridge1 ext_net_bridge0 ext_net_bridge1 int_cred_bridge0 int_cred_bridge1 int_net_bridge0 int_net_bridge1 network_links0 network_links1
credit_links=system.ruby.network.ext_links25.credit_links0 system.ruby.network.ext_links25.credit_links1
ext_cred_bridge=system.ruby.network.ext_links25.ext_cred_bridge0 system.ruby.network.ext_links25.ext_cred_bridge1
ext_net_bridge=system.ruby.network.ext_links25.ext_net_bridge0 system.ruby.network.ext_links25.ext_net_bridge1
int_cred_bridge=system.ruby.network.ext_links25.int_cred_bridge0 system.ruby.network.ext_links25.int_cred_bridge1
int_net_bridge=system.ruby.network.ext_links25.int_net_bridge0 system.ruby.network.ext_links25.int_net_bridge1
int_node=system.ruby.network.routers09
link_id=25
network_links=system.ruby.network.ext_links25.network_links0 system.ruby.network.ext_links25.network_links1
[system.ruby.network.ext_links25.credit_links0]
type=CreditLink
link_id=25
link_latency=1
power_state=system.ruby.network.ext_links25.credit_links0.power_state
[system.ruby.network.ext_links25.credit_links0.power_state]
[system.ruby.network.ext_links25.credit_links1]
type=CreditLink
link_id=25
link_latency=1
power_state=system.ruby.network.ext_links25.credit_links1.power_state
[system.ruby.network.ext_links25.credit_links1.power_state]
[system.ruby.network.ext_links25.ext_cred_bridge0]
type=NetworkBridge
link=system.ruby.network.ext_links25.credit_links0
link_id=25
link_latency=1
power_state=system.ruby.network.ext_links25.ext_cred_bridge0.power_state
vtype=LINK_OBJECT
[system.ruby.network.ext_links25.ext_cred_bridge0.power_state]
[system.ruby.network.ext_links25.ext_cred_bridge1]
type=NetworkBridge
link=system.ruby.network.ext_links25.credit_links1
link_id=25
link_latency=1
power_state=system.ruby.network.ext_links25.ext_cred_bridge1.power_state
vtype=OBJECT_LINK
[system.ruby.network.ext_links25.ext_cred_bridge1.power_state]
[system.ruby.network.ext_links25.ext_net_bridge0]
type=NetworkBridge
link=system.ruby.network.ext_links25.network_links0
link_id=25
link_latency=1
power_state=system.ruby.network.ext_links25.ext_net_bridge0.power_state
vtype=OBJECT_LINK
[system.ruby.network.ext_links25.ext_net_bridge0.power_state]
[system.ruby.network.ext_links25.ext_net_bridge1]
type=NetworkBridge
link=system.ruby.network.ext_links25.network_links1
link_id=25
link_latency=1
power_state=system.ruby.network.ext_links25.ext_net_bridge1.power_state
vtype=LINK_OBJECT
[system.ruby.network.ext_links25.ext_net_bridge1.power_state]
[system.ruby.network.ext_links25.int_cred_bridge0]
type=NetworkBridge
link=system.ruby.network.ext_links25.credit_links0
link_id=25
link_latency=1
power_state=system.ruby.network.ext_links25.int_cred_bridge0.power_state
vtype=OBJECT_LINK
[system.ruby.network.ext_links25.int_cred_bridge0.power_state]
[system.ruby.network.ext_links25.int_cred_bridge1]
type=NetworkBridge
link=system.ruby.network.ext_links25.credit_links1
link_id=25
link_latency=1
power_state=system.ruby.network.ext_links25.int_cred_bridge1.power_state
vtype=LINK_OBJECT
[system.ruby.network.ext_links25.int_cred_bridge1.power_state]
[system.ruby.network.ext_links25.int_net_bridge0]
type=NetworkBridge
link=system.ruby.network.ext_links25.network_links0
link_id=25
link_latency=1
power_state=system.ruby.network.ext_links25.int_net_bridge0.power_state
vtype=LINK_OBJECT
[system.ruby.network.ext_links25.int_net_bridge0.power_state]
[system.ruby.network.ext_links25.int_net_bridge1]
type=NetworkBridge
link=system.ruby.network.ext_links25.network_links1
link_id=25
link_latency=1
power_state=system.ruby.network.ext_links25.int_net_bridge1.power_state
vtype=OBJECT_LINK
[system.ruby.network.ext_links25.int_net_bridge1.power_state]
[system.ruby.network.ext_links25.network_links0]
type=NetworkLink
link_id=25
link_latency=1
power_state=system.ruby.network.ext_links25.network_links0.power_state
[system.ruby.network.ext_links25.network_links0.power_state]
[system.ruby.network.ext_links25.network_links1]
type=NetworkLink
link_id=25
link_latency=1
power_state=system.ruby.network.ext_links25.network_links1.power_state
[system.ruby.network.ext_links25.network_links1.power_state]
[system.ruby.network.ext_links26]
type=GarnetExtLink
children=credit_links0 credit_links1 ext_cred_bridge0 ext_cred_bridge1 ext_net_bridge0 ext_net_bridge1 int_cred_bridge0 int_cred_bridge1 int_net_bridge0 int_net_bridge1 network_links0 network_links1
credit_links=system.ruby.network.ext_links26.credit_links0 system.ruby.network.ext_links26.credit_links1
ext_cred_bridge=system.ruby.network.ext_links26.ext_cred_bridge0 system.ruby.network.ext_links26.ext_cred_bridge1
ext_net_bridge=system.ruby.network.ext_links26.ext_net_bridge0 system.ruby.network.ext_links26.ext_net_bridge1
int_cred_bridge=system.ruby.network.ext_links26.int_cred_bridge0 system.ruby.network.ext_links26.int_cred_bridge1
int_net_bridge=system.ruby.network.ext_links26.int_net_bridge0 system.ruby.network.ext_links26.int_net_bridge1
int_node=system.ruby.network.routers10
link_id=26
network_links=system.ruby.network.ext_links26.network_links0 system.ruby.network.ext_links26.network_links1
[system.ruby.network.ext_links26.credit_links0]
type=CreditLink
link_id=26
link_latency=1
power_state=system.ruby.network.ext_links26.credit_links0.power_state
[system.ruby.network.ext_links26.credit_links0.power_state]
[system.ruby.network.ext_links26.credit_links1]
type=CreditLink
link_id=26
link_latency=1
power_state=system.ruby.network.ext_links26.credit_links1.power_state
[system.ruby.network.ext_links26.credit_links1.power_state]
[system.ruby.network.ext_links26.ext_cred_bridge0]
type=NetworkBridge
link=system.ruby.network.ext_links26.credit_links0
link_id=26
link_latency=1
power_state=system.ruby.network.ext_links26.ext_cred_bridge0.power_state
vtype=LINK_OBJECT
[system.ruby.network.ext_links26.ext_cred_bridge0.power_state]
[system.ruby.network.ext_links26.ext_cred_bridge1]
type=NetworkBridge
link=system.ruby.network.ext_links26.credit_links1
link_id=26
link_latency=1
power_state=system.ruby.network.ext_links26.ext_cred_bridge1.power_state
vtype=OBJECT_LINK
[system.ruby.network.ext_links26.ext_cred_bridge1.power_state]
[system.ruby.network.ext_links26.ext_net_bridge0]
type=NetworkBridge
link=system.ruby.network.ext_links26.network_links0
link_id=26
link_latency=1
power_state=system.ruby.network.ext_links26.ext_net_bridge0.power_state
vtype=OBJECT_LINK
[system.ruby.network.ext_links26.ext_net_bridge0.power_state]
[system.ruby.network.ext_links26.ext_net_bridge1]
type=NetworkBridge
link=system.ruby.network.ext_links26.network_links1
link_id=26
link_latency=1
power_state=system.ruby.network.ext_links26.ext_net_bridge1.power_state
vtype=LINK_OBJECT
[system.ruby.network.ext_links26.ext_net_bridge1.power_state]
[system.ruby.network.ext_links26.int_cred_bridge0]
type=NetworkBridge
link=system.ruby.network.ext_links26.credit_links0
link_id=26
link_latency=1
power_state=system.ruby.network.ext_links26.int_cred_bridge0.power_state
vtype=OBJECT_LINK
[system.ruby.network.ext_links26.int_cred_bridge0.power_state]
[system.ruby.network.ext_links26.int_cred_bridge1]
type=NetworkBridge
link=system.ruby.network.ext_links26.credit_links1
link_id=26
link_latency=1
power_state=system.ruby.network.ext_links26.int_cred_bridge1.power_state
vtype=LINK_OBJECT
[system.ruby.network.ext_links26.int_cred_bridge1.power_state]
[system.ruby.network.ext_links26.int_net_bridge0]
type=NetworkBridge
link=system.ruby.network.ext_links26.network_links0
link_id=26
link_latency=1
power_state=system.ruby.network.ext_links26.int_net_bridge0.power_state
vtype=LINK_OBJECT
[system.ruby.network.ext_links26.int_net_bridge0.power_state]
[system.ruby.network.ext_links26.int_net_bridge1]
type=NetworkBridge
link=system.ruby.network.ext_links26.network_links1
link_id=26
link_latency=1
power_state=system.ruby.network.ext_links26.int_net_bridge1.power_state
vtype=OBJECT_LINK
[system.ruby.network.ext_links26.int_net_bridge1.power_state]
[system.ruby.network.ext_links26.network_links0]
type=NetworkLink
link_id=26
link_latency=1
power_state=system.ruby.network.ext_links26.network_links0.power_state
[system.ruby.network.ext_links26.network_links0.power_state]
[system.ruby.network.ext_links26.network_links1]
type=NetworkLink
link_id=26
link_latency=1
power_state=system.ruby.network.ext_links26.network_links1.power_state
[system.ruby.network.ext_links26.network_links1.power_state]
[system.ruby.network.ext_links27]
type=GarnetExtLink
children=credit_links0 credit_links1 ext_cred_bridge0 ext_cred_bridge1 ext_net_bridge0 ext_net_bridge1 int_cred_bridge0 int_cred_bridge1 int_net_bridge0 int_net_bridge1 network_links0 network_links1
credit_links=system.ruby.network.ext_links27.credit_links0 system.ruby.network.ext_links27.credit_links1
ext_cred_bridge=system.ruby.network.ext_links27.ext_cred_bridge0 system.ruby.network.ext_links27.ext_cred_bridge1
ext_net_bridge=system.ruby.network.ext_links27.ext_net_bridge0 system.ruby.network.ext_links27.ext_net_bridge1
int_cred_bridge=system.ruby.network.ext_links27.int_cred_bridge0 system.ruby.network.ext_links27.int_cred_bridge1
int_net_bridge=system.ruby.network.ext_links27.int_net_bridge0 system.ruby.network.ext_links27.int_net_bridge1
int_node=system.ruby.network.routers11
link_id=27
network_links=system.ruby.network.ext_links27.network_links0 system.ruby.network.ext_links27.network_links1
[system.ruby.network.ext_links27.credit_links0]
type=CreditLink
link_id=27
link_latency=1
power_state=system.ruby.network.ext_links27.credit_links0.power_state
[system.ruby.network.ext_links27.credit_links0.power_state]
[system.ruby.network.ext_links27.credit_links1]
type=CreditLink
link_id=27
link_latency=1
power_state=system.ruby.network.ext_links27.credit_links1.power_state
[system.ruby.network.ext_links27.credit_links1.power_state]
[system.ruby.network.ext_links27.ext_cred_bridge0]
type=NetworkBridge
link=system.ruby.network.ext_links27.credit_links0
link_id=27
link_latency=1
power_state=system.ruby.network.ext_links27.ext_cred_bridge0.power_state
vtype=LINK_OBJECT
[system.ruby.network.ext_links27.ext_cred_bridge0.power_state]
[system.ruby.network.ext_links27.ext_cred_bridge1]
type=NetworkBridge
link=system.ruby.network.ext_links27.credit_links1
link_id=27
link_latency=1
power_state=system.ruby.network.ext_links27.ext_cred_bridge1.power_state
vtype=OBJECT_LINK
[system.ruby.network.ext_links27.ext_cred_bridge1.power_state]
[system.ruby.network.ext_links27.ext_net_bridge0]
type=NetworkBridge
link=system.ruby.network.ext_links27.network_links0
link_id=27
link_latency=1
power_state=system.ruby.network.ext_links27.ext_net_bridge0.power_state
vtype=OBJECT_LINK
[system.ruby.network.ext_links27.ext_net_bridge0.power_state]
[system.ruby.network.ext_links27.ext_net_bridge1]
type=NetworkBridge
link=system.ruby.network.ext_links27.network_links1
link_id=27
link_latency=1
power_state=system.ruby.network.ext_links27.ext_net_bridge1.power_state
vtype=LINK_OBJECT
[system.ruby.network.ext_links27.ext_net_bridge1.power_state]
[system.ruby.network.ext_links27.int_cred_bridge0]
type=NetworkBridge
link=system.ruby.network.ext_links27.credit_links0
link_id=27
link_latency=1
power_state=system.ruby.network.ext_links27.int_cred_bridge0.power_state
vtype=OBJECT_LINK
[system.ruby.network.ext_links27.int_cred_bridge0.power_state]
[system.ruby.network.ext_links27.int_cred_bridge1]
type=NetworkBridge
link=system.ruby.network.ext_links27.credit_links1
link_id=27
link_latency=1
power_state=system.ruby.network.ext_links27.int_cred_bridge1.power_state
vtype=LINK_OBJECT
[system.ruby.network.ext_links27.int_cred_bridge1.power_state]
[system.ruby.network.ext_links27.int_net_bridge0]
type=NetworkBridge
link=system.ruby.network.ext_links27.network_links0
link_id=27
link_latency=1
power_state=system.ruby.network.ext_links27.int_net_bridge0.power_state
vtype=LINK_OBJECT
[system.ruby.network.ext_links27.int_net_bridge0.power_state]
[system.ruby.network.ext_links27.int_net_bridge1]
type=NetworkBridge
link=system.ruby.network.ext_links27.network_links1
link_id=27
link_latency=1
power_state=system.ruby.network.ext_links27.int_net_bridge1.power_state
vtype=OBJECT_LINK
[system.ruby.network.ext_links27.int_net_bridge1.power_state]
[system.ruby.network.ext_links27.network_links0]
type=NetworkLink
link_id=27
link_latency=1
power_state=system.ruby.network.ext_links27.network_links0.power_state
[system.ruby.network.ext_links27.network_links0.power_state]
[system.ruby.network.ext_links27.network_links1]
type=NetworkLink
link_id=27
link_latency=1
power_state=system.ruby.network.ext_links27.network_links1.power_state
[system.ruby.network.ext_links27.network_links1.power_state]
[system.ruby.network.ext_links28]
type=GarnetExtLink
children=credit_links0 credit_links1 ext_cred_bridge0 ext_cred_bridge1 ext_net_bridge0 ext_net_bridge1 int_cred_bridge0 int_cred_bridge1 int_net_bridge0 int_net_bridge1 network_links0 network_links1
credit_links=system.ruby.network.ext_links28.credit_links0 system.ruby.network.ext_links28.credit_links1
ext_cred_bridge=system.ruby.network.ext_links28.ext_cred_bridge0 system.ruby.network.ext_links28.ext_cred_bridge1
ext_net_bridge=system.ruby.network.ext_links28.ext_net_bridge0 system.ruby.network.ext_links28.ext_net_bridge1
int_cred_bridge=system.ruby.network.ext_links28.int_cred_bridge0 system.ruby.network.ext_links28.int_cred_bridge1
int_net_bridge=system.ruby.network.ext_links28.int_net_bridge0 system.ruby.network.ext_links28.int_net_bridge1
int_node=system.ruby.network.routers12
link_id=28
network_links=system.ruby.network.ext_links28.network_links0 system.ruby.network.ext_links28.network_links1
[system.ruby.network.ext_links28.credit_links0]
type=CreditLink
link_id=28
link_latency=1
power_state=system.ruby.network.ext_links28.credit_links0.power_state
[system.ruby.network.ext_links28.credit_links0.power_state]
[system.ruby.network.ext_links28.credit_links1]
type=CreditLink
link_id=28
link_latency=1
power_state=system.ruby.network.ext_links28.credit_links1.power_state
[system.ruby.network.ext_links28.credit_links1.power_state]
[system.ruby.network.ext_links28.ext_cred_bridge0]
type=NetworkBridge
link=system.ruby.network.ext_links28.credit_links0
link_id=28
link_latency=1
power_state=system.ruby.network.ext_links28.ext_cred_bridge0.power_state
vtype=LINK_OBJECT
[system.ruby.network.ext_links28.ext_cred_bridge0.power_state]
[system.ruby.network.ext_links28.ext_cred_bridge1]
type=NetworkBridge
link=system.ruby.network.ext_links28.credit_links1
link_id=28
link_latency=1
power_state=system.ruby.network.ext_links28.ext_cred_bridge1.power_state
vtype=OBJECT_LINK
[system.ruby.network.ext_links28.ext_cred_bridge1.power_state]
[system.ruby.network.ext_links28.ext_net_bridge0]
type=NetworkBridge
link=system.ruby.network.ext_links28.network_links0
link_id=28
link_latency=1
power_state=system.ruby.network.ext_links28.ext_net_bridge0.power_state
vtype=OBJECT_LINK
[system.ruby.network.ext_links28.ext_net_bridge0.power_state]
[system.ruby.network.ext_links28.ext_net_bridge1]
type=NetworkBridge
link=system.ruby.network.ext_links28.network_links1
link_id=28
link_latency=1
power_state=system.ruby.network.ext_links28.ext_net_bridge1.power_state
vtype=LINK_OBJECT
[system.ruby.network.ext_links28.ext_net_bridge1.power_state]
[system.ruby.network.ext_links28.int_cred_bridge0]
type=NetworkBridge
link=system.ruby.network.ext_links28.credit_links0
link_id=28
link_latency=1
power_state=system.ruby.network.ext_links28.int_cred_bridge0.power_state
vtype=OBJECT_LINK
[system.ruby.network.ext_links28.int_cred_bridge0.power_state]
[system.ruby.network.ext_links28.int_cred_bridge1]
type=NetworkBridge
link=system.ruby.network.ext_links28.credit_links1
link_id=28
link_latency=1
power_state=system.ruby.network.ext_links28.int_cred_bridge1.power_state
vtype=LINK_OBJECT
[system.ruby.network.ext_links28.int_cred_bridge1.power_state]
[system.ruby.network.ext_links28.int_net_bridge0]
type=NetworkBridge
link=system.ruby.network.ext_links28.network_links0
link_id=28
link_latency=1
power_state=system.ruby.network.ext_links28.int_net_bridge0.power_state
vtype=LINK_OBJECT
[system.ruby.network.ext_links28.int_net_bridge0.power_state]
[system.ruby.network.ext_links28.int_net_bridge1]
type=NetworkBridge
link=system.ruby.network.ext_links28.network_links1
link_id=28
link_latency=1
power_state=system.ruby.network.ext_links28.int_net_bridge1.power_state
vtype=OBJECT_LINK
[system.ruby.network.ext_links28.int_net_bridge1.power_state]
[system.ruby.network.ext_links28.network_links0]
type=NetworkLink
link_id=28
link_latency=1
power_state=system.ruby.network.ext_links28.network_links0.power_state
[system.ruby.network.ext_links28.network_links0.power_state]
[system.ruby.network.ext_links28.network_links1]
type=NetworkLink
link_id=28
link_latency=1
power_state=system.ruby.network.ext_links28.network_links1.power_state
[system.ruby.network.ext_links28.network_links1.power_state]
[system.ruby.network.ext_links29]
type=GarnetExtLink
children=credit_links0 credit_links1 ext_cred_bridge0 ext_cred_bridge1 ext_net_bridge0 ext_net_bridge1 int_cred_bridge0 int_cred_bridge1 int_net_bridge0 int_net_bridge1 network_links0 network_links1
credit_links=system.ruby.network.ext_links29.credit_links0 system.ruby.network.ext_links29.credit_links1
ext_cred_bridge=system.ruby.network.ext_links29.ext_cred_bridge0 system.ruby.network.ext_links29.ext_cred_bridge1
ext_net_bridge=system.ruby.network.ext_links29.ext_net_bridge0 system.ruby.network.ext_links29.ext_net_bridge1
int_cred_bridge=system.ruby.network.ext_links29.int_cred_bridge0 system.ruby.network.ext_links29.int_cred_bridge1
int_net_bridge=system.ruby.network.ext_links29.int_net_bridge0 system.ruby.network.ext_links29.int_net_bridge1
int_node=system.ruby.network.routers13
link_id=29
network_links=system.ruby.network.ext_links29.network_links0 system.ruby.network.ext_links29.network_links1
[system.ruby.network.ext_links29.credit_links0]
type=CreditLink
link_id=29
link_latency=1
power_state=system.ruby.network.ext_links29.credit_links0.power_state
[system.ruby.network.ext_links29.credit_links0.power_state]
[system.ruby.network.ext_links29.credit_links1]
type=CreditLink
link_id=29
link_latency=1
power_state=system.ruby.network.ext_links29.credit_links1.power_state
[system.ruby.network.ext_links29.credit_links1.power_state]
[system.ruby.network.ext_links29.ext_cred_bridge0]
type=NetworkBridge
link=system.ruby.network.ext_links29.credit_links0
link_id=29
link_latency=1
power_state=system.ruby.network.ext_links29.ext_cred_bridge0.power_state
vtype=LINK_OBJECT
[system.ruby.network.ext_links29.ext_cred_bridge0.power_state]
[system.ruby.network.ext_links29.ext_cred_bridge1]
type=NetworkBridge
link=system.ruby.network.ext_links29.credit_links1
link_id=29
link_latency=1
power_state=system.ruby.network.ext_links29.ext_cred_bridge1.power_state
vtype=OBJECT_LINK
[system.ruby.network.ext_links29.ext_cred_bridge1.power_state]
[system.ruby.network.ext_links29.ext_net_bridge0]
type=NetworkBridge
link=system.ruby.network.ext_links29.network_links0
link_id=29
link_latency=1
power_state=system.ruby.network.ext_links29.ext_net_bridge0.power_state
vtype=OBJECT_LINK
[system.ruby.network.ext_links29.ext_net_bridge0.power_state]
[system.ruby.network.ext_links29.ext_net_bridge1]
type=NetworkBridge
link=system.ruby.network.ext_links29.network_links1
link_id=29
link_latency=1
power_state=system.ruby.network.ext_links29.ext_net_bridge1.power_state
vtype=LINK_OBJECT
[system.ruby.network.ext_links29.ext_net_bridge1.power_state]
[system.ruby.network.ext_links29.int_cred_bridge0]
type=NetworkBridge
link=system.ruby.network.ext_links29.credit_links0
link_id=29
link_latency=1
power_state=system.ruby.network.ext_links29.int_cred_bridge0.power_state
vtype=OBJECT_LINK
[system.ruby.network.ext_links29.int_cred_bridge0.power_state]
[system.ruby.network.ext_links29.int_cred_bridge1]
type=NetworkBridge
link=system.ruby.network.ext_links29.credit_links1
link_id=29
link_latency=1
power_state=system.ruby.network.ext_links29.int_cred_bridge1.power_state
vtype=LINK_OBJECT
[system.ruby.network.ext_links29.int_cred_bridge1.power_state]
[system.ruby.network.ext_links29.int_net_bridge0]
type=NetworkBridge
link=system.ruby.network.ext_links29.network_links0
link_id=29
link_latency=1
power_state=system.ruby.network.ext_links29.int_net_bridge0.power_state
vtype=LINK_OBJECT
[system.ruby.network.ext_links29.int_net_bridge0.power_state]
[system.ruby.network.ext_links29.int_net_bridge1]
type=NetworkBridge
link=system.ruby.network.ext_links29.network_links1
link_id=29
link_latency=1
power_state=system.ruby.network.ext_links29.int_net_bridge1.power_state
vtype=OBJECT_LINK
[system.ruby.network.ext_links29.int_net_bridge1.power_state]
[system.ruby.network.ext_links29.network_links0]
type=NetworkLink
link_id=29
link_latency=1
power_state=system.ruby.network.ext_links29.network_links0.power_state
[system.ruby.network.ext_links29.network_links0.power_state]
[system.ruby.network.ext_links29.network_links1]
type=NetworkLink
link_id=29
link_latency=1
power_state=system.ruby.network.ext_links29.network_links1.power_state
[system.ruby.network.ext_links29.network_links1.power_state]
[system.ruby.network.ext_links30]
type=GarnetExtLink
children=credit_links0 credit_links1 ext_cred_bridge0 ext_cred_bridge1 ext_net_bridge0 ext_net_bridge1 int_cred_bridge0 int_cred_bridge1 int_net_bridge0 int_net_bridge1 network_links0 network_links1
credit_links=system.ruby.network.ext_links30.credit_links0 system.ruby.network.ext_links30.credit_links1
ext_cred_bridge=system.ruby.network.ext_links30.ext_cred_bridge0 system.ruby.network.ext_links30.ext_cred_bridge1
ext_net_bridge=system.ruby.network.ext_links30.ext_net_bridge0 system.ruby.network.ext_links30.ext_net_bridge1
int_cred_bridge=system.ruby.network.ext_links30.int_cred_bridge0 system.ruby.network.ext_links30.int_cred_bridge1
int_net_bridge=system.ruby.network.ext_links30.int_net_bridge0 system.ruby.network.ext_links30.int_net_bridge1
int_node=system.ruby.network.routers14
link_id=30
network_links=system.ruby.network.ext_links30.network_links0 system.ruby.network.ext_links30.network_links1
[system.ruby.network.ext_links30.credit_links0]
type=CreditLink
link_id=30
link_latency=1
power_state=system.ruby.network.ext_links30.credit_links0.power_state
[system.ruby.network.ext_links30.credit_links0.power_state]
[system.ruby.network.ext_links30.credit_links1]
type=CreditLink
link_id=30
link_latency=1
power_state=system.ruby.network.ext_links30.credit_links1.power_state
[system.ruby.network.ext_links30.credit_links1.power_state]
[system.ruby.network.ext_links30.ext_cred_bridge0]
type=NetworkBridge
link=system.ruby.network.ext_links30.credit_links0
link_id=30
link_latency=1
power_state=system.ruby.network.ext_links30.ext_cred_bridge0.power_state
vtype=LINK_OBJECT
[system.ruby.network.ext_links30.ext_cred_bridge0.power_state]
[system.ruby.network.ext_links30.ext_cred_bridge1]
type=NetworkBridge
link=system.ruby.network.ext_links30.credit_links1
link_id=30
link_latency=1
power_state=system.ruby.network.ext_links30.ext_cred_bridge1.power_state
vtype=OBJECT_LINK
[system.ruby.network.ext_links30.ext_cred_bridge1.power_state]
[system.ruby.network.ext_links30.ext_net_bridge0]
type=NetworkBridge
link=system.ruby.network.ext_links30.network_links0
link_id=30
link_latency=1
power_state=system.ruby.network.ext_links30.ext_net_bridge0.power_state
vtype=OBJECT_LINK
[system.ruby.network.ext_links30.ext_net_bridge0.power_state]
[system.ruby.network.ext_links30.ext_net_bridge1]
type=NetworkBridge
link=system.ruby.network.ext_links30.network_links1
link_id=30
link_latency=1
power_state=system.ruby.network.ext_links30.ext_net_bridge1.power_state
vtype=LINK_OBJECT
[system.ruby.network.ext_links30.ext_net_bridge1.power_state]
[system.ruby.network.ext_links30.int_cred_bridge0]
type=NetworkBridge
link=system.ruby.network.ext_links30.credit_links0
link_id=30
link_latency=1
power_state=system.ruby.network.ext_links30.int_cred_bridge0.power_state
vtype=OBJECT_LINK
[system.ruby.network.ext_links30.int_cred_bridge0.power_state]
[system.ruby.network.ext_links30.int_cred_bridge1]
type=NetworkBridge
link=system.ruby.network.ext_links30.credit_links1
link_id=30
link_latency=1
power_state=system.ruby.network.ext_links30.int_cred_bridge1.power_state
vtype=LINK_OBJECT
[system.ruby.network.ext_links30.int_cred_bridge1.power_state]
[system.ruby.network.ext_links30.int_net_bridge0]
type=NetworkBridge
link=system.ruby.network.ext_links30.network_links0
link_id=30
link_latency=1
power_state=system.ruby.network.ext_links30.int_net_bridge0.power_state
vtype=LINK_OBJECT
[system.ruby.network.ext_links30.int_net_bridge0.power_state]
[system.ruby.network.ext_links30.int_net_bridge1]
type=NetworkBridge
link=system.ruby.network.ext_links30.network_links1
link_id=30
link_latency=1
power_state=system.ruby.network.ext_links30.int_net_bridge1.power_state
vtype=OBJECT_LINK
[system.ruby.network.ext_links30.int_net_bridge1.power_state]
[system.ruby.network.ext_links30.network_links0]
type=NetworkLink
link_id=30
link_latency=1
power_state=system.ruby.network.ext_links30.network_links0.power_state
[system.ruby.network.ext_links30.network_links0.power_state]
[system.ruby.network.ext_links30.network_links1]
type=NetworkLink
link_id=30
link_latency=1
power_state=system.ruby.network.ext_links30.network_links1.power_state
[system.ruby.network.ext_links30.network_links1.power_state]
[system.ruby.network.ext_links31]
type=GarnetExtLink
children=credit_links0 credit_links1 ext_cred_bridge0 ext_cred_bridge1 ext_net_bridge0 ext_net_bridge1 int_cred_bridge0 int_cred_bridge1 int_net_bridge0 int_net_bridge1 network_links0 network_links1
credit_links=system.ruby.network.ext_links31.credit_links0 system.ruby.network.ext_links31.credit_links1
ext_cred_bridge=system.ruby.network.ext_links31.ext_cred_bridge0 system.ruby.network.ext_links31.ext_cred_bridge1
ext_net_bridge=system.ruby.network.ext_links31.ext_net_bridge0 system.ruby.network.ext_links31.ext_net_bridge1
int_cred_bridge=system.ruby.network.ext_links31.int_cred_bridge0 system.ruby.network.ext_links31.int_cred_bridge1
int_net_bridge=system.ruby.network.ext_links31.int_net_bridge0 system.ruby.network.ext_links31.int_net_bridge1
int_node=system.ruby.network.routers15
link_id=31
network_links=system.ruby.network.ext_links31.network_links0 system.ruby.network.ext_links31.network_links1
[system.ruby.network.ext_links31.credit_links0]
type=CreditLink
link_id=31
link_latency=1
power_state=system.ruby.network.ext_links31.credit_links0.power_state
[system.ruby.network.ext_links31.credit_links0.power_state]
[system.ruby.network.ext_links31.credit_links1]
type=CreditLink
link_id=31
link_latency=1
power_state=system.ruby.network.ext_links31.credit_links1.power_state
[system.ruby.network.ext_links31.credit_links1.power_state]
[system.ruby.network.ext_links31.ext_cred_bridge0]
type=NetworkBridge
link=system.ruby.network.ext_links31.credit_links0
link_id=31
link_latency=1
power_state=system.ruby.network.ext_links31.ext_cred_bridge0.power_state
vtype=LINK_OBJECT
[system.ruby.network.ext_links31.ext_cred_bridge0.power_state]
[system.ruby.network.ext_links31.ext_cred_bridge1]
type=NetworkBridge
link=system.ruby.network.ext_links31.credit_links1
link_id=31
link_latency=1
power_state=system.ruby.network.ext_links31.ext_cred_bridge1.power_state
vtype=OBJECT_LINK
[system.ruby.network.ext_links31.ext_cred_bridge1.power_state]
[system.ruby.network.ext_links31.ext_net_bridge0]
type=NetworkBridge
link=system.ruby.network.ext_links31.network_links0
link_id=31
link_latency=1
power_state=system.ruby.network.ext_links31.ext_net_bridge0.power_state
vtype=OBJECT_LINK
[system.ruby.network.ext_links31.ext_net_bridge0.power_state]
[system.ruby.network.ext_links31.ext_net_bridge1]
type=NetworkBridge
link=system.ruby.network.ext_links31.network_links1
link_id=31
link_latency=1
power_state=system.ruby.network.ext_links31.ext_net_bridge1.power_state
vtype=LINK_OBJECT
[system.ruby.network.ext_links31.ext_net_bridge1.power_state]
[system.ruby.network.ext_links31.int_cred_bridge0]
type=NetworkBridge
link=system.ruby.network.ext_links31.credit_links0
link_id=31
link_latency=1
power_state=system.ruby.network.ext_links31.int_cred_bridge0.power_state
vtype=OBJECT_LINK
[system.ruby.network.ext_links31.int_cred_bridge0.power_state]
[system.ruby.network.ext_links31.int_cred_bridge1]
type=NetworkBridge
link=system.ruby.network.ext_links31.credit_links1
link_id=31
link_latency=1
power_state=system.ruby.network.ext_links31.int_cred_bridge1.power_state
vtype=LINK_OBJECT
[system.ruby.network.ext_links31.int_cred_bridge1.power_state]
[system.ruby.network.ext_links31.int_net_bridge0]
type=NetworkBridge
link=system.ruby.network.ext_links31.network_links0
link_id=31
link_latency=1
power_state=system.ruby.network.ext_links31.int_net_bridge0.power_state
vtype=LINK_OBJECT
[system.ruby.network.ext_links31.int_net_bridge0.power_state]
[system.ruby.network.ext_links31.int_net_bridge1]
type=NetworkBridge
link=system.ruby.network.ext_links31.network_links1
link_id=31
link_latency=1
power_state=system.ruby.network.ext_links31.int_net_bridge1.power_state
vtype=OBJECT_LINK
[system.ruby.network.ext_links31.int_net_bridge1.power_state]
[system.ruby.network.ext_links31.network_links0]
type=NetworkLink
link_id=31
link_latency=1
power_state=system.ruby.network.ext_links31.network_links0.power_state
[system.ruby.network.ext_links31.network_links0.power_state]
[system.ruby.network.ext_links31.network_links1]
type=NetworkLink
link_id=31
link_latency=1
power_state=system.ruby.network.ext_links31.network_links1.power_state
[system.ruby.network.ext_links31.network_links1.power_state]
[system.ruby.network.int_links00]
type=GarnetIntLink
children=credit_link dst_cred_bridge dst_net_bridge network_link src_cred_bridge src_net_bridge
credit_link=system.ruby.network.int_links00.credit_link
dst_cred_bridge=system.ruby.network.int_links00.dst_cred_bridge
dst_net_bridge=system.ruby.network.int_links00.dst_net_bridge
dst_node=system.ruby.network.routers01
link_id=32
network_link=system.ruby.network.int_links00.network_link
src_cred_bridge=system.ruby.network.int_links00.src_cred_bridge
src_net_bridge=system.ruby.network.int_links00.src_net_bridge
src_node=system.ruby.network.routers00
[system.ruby.network.int_links00.credit_link]
type=CreditLink
link_id=32
link_latency=1
power_state=system.ruby.network.int_links00.credit_link.power_state
[system.ruby.network.int_links00.credit_link.power_state]
[system.ruby.network.int_links00.dst_cred_bridge]
type=NetworkBridge
link=system.ruby.network.int_links00.credit_link
link_id=32
link_latency=1
power_state=system.ruby.network.int_links00.dst_cred_bridge.power_state
vtype=OBJECT_LINK
[system.ruby.network.int_links00.dst_cred_bridge.power_state]
[system.ruby.network.int_links00.dst_net_bridge]
type=NetworkBridge
link=system.ruby.network.int_links00.network_link
link_id=32
link_latency=1
power_state=system.ruby.network.int_links00.dst_net_bridge.power_state
vtype=LINK_OBJECT
[system.ruby.network.int_links00.dst_net_bridge.power_state]
[system.ruby.network.int_links00.network_link]
type=NetworkLink
link_id=32
link_latency=1
power_state=system.ruby.network.int_links00.network_link.power_state
[system.ruby.network.int_links00.network_link.power_state]
[system.ruby.network.int_links00.src_cred_bridge]
type=NetworkBridge
link=system.ruby.network.int_links00.credit_link
link_id=32
link_latency=1
power_state=system.ruby.network.int_links00.src_cred_bridge.power_state
vtype=LINK_OBJECT
[system.ruby.network.int_links00.src_cred_bridge.power_state]
[system.ruby.network.int_links00.src_net_bridge]
type=NetworkBridge
link=system.ruby.network.int_links00.network_link
link_id=32
link_latency=1
power_state=system.ruby.network.int_links00.src_net_bridge.power_state
vtype=OBJECT_LINK
[system.ruby.network.int_links00.src_net_bridge.power_state]
[system.ruby.network.int_links01]
type=GarnetIntLink
children=credit_link dst_cred_bridge dst_net_bridge network_link src_cred_bridge src_net_bridge
credit_link=system.ruby.network.int_links01.credit_link
dst_cred_bridge=system.ruby.network.int_links01.dst_cred_bridge
dst_net_bridge=system.ruby.network.int_links01.dst_net_bridge
dst_node=system.ruby.network.routers02
link_id=33
network_link=system.ruby.network.int_links01.network_link
src_cred_bridge=system.ruby.network.int_links01.src_cred_bridge
src_net_bridge=system.ruby.network.int_links01.src_net_bridge
src_node=system.ruby.network.routers01
[system.ruby.network.int_links01.credit_link]
type=CreditLink
link_id=33
link_latency=1
power_state=system.ruby.network.int_links01.credit_link.power_state
[system.ruby.network.int_links01.credit_link.power_state]
[system.ruby.network.int_links01.dst_cred_bridge]
type=NetworkBridge
link=system.ruby.network.int_links01.credit_link
link_id=33
link_latency=1
power_state=system.ruby.network.int_links01.dst_cred_bridge.power_state
vtype=OBJECT_LINK
[system.ruby.network.int_links01.dst_cred_bridge.power_state]
[system.ruby.network.int_links01.dst_net_bridge]
type=NetworkBridge
link=system.ruby.network.int_links01.network_link
link_id=33
link_latency=1
power_state=system.ruby.network.int_links01.dst_net_bridge.power_state
vtype=LINK_OBJECT
[system.ruby.network.int_links01.dst_net_bridge.power_state]
[system.ruby.network.int_links01.network_link]
type=NetworkLink
link_id=33
link_latency=1
power_state=system.ruby.network.int_links01.network_link.power_state
[system.ruby.network.int_links01.network_link.power_state]
[system.ruby.network.int_links01.src_cred_bridge]
type=NetworkBridge
link=system.ruby.network.int_links01.credit_link
link_id=33
link_latency=1
power_state=system.ruby.network.int_links01.src_cred_bridge.power_state
vtype=LINK_OBJECT
[system.ruby.network.int_links01.src_cred_bridge.power_state]
[system.ruby.network.int_links01.src_net_bridge]
type=NetworkBridge
link=system.ruby.network.int_links01.network_link
link_id=33
link_latency=1
power_state=system.ruby.network.int_links01.src_net_bridge.power_state
vtype=OBJECT_LINK
[system.ruby.network.int_links01.src_net_bridge.power_state]
[system.ruby.network.int_links02]
type=GarnetIntLink
children=credit_link dst_cred_bridge dst_net_bridge network_link src_cred_bridge src_net_bridge
credit_link=system.ruby.network.int_links02.credit_link
dst_cred_bridge=system.ruby.network.int_links02.dst_cred_bridge
dst_net_bridge=system.ruby.network.int_links02.dst_net_bridge
dst_node=system.ruby.network.routers03
link_id=34
network_link=system.ruby.network.int_links02.network_link
src_cred_bridge=system.ruby.network.int_links02.src_cred_bridge
src_net_bridge=system.ruby.network.int_links02.src_net_bridge
src_node=system.ruby.network.routers02
[system.ruby.network.int_links02.credit_link]
type=CreditLink
link_id=34
link_latency=1
power_state=system.ruby.network.int_links02.credit_link.power_state
[system.ruby.network.int_links02.credit_link.power_state]
[system.ruby.network.int_links02.dst_cred_bridge]
type=NetworkBridge
link=system.ruby.network.int_links02.credit_link
link_id=34
link_latency=1
power_state=system.ruby.network.int_links02.dst_cred_bridge.power_state
vtype=OBJECT_LINK
[system.ruby.network.int_links02.dst_cred_bridge.power_state]
[system.ruby.network.int_links02.dst_net_bridge]
type=NetworkBridge
link=system.ruby.network.int_links02.network_link
link_id=34
link_latency=1
power_state=system.ruby.network.int_links02.dst_net_bridge.power_state
vtype=LINK_OBJECT
[system.ruby.network.int_links02.dst_net_bridge.power_state]
[system.ruby.network.int_links02.network_link]
type=NetworkLink
link_id=34
link_latency=1
power_state=system.ruby.network.int_links02.network_link.power_state
[system.ruby.network.int_links02.network_link.power_state]
[system.ruby.network.int_links02.src_cred_bridge]
type=NetworkBridge
link=system.ruby.network.int_links02.credit_link
link_id=34
link_latency=1
power_state=system.ruby.network.int_links02.src_cred_bridge.power_state
vtype=LINK_OBJECT
[system.ruby.network.int_links02.src_cred_bridge.power_state]
[system.ruby.network.int_links02.src_net_bridge]
type=NetworkBridge
link=system.ruby.network.int_links02.network_link
link_id=34
link_latency=1
power_state=system.ruby.network.int_links02.src_net_bridge.power_state
vtype=OBJECT_LINK
[system.ruby.network.int_links02.src_net_bridge.power_state]
[system.ruby.network.int_links03]
type=GarnetIntLink
children=credit_link dst_cred_bridge dst_net_bridge network_link src_cred_bridge src_net_bridge
credit_link=system.ruby.network.int_links03.credit_link
dst_cred_bridge=system.ruby.network.int_links03.dst_cred_bridge
dst_net_bridge=system.ruby.network.int_links03.dst_net_bridge
dst_node=system.ruby.network.routers05
link_id=35
network_link=system.ruby.network.int_links03.network_link
src_cred_bridge=system.ruby.network.int_links03.src_cred_bridge
src_net_bridge=system.ruby.network.int_links03.src_net_bridge
src_node=system.ruby.network.routers04
[system.ruby.network.int_links03.credit_link]
type=CreditLink
link_id=35
link_latency=1
power_state=system.ruby.network.int_links03.credit_link.power_state
[system.ruby.network.int_links03.credit_link.power_state]
[system.ruby.network.int_links03.dst_cred_bridge]
type=NetworkBridge
link=system.ruby.network.int_links03.credit_link
link_id=35
link_latency=1
power_state=system.ruby.network.int_links03.dst_cred_bridge.power_state
vtype=OBJECT_LINK
[system.ruby.network.int_links03.dst_cred_bridge.power_state]
[system.ruby.network.int_links03.dst_net_bridge]
type=NetworkBridge
link=system.ruby.network.int_links03.network_link
link_id=35
link_latency=1
power_state=system.ruby.network.int_links03.dst_net_bridge.power_state
vtype=LINK_OBJECT
[system.ruby.network.int_links03.dst_net_bridge.power_state]
[system.ruby.network.int_links03.network_link]
type=NetworkLink
link_id=35
link_latency=1
power_state=system.ruby.network.int_links03.network_link.power_state
[system.ruby.network.int_links03.network_link.power_state]
[system.ruby.network.int_links03.src_cred_bridge]
type=NetworkBridge
link=system.ruby.network.int_links03.credit_link
link_id=35
link_latency=1
power_state=system.ruby.network.int_links03.src_cred_bridge.power_state
vtype=LINK_OBJECT
[system.ruby.network.int_links03.src_cred_bridge.power_state]
[system.ruby.network.int_links03.src_net_bridge]
type=NetworkBridge
link=system.ruby.network.int_links03.network_link
link_id=35
link_latency=1
power_state=system.ruby.network.int_links03.src_net_bridge.power_state
vtype=OBJECT_LINK
[system.ruby.network.int_links03.src_net_bridge.power_state]
[system.ruby.network.int_links04]
type=GarnetIntLink
children=credit_link dst_cred_bridge dst_net_bridge network_link src_cred_bridge src_net_bridge
credit_link=system.ruby.network.int_links04.credit_link
dst_cred_bridge=system.ruby.network.int_links04.dst_cred_bridge
dst_net_bridge=system.ruby.network.int_links04.dst_net_bridge
dst_node=system.ruby.network.routers06
link_id=36
network_link=system.ruby.network.int_links04.network_link
src_cred_bridge=system.ruby.network.int_links04.src_cred_bridge
src_net_bridge=system.ruby.network.int_links04.src_net_bridge
src_node=system.ruby.network.routers05
[system.ruby.network.int_links04.credit_link]
type=CreditLink
link_id=36
link_latency=1
power_state=system.ruby.network.int_links04.credit_link.power_state
[system.ruby.network.int_links04.credit_link.power_state]
[system.ruby.network.int_links04.dst_cred_bridge]
type=NetworkBridge
link=system.ruby.network.int_links04.credit_link
link_id=36
link_latency=1
power_state=system.ruby.network.int_links04.dst_cred_bridge.power_state
vtype=OBJECT_LINK
[system.ruby.network.int_links04.dst_cred_bridge.power_state]
[system.ruby.network.int_links04.dst_net_bridge]
type=NetworkBridge
link=system.ruby.network.int_links04.network_link
link_id=36
link_latency=1
power_state=system.ruby.network.int_links04.dst_net_bridge.power_state
vtype=LINK_OBJECT
[system.ruby.network.int_links04.dst_net_bridge.power_state]
[system.ruby.network.int_links04.network_link]
type=NetworkLink
link_id=36
link_latency=1
power_state=system.ruby.network.int_links04.network_link.power_state
[system.ruby.network.int_links04.network_link.power_state]
[system.ruby.network.int_links04.src_cred_bridge]
type=NetworkBridge
link=system.ruby.network.int_links04.credit_link
link_id=36
link_latency=1
power_state=system.ruby.network.int_links04.src_cred_bridge.power_state
vtype=LINK_OBJECT
[system.ruby.network.int_links04.src_cred_bridge.power_state]
[system.ruby.network.int_links04.src_net_bridge]
type=NetworkBridge
link=system.ruby.network.int_links04.network_link
link_id=36
link_latency=1
power_state=system.ruby.network.int_links04.src_net_bridge.power_state
vtype=OBJECT_LINK
[system.ruby.network.int_links04.src_net_bridge.power_state]
[system.ruby.network.int_links05]
type=GarnetIntLink
children=credit_link dst_cred_bridge dst_net_bridge network_link src_cred_bridge src_net_bridge
credit_link=system.ruby.network.int_links05.credit_link
dst_cred_bridge=system.ruby.network.int_links05.dst_cred_bridge
dst_net_bridge=system.ruby.network.int_links05.dst_net_bridge
dst_node=system.ruby.network.routers07
link_id=37
network_link=system.ruby.network.int_links05.network_link
src_cred_bridge=system.ruby.network.int_links05.src_cred_bridge
src_net_bridge=system.ruby.network.int_links05.src_net_bridge
src_node=system.ruby.network.routers06
[system.ruby.network.int_links05.credit_link]
type=CreditLink
link_id=37
link_latency=1
power_state=system.ruby.network.int_links05.credit_link.power_state
[system.ruby.network.int_links05.credit_link.power_state]
[system.ruby.network.int_links05.dst_cred_bridge]
type=NetworkBridge
link=system.ruby.network.int_links05.credit_link
link_id=37
link_latency=1
power_state=system.ruby.network.int_links05.dst_cred_bridge.power_state
vtype=OBJECT_LINK
[system.ruby.network.int_links05.dst_cred_bridge.power_state]
[system.ruby.network.int_links05.dst_net_bridge]
type=NetworkBridge
link=system.ruby.network.int_links05.network_link
link_id=37
link_latency=1
power_state=system.ruby.network.int_links05.dst_net_bridge.power_state
vtype=LINK_OBJECT
[system.ruby.network.int_links05.dst_net_bridge.power_state]
[system.ruby.network.int_links05.network_link]
type=NetworkLink
link_id=37
link_latency=1
power_state=system.ruby.network.int_links05.network_link.power_state
[system.ruby.network.int_links05.network_link.power_state]
[system.ruby.network.int_links05.src_cred_bridge]
type=NetworkBridge
link=system.ruby.network.int_links05.credit_link
link_id=37
link_latency=1
power_state=system.ruby.network.int_links05.src_cred_bridge.power_state
vtype=LINK_OBJECT
[system.ruby.network.int_links05.src_cred_bridge.power_state]
[system.ruby.network.int_links05.src_net_bridge]
type=NetworkBridge
link=system.ruby.network.int_links05.network_link
link_id=37
link_latency=1
power_state=system.ruby.network.int_links05.src_net_bridge.power_state
vtype=OBJECT_LINK
[system.ruby.network.int_links05.src_net_bridge.power_state]
[system.ruby.network.int_links06]
type=GarnetIntLink
children=credit_link dst_cred_bridge dst_net_bridge network_link src_cred_bridge src_net_bridge
credit_link=system.ruby.network.int_links06.credit_link
dst_cred_bridge=system.ruby.network.int_links06.dst_cred_bridge
dst_net_bridge=system.ruby.network.int_links06.dst_net_bridge
dst_node=system.ruby.network.routers09
link_id=38
network_link=system.ruby.network.int_links06.network_link
src_cred_bridge=system.ruby.network.int_links06.src_cred_bridge
src_net_bridge=system.ruby.network.int_links06.src_net_bridge
src_node=system.ruby.network.routers08
[system.ruby.network.int_links06.credit_link]
type=CreditLink
link_id=38
link_latency=1
power_state=system.ruby.network.int_links06.credit_link.power_state
[system.ruby.network.int_links06.credit_link.power_state]
[system.ruby.network.int_links06.dst_cred_bridge]
type=NetworkBridge
link=system.ruby.network.int_links06.credit_link
link_id=38
link_latency=1
power_state=system.ruby.network.int_links06.dst_cred_bridge.power_state
vtype=OBJECT_LINK
[system.ruby.network.int_links06.dst_cred_bridge.power_state]
[system.ruby.network.int_links06.dst_net_bridge]
type=NetworkBridge
link=system.ruby.network.int_links06.network_link
link_id=38
link_latency=1
power_state=system.ruby.network.int_links06.dst_net_bridge.power_state
vtype=LINK_OBJECT
[system.ruby.network.int_links06.dst_net_bridge.power_state]
[system.ruby.network.int_links06.network_link]
type=NetworkLink
link_id=38
link_latency=1
power_state=system.ruby.network.int_links06.network_link.power_state
[system.ruby.network.int_links06.network_link.power_state]
[system.ruby.network.int_links06.src_cred_bridge]
type=NetworkBridge
link=system.ruby.network.int_links06.credit_link
link_id=38
link_latency=1
power_state=system.ruby.network.int_links06.src_cred_bridge.power_state
vtype=LINK_OBJECT
[system.ruby.network.int_links06.src_cred_bridge.power_state]
[system.ruby.network.int_links06.src_net_bridge]
type=NetworkBridge
link=system.ruby.network.int_links06.network_link
link_id=38
link_latency=1
power_state=system.ruby.network.int_links06.src_net_bridge.power_state
vtype=OBJECT_LINK
[system.ruby.network.int_links06.src_net_bridge.power_state]
[system.ruby.network.int_links07]
type=GarnetIntLink
children=credit_link dst_cred_bridge dst_net_bridge network_link src_cred_bridge src_net_bridge
credit_link=system.ruby.network.int_links07.credit_link
dst_cred_bridge=system.ruby.network.int_links07.dst_cred_bridge
dst_net_bridge=system.ruby.network.int_links07.dst_net_bridge
dst_node=system.ruby.network.routers10
link_id=39
network_link=system.ruby.network.int_links07.network_link
src_cred_bridge=system.ruby.network.int_links07.src_cred_bridge
src_net_bridge=system.ruby.network.int_links07.src_net_bridge
src_node=system.ruby.network.routers09
[system.ruby.network.int_links07.credit_link]
type=CreditLink
link_id=39
link_latency=1
power_state=system.ruby.network.int_links07.credit_link.power_state
[system.ruby.network.int_links07.credit_link.power_state]
[system.ruby.network.int_links07.dst_cred_bridge]
type=NetworkBridge
link=system.ruby.network.int_links07.credit_link
link_id=39
link_latency=1
power_state=system.ruby.network.int_links07.dst_cred_bridge.power_state
vtype=OBJECT_LINK
[system.ruby.network.int_links07.dst_cred_bridge.power_state]
[system.ruby.network.int_links07.dst_net_bridge]
type=NetworkBridge
link=system.ruby.network.int_links07.network_link
link_id=39
link_latency=1
power_state=system.ruby.network.int_links07.dst_net_bridge.power_state
vtype=LINK_OBJECT
[system.ruby.network.int_links07.dst_net_bridge.power_state]
[system.ruby.network.int_links07.network_link]
type=NetworkLink
link_id=39
link_latency=1
power_state=system.ruby.network.int_links07.network_link.power_state
[system.ruby.network.int_links07.network_link.power_state]
[system.ruby.network.int_links07.src_cred_bridge]
type=NetworkBridge
link=system.ruby.network.int_links07.credit_link
link_id=39
link_latency=1
power_state=system.ruby.network.int_links07.src_cred_bridge.power_state
vtype=LINK_OBJECT
[system.ruby.network.int_links07.src_cred_bridge.power_state]
[system.ruby.network.int_links07.src_net_bridge]
type=NetworkBridge
link=system.ruby.network.int_links07.network_link
link_id=39
link_latency=1
power_state=system.ruby.network.int_links07.src_net_bridge.power_state
vtype=OBJECT_LINK
[system.ruby.network.int_links07.src_net_bridge.power_state]
[system.ruby.network.int_links08]
type=GarnetIntLink
children=credit_link dst_cred_bridge dst_net_bridge network_link src_cred_bridge src_net_bridge
credit_link=system.ruby.network.int_links08.credit_link
dst_cred_bridge=system.ruby.network.int_links08.dst_cred_bridge
dst_net_bridge=system.ruby.network.int_links08.dst_net_bridge
dst_node=system.ruby.network.routers11
link_id=40
network_link=system.ruby.network.int_links08.network_link
src_cred_bridge=system.ruby.network.int_links08.src_cred_bridge
src_net_bridge=system.ruby.network.int_links08.src_net_bridge
src_node=system.ruby.network.routers10
[system.ruby.network.int_links08.credit_link]
type=CreditLink
link_id=40
link_latency=1
power_state=system.ruby.network.int_links08.credit_link.power_state
[system.ruby.network.int_links08.credit_link.power_state]
[system.ruby.network.int_links08.dst_cred_bridge]
type=NetworkBridge
link=system.ruby.network.int_links08.credit_link
link_id=40
link_latency=1
power_state=system.ruby.network.int_links08.dst_cred_bridge.power_state
vtype=OBJECT_LINK
[system.ruby.network.int_links08.dst_cred_bridge.power_state]
[system.ruby.network.int_links08.dst_net_bridge]
type=NetworkBridge
link=system.ruby.network.int_links08.network_link
link_id=40
link_latency=1
power_state=system.ruby.network.int_links08.dst_net_bridge.power_state
vtype=LINK_OBJECT
[system.ruby.network.int_links08.dst_net_bridge.power_state]
[system.ruby.network.int_links08.network_link]
type=NetworkLink
link_id=40
link_latency=1
power_state=system.ruby.network.int_links08.network_link.power_state
[system.ruby.network.int_links08.network_link.power_state]
[system.ruby.network.int_links08.src_cred_bridge]
type=NetworkBridge
link=system.ruby.network.int_links08.credit_link
link_id=40
link_latency=1
power_state=system.ruby.network.int_links08.src_cred_bridge.power_state
vtype=LINK_OBJECT
[system.ruby.network.int_links08.src_cred_bridge.power_state]
[system.ruby.network.int_links08.src_net_bridge]
type=NetworkBridge
link=system.ruby.network.int_links08.network_link
link_id=40
link_latency=1
power_state=system.ruby.network.int_links08.src_net_bridge.power_state
vtype=OBJECT_LINK
[system.ruby.network.int_links08.src_net_bridge.power_state]
[system.ruby.network.int_links09]
type=GarnetIntLink
children=credit_link dst_cred_bridge dst_net_bridge network_link src_cred_bridge src_net_bridge
credit_link=system.ruby.network.int_links09.credit_link
dst_cred_bridge=system.ruby.network.int_links09.dst_cred_bridge
dst_net_bridge=system.ruby.network.int_links09.dst_net_bridge
dst_node=system.ruby.network.routers13
link_id=41
network_link=system.ruby.network.int_links09.network_link
src_cred_bridge=system.ruby.network.int_links09.src_cred_bridge
src_net_bridge=system.ruby.network.int_links09.src_net_bridge
src_node=system.ruby.network.routers12
[system.ruby.network.int_links09.credit_link]
type=CreditLink
link_id=41
link_latency=1
power_state=system.ruby.network.int_links09.credit_link.power_state
[system.ruby.network.int_links09.credit_link.power_state]
[system.ruby.network.int_links09.dst_cred_bridge]
type=NetworkBridge
link=system.ruby.network.int_links09.credit_link
link_id=41
link_latency=1
power_state=system.ruby.network.int_links09.dst_cred_bridge.power_state
vtype=OBJECT_LINK
[system.ruby.network.int_links09.dst_cred_bridge.power_state]
[system.ruby.network.int_links09.dst_net_bridge]
type=NetworkBridge
link=system.ruby.network.int_links09.network_link
link_id=41
link_latency=1
power_state=system.ruby.network.int_links09.dst_net_bridge.power_state
vtype=LINK_OBJECT
[system.ruby.network.int_links09.dst_net_bridge.power_state]
[system.ruby.network.int_links09.network_link]
type=NetworkLink
link_id=41
link_latency=1
power_state=system.ruby.network.int_links09.network_link.power_state
[system.ruby.network.int_links09.network_link.power_state]
[system.ruby.network.int_links09.src_cred_bridge]
type=NetworkBridge
link=system.ruby.network.int_links09.credit_link
link_id=41
link_latency=1
power_state=system.ruby.network.int_links09.src_cred_bridge.power_state
vtype=LINK_OBJECT
[system.ruby.network.int_links09.src_cred_bridge.power_state]
[system.ruby.network.int_links09.src_net_bridge]
type=NetworkBridge
link=system.ruby.network.int_links09.network_link
link_id=41
link_latency=1
power_state=system.ruby.network.int_links09.src_net_bridge.power_state
vtype=OBJECT_LINK
[system.ruby.network.int_links09.src_net_bridge.power_state]
[system.ruby.network.int_links10]
type=GarnetIntLink
children=credit_link dst_cred_bridge dst_net_bridge network_link src_cred_bridge src_net_bridge
credit_link=system.ruby.network.int_links10.credit_link
dst_cred_bridge=system.ruby.network.int_links10.dst_cred_bridge
dst_net_bridge=system.ruby.network.int_links10.dst_net_bridge
dst_node=system.ruby.network.routers14
link_id=42
network_link=system.ruby.network.int_links10.network_link
src_cred_bridge=system.ruby.network.int_links10.src_cred_bridge
src_net_bridge=system.ruby.network.int_links10.src_net_bridge
src_node=system.ruby.network.routers13
[system.ruby.network.int_links10.credit_link]
type=CreditLink
link_id=42
link_latency=1
power_state=system.ruby.network.int_links10.credit_link.power_state
[system.ruby.network.int_links10.credit_link.power_state]
[system.ruby.network.int_links10.dst_cred_bridge]
type=NetworkBridge
link=system.ruby.network.int_links10.credit_link
link_id=42
link_latency=1
power_state=system.ruby.network.int_links10.dst_cred_bridge.power_state
vtype=OBJECT_LINK
[system.ruby.network.int_links10.dst_cred_bridge.power_state]
[system.ruby.network.int_links10.dst_net_bridge]
type=NetworkBridge
link=system.ruby.network.int_links10.network_link
link_id=42
link_latency=1
power_state=system.ruby.network.int_links10.dst_net_bridge.power_state
vtype=LINK_OBJECT
[system.ruby.network.int_links10.dst_net_bridge.power_state]
[system.ruby.network.int_links10.network_link]
type=NetworkLink
link_id=42
link_latency=1
power_state=system.ruby.network.int_links10.network_link.power_state
[system.ruby.network.int_links10.network_link.power_state]
[system.ruby.network.int_links10.src_cred_bridge]
type=NetworkBridge
link=system.ruby.network.int_links10.credit_link
link_id=42
link_latency=1
power_state=system.ruby.network.int_links10.src_cred_bridge.power_state
vtype=LINK_OBJECT
[system.ruby.network.int_links10.src_cred_bridge.power_state]
[system.ruby.network.int_links10.src_net_bridge]
type=NetworkBridge
link=system.ruby.network.int_links10.network_link
link_id=42
link_latency=1
power_state=system.ruby.network.int_links10.src_net_bridge.power_state
vtype=OBJECT_LINK
[system.ruby.network.int_links10.src_net_bridge.power_state]
[system.ruby.network.int_links11]
type=GarnetIntLink
children=credit_link dst_cred_bridge dst_net_bridge network_link src_cred_bridge src_net_bridge
credit_link=system.ruby.network.int_links11.credit_link
dst_cred_bridge=system.ruby.network.int_links11.dst_cred_bridge
dst_net_bridge=system.ruby.network.int_links11.dst_net_bridge
dst_node=system.ruby.network.routers15
link_id=43
network_link=system.ruby.network.int_links11.network_link
src_cred_bridge=system.ruby.network.int_links11.src_cred_bridge
src_net_bridge=system.ruby.network.int_links11.src_net_bridge
src_node=system.ruby.network.routers14
[system.ruby.network.int_links11.credit_link]
type=CreditLink
link_id=43
link_latency=1
power_state=system.ruby.network.int_links11.credit_link.power_state
[system.ruby.network.int_links11.credit_link.power_state]
[system.ruby.network.int_links11.dst_cred_bridge]
type=NetworkBridge
link=system.ruby.network.int_links11.credit_link
link_id=43
link_latency=1
power_state=system.ruby.network.int_links11.dst_cred_bridge.power_state
vtype=OBJECT_LINK
[system.ruby.network.int_links11.dst_cred_bridge.power_state]
[system.ruby.network.int_links11.dst_net_bridge]
type=NetworkBridge
link=system.ruby.network.int_links11.network_link
link_id=43
link_latency=1
power_state=system.ruby.network.int_links11.dst_net_bridge.power_state
vtype=LINK_OBJECT
[system.ruby.network.int_links11.dst_net_bridge.power_state]
[system.ruby.network.int_links11.network_link]
type=NetworkLink
link_id=43
link_latency=1
power_state=system.ruby.network.int_links11.network_link.power_state
[system.ruby.network.int_links11.network_link.power_state]
[system.ruby.network.int_links11.src_cred_bridge]
type=NetworkBridge
link=system.ruby.network.int_links11.credit_link
link_id=43
link_latency=1
power_state=system.ruby.network.int_links11.src_cred_bridge.power_state
vtype=LINK_OBJECT
[system.ruby.network.int_links11.src_cred_bridge.power_state]
[system.ruby.network.int_links11.src_net_bridge]
type=NetworkBridge
link=system.ruby.network.int_links11.network_link
link_id=43
link_latency=1
power_state=system.ruby.network.int_links11.src_net_bridge.power_state
vtype=OBJECT_LINK
[system.ruby.network.int_links11.src_net_bridge.power_state]
[system.ruby.network.int_links12]
type=GarnetIntLink
children=credit_link dst_cred_bridge dst_net_bridge network_link src_cred_bridge src_net_bridge
credit_link=system.ruby.network.int_links12.credit_link
dst_cred_bridge=system.ruby.network.int_links12.dst_cred_bridge
dst_net_bridge=system.ruby.network.int_links12.dst_net_bridge
dst_node=system.ruby.network.routers00
link_id=44
network_link=system.ruby.network.int_links12.network_link
src_cred_bridge=system.ruby.network.int_links12.src_cred_bridge
src_net_bridge=system.ruby.network.int_links12.src_net_bridge
src_node=system.ruby.network.routers01
[system.ruby.network.int_links12.credit_link]
type=CreditLink
link_id=44
link_latency=1
power_state=system.ruby.network.int_links12.credit_link.power_state
[system.ruby.network.int_links12.credit_link.power_state]
[system.ruby.network.int_links12.dst_cred_bridge]
type=NetworkBridge
link=system.ruby.network.int_links12.credit_link
link_id=44
link_latency=1
power_state=system.ruby.network.int_links12.dst_cred_bridge.power_state
vtype=OBJECT_LINK
[system.ruby.network.int_links12.dst_cred_bridge.power_state]
[system.ruby.network.int_links12.dst_net_bridge]
type=NetworkBridge
link=system.ruby.network.int_links12.network_link
link_id=44
link_latency=1
power_state=system.ruby.network.int_links12.dst_net_bridge.power_state
vtype=LINK_OBJECT
[system.ruby.network.int_links12.dst_net_bridge.power_state]
[system.ruby.network.int_links12.network_link]
type=NetworkLink
link_id=44
link_latency=1
power_state=system.ruby.network.int_links12.network_link.power_state
[system.ruby.network.int_links12.network_link.power_state]
[system.ruby.network.int_links12.src_cred_bridge]
type=NetworkBridge
link=system.ruby.network.int_links12.credit_link
link_id=44
link_latency=1
power_state=system.ruby.network.int_links12.src_cred_bridge.power_state
vtype=LINK_OBJECT
[system.ruby.network.int_links12.src_cred_bridge.power_state]
[system.ruby.network.int_links12.src_net_bridge]
type=NetworkBridge
link=system.ruby.network.int_links12.network_link
link_id=44
link_latency=1
power_state=system.ruby.network.int_links12.src_net_bridge.power_state
vtype=OBJECT_LINK
[system.ruby.network.int_links12.src_net_bridge.power_state]
[system.ruby.network.int_links13]
type=GarnetIntLink
children=credit_link dst_cred_bridge dst_net_bridge network_link src_cred_bridge src_net_bridge
credit_link=system.ruby.network.int_links13.credit_link
dst_cred_bridge=system.ruby.network.int_links13.dst_cred_bridge
dst_net_bridge=system.ruby.network.int_links13.dst_net_bridge
dst_node=system.ruby.network.routers01
link_id=45
network_link=system.ruby.network.int_links13.network_link
src_cred_bridge=system.ruby.network.int_links13.src_cred_bridge
src_net_bridge=system.ruby.network.int_links13.src_net_bridge
src_node=system.ruby.network.routers02
[system.ruby.network.int_links13.credit_link]
type=CreditLink
link_id=45
link_latency=1
power_state=system.ruby.network.int_links13.credit_link.power_state
[system.ruby.network.int_links13.credit_link.power_state]
[system.ruby.network.int_links13.dst_cred_bridge]
type=NetworkBridge
link=system.ruby.network.int_links13.credit_link
link_id=45
link_latency=1
power_state=system.ruby.network.int_links13.dst_cred_bridge.power_state
vtype=OBJECT_LINK
[system.ruby.network.int_links13.dst_cred_bridge.power_state]
[system.ruby.network.int_links13.dst_net_bridge]
type=NetworkBridge
link=system.ruby.network.int_links13.network_link
link_id=45
link_latency=1
power_state=system.ruby.network.int_links13.dst_net_bridge.power_state
vtype=LINK_OBJECT
[system.ruby.network.int_links13.dst_net_bridge.power_state]
[system.ruby.network.int_links13.network_link]
type=NetworkLink
link_id=45
link_latency=1
power_state=system.ruby.network.int_links13.network_link.power_state
[system.ruby.network.int_links13.network_link.power_state]
[system.ruby.network.int_links13.src_cred_bridge]
type=NetworkBridge
link=system.ruby.network.int_links13.credit_link
link_id=45
link_latency=1
power_state=system.ruby.network.int_links13.src_cred_bridge.power_state
vtype=LINK_OBJECT
[system.ruby.network.int_links13.src_cred_bridge.power_state]
[system.ruby.network.int_links13.src_net_bridge]
type=NetworkBridge
link=system.ruby.network.int_links13.network_link
link_id=45
link_latency=1
power_state=system.ruby.network.int_links13.src_net_bridge.power_state
vtype=OBJECT_LINK
[system.ruby.network.int_links13.src_net_bridge.power_state]
[system.ruby.network.int_links14]
type=GarnetIntLink
children=credit_link dst_cred_bridge dst_net_bridge network_link src_cred_bridge src_net_bridge
credit_link=system.ruby.network.int_links14.credit_link
dst_cred_bridge=system.ruby.network.int_links14.dst_cred_bridge
dst_net_bridge=system.ruby.network.int_links14.dst_net_bridge
dst_node=system.ruby.network.routers02
link_id=46
network_link=system.ruby.network.int_links14.network_link
src_cred_bridge=system.ruby.network.int_links14.src_cred_bridge
src_net_bridge=system.ruby.network.int_links14.src_net_bridge
src_node=system.ruby.network.routers03
[system.ruby.network.int_links14.credit_link]
type=CreditLink
link_id=46
link_latency=1
power_state=system.ruby.network.int_links14.credit_link.power_state
[system.ruby.network.int_links14.credit_link.power_state]
[system.ruby.network.int_links14.dst_cred_bridge]
type=NetworkBridge
link=system.ruby.network.int_links14.credit_link
link_id=46
link_latency=1
power_state=system.ruby.network.int_links14.dst_cred_bridge.power_state
vtype=OBJECT_LINK
[system.ruby.network.int_links14.dst_cred_bridge.power_state]
[system.ruby.network.int_links14.dst_net_bridge]
type=NetworkBridge
link=system.ruby.network.int_links14.network_link
link_id=46
link_latency=1
power_state=system.ruby.network.int_links14.dst_net_bridge.power_state
vtype=LINK_OBJECT
[system.ruby.network.int_links14.dst_net_bridge.power_state]
[system.ruby.network.int_links14.network_link]
type=NetworkLink
link_id=46
link_latency=1
power_state=system.ruby.network.int_links14.network_link.power_state
[system.ruby.network.int_links14.network_link.power_state]
[system.ruby.network.int_links14.src_cred_bridge]
type=NetworkBridge
link=system.ruby.network.int_links14.credit_link
link_id=46
link_latency=1
power_state=system.ruby.network.int_links14.src_cred_bridge.power_state
vtype=LINK_OBJECT
[system.ruby.network.int_links14.src_cred_bridge.power_state]
[system.ruby.network.int_links14.src_net_bridge]
type=NetworkBridge
link=system.ruby.network.int_links14.network_link
link_id=46
link_latency=1
power_state=system.ruby.network.int_links14.src_net_bridge.power_state
vtype=OBJECT_LINK
[system.ruby.network.int_links14.src_net_bridge.power_state]
[system.ruby.network.int_links15]
type=GarnetIntLink
children=credit_link dst_cred_bridge dst_net_bridge network_link src_cred_bridge src_net_bridge
credit_link=system.ruby.network.int_links15.credit_link
dst_cred_bridge=system.ruby.network.int_links15.dst_cred_bridge
dst_net_bridge=system.ruby.network.int_links15.dst_net_bridge
dst_node=system.ruby.network.routers04
link_id=47
network_link=system.ruby.network.int_links15.network_link
src_cred_bridge=system.ruby.network.int_links15.src_cred_bridge
src_net_bridge=system.ruby.network.int_links15.src_net_bridge
src_node=system.ruby.network.routers05
[system.ruby.network.int_links15.credit_link]
type=CreditLink
link_id=47
link_latency=1
power_state=system.ruby.network.int_links15.credit_link.power_state
[system.ruby.network.int_links15.credit_link.power_state]
[system.ruby.network.int_links15.dst_cred_bridge]
type=NetworkBridge
link=system.ruby.network.int_links15.credit_link
link_id=47
link_latency=1
power_state=system.ruby.network.int_links15.dst_cred_bridge.power_state
vtype=OBJECT_LINK
[system.ruby.network.int_links15.dst_cred_bridge.power_state]
[system.ruby.network.int_links15.dst_net_bridge]
type=NetworkBridge
link=system.ruby.network.int_links15.network_link
link_id=47
link_latency=1
power_state=system.ruby.network.int_links15.dst_net_bridge.power_state
vtype=LINK_OBJECT
[system.ruby.network.int_links15.dst_net_bridge.power_state]
[system.ruby.network.int_links15.network_link]
type=NetworkLink
link_id=47
link_latency=1
power_state=system.ruby.network.int_links15.network_link.power_state
[system.ruby.network.int_links15.network_link.power_state]
[system.ruby.network.int_links15.src_cred_bridge]
type=NetworkBridge
link=system.ruby.network.int_links15.credit_link
link_id=47
link_latency=1
power_state=system.ruby.network.int_links15.src_cred_bridge.power_state
vtype=LINK_OBJECT
[system.ruby.network.int_links15.src_cred_bridge.power_state]
[system.ruby.network.int_links15.src_net_bridge]
type=NetworkBridge
link=system.ruby.network.int_links15.network_link
link_id=47
link_latency=1
power_state=system.ruby.network.int_links15.src_net_bridge.power_state
vtype=OBJECT_LINK
[system.ruby.network.int_links15.src_net_bridge.power_state]
[system.ruby.network.int_links16]
type=GarnetIntLink
children=credit_link dst_cred_bridge dst_net_bridge network_link src_cred_bridge src_net_bridge
credit_link=system.ruby.network.int_links16.credit_link
dst_cred_bridge=system.ruby.network.int_links16.dst_cred_bridge
dst_net_bridge=system.ruby.network.int_links16.dst_net_bridge
dst_node=system.ruby.network.routers05
link_id=48
network_link=system.ruby.network.int_links16.network_link
src_cred_bridge=system.ruby.network.int_links16.src_cred_bridge
src_net_bridge=system.ruby.network.int_links16.src_net_bridge
src_node=system.ruby.network.routers06
[system.ruby.network.int_links16.credit_link]
type=CreditLink
link_id=48
link_latency=1
power_state=system.ruby.network.int_links16.credit_link.power_state
[system.ruby.network.int_links16.credit_link.power_state]
[system.ruby.network.int_links16.dst_cred_bridge]
type=NetworkBridge
link=system.ruby.network.int_links16.credit_link
link_id=48
link_latency=1
power_state=system.ruby.network.int_links16.dst_cred_bridge.power_state
vtype=OBJECT_LINK
[system.ruby.network.int_links16.dst_cred_bridge.power_state]
[system.ruby.network.int_links16.dst_net_bridge]
type=NetworkBridge
link=system.ruby.network.int_links16.network_link
link_id=48
link_latency=1
power_state=system.ruby.network.int_links16.dst_net_bridge.power_state
vtype=LINK_OBJECT
[system.ruby.network.int_links16.dst_net_bridge.power_state]
[system.ruby.network.int_links16.network_link]
type=NetworkLink
link_id=48
link_latency=1
power_state=system.ruby.network.int_links16.network_link.power_state
[system.ruby.network.int_links16.network_link.power_state]
[system.ruby.network.int_links16.src_cred_bridge]
type=NetworkBridge
link=system.ruby.network.int_links16.credit_link
link_id=48
link_latency=1
power_state=system.ruby.network.int_links16.src_cred_bridge.power_state
vtype=LINK_OBJECT
[system.ruby.network.int_links16.src_cred_bridge.power_state]
[system.ruby.network.int_links16.src_net_bridge]
type=NetworkBridge
link=system.ruby.network.int_links16.network_link
link_id=48
link_latency=1
power_state=system.ruby.network.int_links16.src_net_bridge.power_state
vtype=OBJECT_LINK
[system.ruby.network.int_links16.src_net_bridge.power_state]
[system.ruby.network.int_links17]
type=GarnetIntLink
children=credit_link dst_cred_bridge dst_net_bridge network_link src_cred_bridge src_net_bridge
credit_link=system.ruby.network.int_links17.credit_link
dst_cred_bridge=system.ruby.network.int_links17.dst_cred_bridge
dst_net_bridge=system.ruby.network.int_links17.dst_net_bridge
dst_node=system.ruby.network.routers06
link_id=49
network_link=system.ruby.network.int_links17.network_link
src_cred_bridge=system.ruby.network.int_links17.src_cred_bridge
src_net_bridge=system.ruby.network.int_links17.src_net_bridge
src_node=system.ruby.network.routers07
[system.ruby.network.int_links17.credit_link]
type=CreditLink
link_id=49
link_latency=1
power_state=system.ruby.network.int_links17.credit_link.power_state
[system.ruby.network.int_links17.credit_link.power_state]
[system.ruby.network.int_links17.dst_cred_bridge]
type=NetworkBridge
link=system.ruby.network.int_links17.credit_link
link_id=49
link_latency=1
power_state=system.ruby.network.int_links17.dst_cred_bridge.power_state
vtype=OBJECT_LINK
[system.ruby.network.int_links17.dst_cred_bridge.power_state]
[system.ruby.network.int_links17.dst_net_bridge]
type=NetworkBridge
link=system.ruby.network.int_links17.network_link
link_id=49
link_latency=1
power_state=system.ruby.network.int_links17.dst_net_bridge.power_state
vtype=LINK_OBJECT
[system.ruby.network.int_links17.dst_net_bridge.power_state]
[system.ruby.network.int_links17.network_link]
type=NetworkLink
link_id=49
link_latency=1
power_state=system.ruby.network.int_links17.network_link.power_state
[system.ruby.network.int_links17.network_link.power_state]
[system.ruby.network.int_links17.src_cred_bridge]
type=NetworkBridge
link=system.ruby.network.int_links17.credit_link
link_id=49
link_latency=1
power_state=system.ruby.network.int_links17.src_cred_bridge.power_state
vtype=LINK_OBJECT
[system.ruby.network.int_links17.src_cred_bridge.power_state]
[system.ruby.network.int_links17.src_net_bridge]
type=NetworkBridge
link=system.ruby.network.int_links17.network_link
link_id=49
link_latency=1
power_state=system.ruby.network.int_links17.src_net_bridge.power_state
vtype=OBJECT_LINK
[system.ruby.network.int_links17.src_net_bridge.power_state]
[system.ruby.network.int_links18]
type=GarnetIntLink
children=credit_link dst_cred_bridge dst_net_bridge network_link src_cred_bridge src_net_bridge
credit_link=system.ruby.network.int_links18.credit_link
dst_cred_bridge=system.ruby.network.int_links18.dst_cred_bridge
dst_net_bridge=system.ruby.network.int_links18.dst_net_bridge
dst_node=system.ruby.network.routers08
link_id=50
network_link=system.ruby.network.int_links18.network_link
src_cred_bridge=system.ruby.network.int_links18.src_cred_bridge
src_net_bridge=system.ruby.network.int_links18.src_net_bridge
src_node=system.ruby.network.routers09
[system.ruby.network.int_links18.credit_link]
type=CreditLink
link_id=50
link_latency=1
power_state=system.ruby.network.int_links18.credit_link.power_state
[system.ruby.network.int_links18.credit_link.power_state]
[system.ruby.network.int_links18.dst_cred_bridge]
type=NetworkBridge
link=system.ruby.network.int_links18.credit_link
link_id=50
link_latency=1
power_state=system.ruby.network.int_links18.dst_cred_bridge.power_state
vtype=OBJECT_LINK
[system.ruby.network.int_links18.dst_cred_bridge.power_state]
[system.ruby.network.int_links18.dst_net_bridge]
type=NetworkBridge
link=system.ruby.network.int_links18.network_link
link_id=50
link_latency=1
power_state=system.ruby.network.int_links18.dst_net_bridge.power_state
vtype=LINK_OBJECT
[system.ruby.network.int_links18.dst_net_bridge.power_state]
[system.ruby.network.int_links18.network_link]
type=NetworkLink
link_id=50
link_latency=1
power_state=system.ruby.network.int_links18.network_link.power_state
[system.ruby.network.int_links18.network_link.power_state]
[system.ruby.network.int_links18.src_cred_bridge]
type=NetworkBridge
link=system.ruby.network.int_links18.credit_link
link_id=50
link_latency=1
power_state=system.ruby.network.int_links18.src_cred_bridge.power_state
vtype=LINK_OBJECT
[system.ruby.network.int_links18.src_cred_bridge.power_state]
[system.ruby.network.int_links18.src_net_bridge]
type=NetworkBridge
link=system.ruby.network.int_links18.network_link
link_id=50
link_latency=1
power_state=system.ruby.network.int_links18.src_net_bridge.power_state
vtype=OBJECT_LINK
[system.ruby.network.int_links18.src_net_bridge.power_state]
[system.ruby.network.int_links19]
type=GarnetIntLink
children=credit_link dst_cred_bridge dst_net_bridge network_link src_cred_bridge src_net_bridge
credit_link=system.ruby.network.int_links19.credit_link
dst_cred_bridge=system.ruby.network.int_links19.dst_cred_bridge
dst_net_bridge=system.ruby.network.int_links19.dst_net_bridge
dst_node=system.ruby.network.routers09
link_id=51
network_link=system.ruby.network.int_links19.network_link
src_cred_bridge=system.ruby.network.int_links19.src_cred_bridge
src_net_bridge=system.ruby.network.int_links19.src_net_bridge
src_node=system.ruby.network.routers10
[system.ruby.network.int_links19.credit_link]
type=CreditLink
link_id=51
link_latency=1
power_state=system.ruby.network.int_links19.credit_link.power_state
[system.ruby.network.int_links19.credit_link.power_state]
[system.ruby.network.int_links19.dst_cred_bridge]
type=NetworkBridge
link=system.ruby.network.int_links19.credit_link
link_id=51
link_latency=1
power_state=system.ruby.network.int_links19.dst_cred_bridge.power_state
vtype=OBJECT_LINK
[system.ruby.network.int_links19.dst_cred_bridge.power_state]
[system.ruby.network.int_links19.dst_net_bridge]
type=NetworkBridge
link=system.ruby.network.int_links19.network_link
link_id=51
link_latency=1
power_state=system.ruby.network.int_links19.dst_net_bridge.power_state
vtype=LINK_OBJECT
[system.ruby.network.int_links19.dst_net_bridge.power_state]
[system.ruby.network.int_links19.network_link]
type=NetworkLink
link_id=51
link_latency=1
power_state=system.ruby.network.int_links19.network_link.power_state
[system.ruby.network.int_links19.network_link.power_state]
[system.ruby.network.int_links19.src_cred_bridge]
type=NetworkBridge
link=system.ruby.network.int_links19.credit_link
link_id=51
link_latency=1
power_state=system.ruby.network.int_links19.src_cred_bridge.power_state
vtype=LINK_OBJECT
[system.ruby.network.int_links19.src_cred_bridge.power_state]
[system.ruby.network.int_links19.src_net_bridge]
type=NetworkBridge
link=system.ruby.network.int_links19.network_link
link_id=51
link_latency=1
power_state=system.ruby.network.int_links19.src_net_bridge.power_state
vtype=OBJECT_LINK
[system.ruby.network.int_links19.src_net_bridge.power_state]
[system.ruby.network.int_links20]
type=GarnetIntLink
children=credit_link dst_cred_bridge dst_net_bridge network_link src_cred_bridge src_net_bridge
credit_link=system.ruby.network.int_links20.credit_link
dst_cred_bridge=system.ruby.network.int_links20.dst_cred_bridge
dst_net_bridge=system.ruby.network.int_links20.dst_net_bridge
dst_node=system.ruby.network.routers10
link_id=52
network_link=system.ruby.network.int_links20.network_link
src_cred_bridge=system.ruby.network.int_links20.src_cred_bridge
src_net_bridge=system.ruby.network.int_links20.src_net_bridge
src_node=system.ruby.network.routers11
[system.ruby.network.int_links20.credit_link]
type=CreditLink
link_id=52
link_latency=1
power_state=system.ruby.network.int_links20.credit_link.power_state
[system.ruby.network.int_links20.credit_link.power_state]
[system.ruby.network.int_links20.dst_cred_bridge]
type=NetworkBridge
link=system.ruby.network.int_links20.credit_link
link_id=52
link_latency=1
power_state=system.ruby.network.int_links20.dst_cred_bridge.power_state
vtype=OBJECT_LINK
[system.ruby.network.int_links20.dst_cred_bridge.power_state]
[system.ruby.network.int_links20.dst_net_bridge]
type=NetworkBridge
link=system.ruby.network.int_links20.network_link
link_id=52
link_latency=1
power_state=system.ruby.network.int_links20.dst_net_bridge.power_state
vtype=LINK_OBJECT
[system.ruby.network.int_links20.dst_net_bridge.power_state]
[system.ruby.network.int_links20.network_link]
type=NetworkLink
link_id=52
link_latency=1
power_state=system.ruby.network.int_links20.network_link.power_state
[system.ruby.network.int_links20.network_link.power_state]
[system.ruby.network.int_links20.src_cred_bridge]
type=NetworkBridge
link=system.ruby.network.int_links20.credit_link
link_id=52
link_latency=1
power_state=system.ruby.network.int_links20.src_cred_bridge.power_state
vtype=LINK_OBJECT
[system.ruby.network.int_links20.src_cred_bridge.power_state]
[system.ruby.network.int_links20.src_net_bridge]
type=NetworkBridge
link=system.ruby.network.int_links20.network_link
link_id=52
link_latency=1
power_state=system.ruby.network.int_links20.src_net_bridge.power_state
vtype=OBJECT_LINK
[system.ruby.network.int_links20.src_net_bridge.power_state]
[system.ruby.network.int_links21]
type=GarnetIntLink
children=credit_link dst_cred_bridge dst_net_bridge network_link src_cred_bridge src_net_bridge
credit_link=system.ruby.network.int_links21.credit_link
dst_cred_bridge=system.ruby.network.int_links21.dst_cred_bridge
dst_net_bridge=system.ruby.network.int_links21.dst_net_bridge
dst_node=system.ruby.network.routers12
link_id=53
network_link=system.ruby.network.int_links21.network_link
src_cred_bridge=system.ruby.network.int_links21.src_cred_bridge
src_net_bridge=system.ruby.network.int_links21.src_net_bridge
src_node=system.ruby.network.routers13
[system.ruby.network.int_links21.credit_link]
type=CreditLink
link_id=53
link_latency=1
power_state=system.ruby.network.int_links21.credit_link.power_state
[system.ruby.network.int_links21.credit_link.power_state]
[system.ruby.network.int_links21.dst_cred_bridge]
type=NetworkBridge
link=system.ruby.network.int_links21.credit_link
link_id=53
link_latency=1
power_state=system.ruby.network.int_links21.dst_cred_bridge.power_state
vtype=OBJECT_LINK
[system.ruby.network.int_links21.dst_cred_bridge.power_state]
[system.ruby.network.int_links21.dst_net_bridge]
type=NetworkBridge
link=system.ruby.network.int_links21.network_link
link_id=53
link_latency=1
power_state=system.ruby.network.int_links21.dst_net_bridge.power_state
vtype=LINK_OBJECT
[system.ruby.network.int_links21.dst_net_bridge.power_state]
[system.ruby.network.int_links21.network_link]
type=NetworkLink
link_id=53
link_latency=1
power_state=system.ruby.network.int_links21.network_link.power_state
[system.ruby.network.int_links21.network_link.power_state]
[system.ruby.network.int_links21.src_cred_bridge]
type=NetworkBridge
link=system.ruby.network.int_links21.credit_link
link_id=53
link_latency=1
power_state=system.ruby.network.int_links21.src_cred_bridge.power_state
vtype=LINK_OBJECT
[system.ruby.network.int_links21.src_cred_bridge.power_state]
[system.ruby.network.int_links21.src_net_bridge]
type=NetworkBridge
link=system.ruby.network.int_links21.network_link
link_id=53
link_latency=1
power_state=system.ruby.network.int_links21.src_net_bridge.power_state
vtype=OBJECT_LINK
[system.ruby.network.int_links21.src_net_bridge.power_state]
[system.ruby.network.int_links22]
type=GarnetIntLink
children=credit_link dst_cred_bridge dst_net_bridge network_link src_cred_bridge src_net_bridge
credit_link=system.ruby.network.int_links22.credit_link
dst_cred_bridge=system.ruby.network.int_links22.dst_cred_bridge
dst_net_bridge=system.ruby.network.int_links22.dst_net_bridge
dst_node=system.ruby.network.routers13
link_id=54
network_link=system.ruby.network.int_links22.network_link
src_cred_bridge=system.ruby.network.int_links22.src_cred_bridge
src_net_bridge=system.ruby.network.int_links22.src_net_bridge
src_node=system.ruby.network.routers14
[system.ruby.network.int_links22.credit_link]
type=CreditLink
link_id=54
link_latency=1
power_state=system.ruby.network.int_links22.credit_link.power_state
[system.ruby.network.int_links22.credit_link.power_state]
[system.ruby.network.int_links22.dst_cred_bridge]
type=NetworkBridge
link=system.ruby.network.int_links22.credit_link
link_id=54
link_latency=1
power_state=system.ruby.network.int_links22.dst_cred_bridge.power_state
vtype=OBJECT_LINK
[system.ruby.network.int_links22.dst_cred_bridge.power_state]
[system.ruby.network.int_links22.dst_net_bridge]
type=NetworkBridge
link=system.ruby.network.int_links22.network_link
link_id=54
link_latency=1
power_state=system.ruby.network.int_links22.dst_net_bridge.power_state
vtype=LINK_OBJECT
[system.ruby.network.int_links22.dst_net_bridge.power_state]
[system.ruby.network.int_links22.network_link]
type=NetworkLink
link_id=54
link_latency=1
power_state=system.ruby.network.int_links22.network_link.power_state
[system.ruby.network.int_links22.network_link.power_state]
[system.ruby.network.int_links22.src_cred_bridge]
type=NetworkBridge
link=system.ruby.network.int_links22.credit_link
link_id=54
link_latency=1
power_state=system.ruby.network.int_links22.src_cred_bridge.power_state
vtype=LINK_OBJECT
[system.ruby.network.int_links22.src_cred_bridge.power_state]
[system.ruby.network.int_links22.src_net_bridge]
type=NetworkBridge
link=system.ruby.network.int_links22.network_link
link_id=54
link_latency=1
power_state=system.ruby.network.int_links22.src_net_bridge.power_state
vtype=OBJECT_LINK
[system.ruby.network.int_links22.src_net_bridge.power_state]
[system.ruby.network.int_links23]
type=GarnetIntLink
children=credit_link dst_cred_bridge dst_net_bridge network_link src_cred_bridge src_net_bridge
credit_link=system.ruby.network.int_links23.credit_link
dst_cred_bridge=system.ruby.network.int_links23.dst_cred_bridge
dst_net_bridge=system.ruby.network.int_links23.dst_net_bridge
dst_node=system.ruby.network.routers14
link_id=55
network_link=system.ruby.network.int_links23.network_link
src_cred_bridge=system.ruby.network.int_links23.src_cred_bridge
src_net_bridge=system.ruby.network.int_links23.src_net_bridge
src_node=system.ruby.network.routers15
[system.ruby.network.int_links23.credit_link]
type=CreditLink
link_id=55
link_latency=1
power_state=system.ruby.network.int_links23.credit_link.power_state
[system.ruby.network.int_links23.credit_link.power_state]
[system.ruby.network.int_links23.dst_cred_bridge]
type=NetworkBridge
link=system.ruby.network.int_links23.credit_link
link_id=55
link_latency=1
power_state=system.ruby.network.int_links23.dst_cred_bridge.power_state
vtype=OBJECT_LINK
[system.ruby.network.int_links23.dst_cred_bridge.power_state]
[system.ruby.network.int_links23.dst_net_bridge]
type=NetworkBridge
link=system.ruby.network.int_links23.network_link
link_id=55
link_latency=1
power_state=system.ruby.network.int_links23.dst_net_bridge.power_state
vtype=LINK_OBJECT
[system.ruby.network.int_links23.dst_net_bridge.power_state]
[system.ruby.network.int_links23.network_link]
type=NetworkLink
link_id=55
link_latency=1
power_state=system.ruby.network.int_links23.network_link.power_state
[system.ruby.network.int_links23.network_link.power_state]
[system.ruby.network.int_links23.src_cred_bridge]
type=NetworkBridge
link=system.ruby.network.int_links23.credit_link
link_id=55
link_latency=1
power_state=system.ruby.network.int_links23.src_cred_bridge.power_state
vtype=LINK_OBJECT
[system.ruby.network.int_links23.src_cred_bridge.power_state]
[system.ruby.network.int_links23.src_net_bridge]
type=NetworkBridge
link=system.ruby.network.int_links23.network_link
link_id=55
link_latency=1
power_state=system.ruby.network.int_links23.src_net_bridge.power_state
vtype=OBJECT_LINK
[system.ruby.network.int_links23.src_net_bridge.power_state]
[system.ruby.network.int_links24]
type=GarnetIntLink
children=credit_link dst_cred_bridge dst_net_bridge network_link src_cred_bridge src_net_bridge
credit_link=system.ruby.network.int_links24.credit_link
dst_cred_bridge=system.ruby.network.int_links24.dst_cred_bridge
dst_net_bridge=system.ruby.network.int_links24.dst_net_bridge
dst_node=system.ruby.network.routers04
link_id=56
network_link=system.ruby.network.int_links24.network_link
src_cred_bridge=system.ruby.network.int_links24.src_cred_bridge
src_net_bridge=system.ruby.network.int_links24.src_net_bridge
src_node=system.ruby.network.routers00
[system.ruby.network.int_links24.credit_link]
type=CreditLink
link_id=56
link_latency=1
power_state=system.ruby.network.int_links24.credit_link.power_state
[system.ruby.network.int_links24.credit_link.power_state]
[system.ruby.network.int_links24.dst_cred_bridge]
type=NetworkBridge
link=system.ruby.network.int_links24.credit_link
link_id=56
link_latency=1
power_state=system.ruby.network.int_links24.dst_cred_bridge.power_state
vtype=OBJECT_LINK
[system.ruby.network.int_links24.dst_cred_bridge.power_state]
[system.ruby.network.int_links24.dst_net_bridge]
type=NetworkBridge
link=system.ruby.network.int_links24.network_link
link_id=56
link_latency=1
power_state=system.ruby.network.int_links24.dst_net_bridge.power_state
vtype=LINK_OBJECT
[system.ruby.network.int_links24.dst_net_bridge.power_state]
[system.ruby.network.int_links24.network_link]
type=NetworkLink
link_id=56
link_latency=1
power_state=system.ruby.network.int_links24.network_link.power_state
[system.ruby.network.int_links24.network_link.power_state]
[system.ruby.network.int_links24.src_cred_bridge]
type=NetworkBridge
link=system.ruby.network.int_links24.credit_link
link_id=56
link_latency=1
power_state=system.ruby.network.int_links24.src_cred_bridge.power_state
vtype=LINK_OBJECT
[system.ruby.network.int_links24.src_cred_bridge.power_state]
[system.ruby.network.int_links24.src_net_bridge]
type=NetworkBridge
link=system.ruby.network.int_links24.network_link
link_id=56
link_latency=1
power_state=system.ruby.network.int_links24.src_net_bridge.power_state
vtype=OBJECT_LINK
[system.ruby.network.int_links24.src_net_bridge.power_state]
[system.ruby.network.int_links25]
type=GarnetIntLink
children=credit_link dst_cred_bridge dst_net_bridge network_link src_cred_bridge src_net_bridge
credit_link=system.ruby.network.int_links25.credit_link
dst_cred_bridge=system.ruby.network.int_links25.dst_cred_bridge
dst_net_bridge=system.ruby.network.int_links25.dst_net_bridge
dst_node=system.ruby.network.routers08
link_id=57
network_link=system.ruby.network.int_links25.network_link
src_cred_bridge=system.ruby.network.int_links25.src_cred_bridge
src_net_bridge=system.ruby.network.int_links25.src_net_bridge
src_node=system.ruby.network.routers04
[system.ruby.network.int_links25.credit_link]
type=CreditLink
link_id=57
link_latency=1
power_state=system.ruby.network.int_links25.credit_link.power_state
[system.ruby.network.int_links25.credit_link.power_state]
[system.ruby.network.int_links25.dst_cred_bridge]
type=NetworkBridge
link=system.ruby.network.int_links25.credit_link
link_id=57
link_latency=1
power_state=system.ruby.network.int_links25.dst_cred_bridge.power_state
vtype=OBJECT_LINK
[system.ruby.network.int_links25.dst_cred_bridge.power_state]
[system.ruby.network.int_links25.dst_net_bridge]
type=NetworkBridge
link=system.ruby.network.int_links25.network_link
link_id=57
link_latency=1
power_state=system.ruby.network.int_links25.dst_net_bridge.power_state
vtype=LINK_OBJECT
[system.ruby.network.int_links25.dst_net_bridge.power_state]
[system.ruby.network.int_links25.network_link]
type=NetworkLink
link_id=57
link_latency=1
power_state=system.ruby.network.int_links25.network_link.power_state
[system.ruby.network.int_links25.network_link.power_state]
[system.ruby.network.int_links25.src_cred_bridge]
type=NetworkBridge
link=system.ruby.network.int_links25.credit_link
link_id=57
link_latency=1
power_state=system.ruby.network.int_links25.src_cred_bridge.power_state
vtype=LINK_OBJECT
[system.ruby.network.int_links25.src_cred_bridge.power_state]
[system.ruby.network.int_links25.src_net_bridge]
type=NetworkBridge
link=system.ruby.network.int_links25.network_link
link_id=57
link_latency=1
power_state=system.ruby.network.int_links25.src_net_bridge.power_state
vtype=OBJECT_LINK
[system.ruby.network.int_links25.src_net_bridge.power_state]
[system.ruby.network.int_links26]
type=GarnetIntLink
children=credit_link dst_cred_bridge dst_net_bridge network_link src_cred_bridge src_net_bridge
credit_link=system.ruby.network.int_links26.credit_link
dst_cred_bridge=system.ruby.network.int_links26.dst_cred_bridge
dst_net_bridge=system.ruby.network.int_links26.dst_net_bridge
dst_node=system.ruby.network.routers12
link_id=58
network_link=system.ruby.network.int_links26.network_link
src_cred_bridge=system.ruby.network.int_links26.src_cred_bridge
src_net_bridge=system.ruby.network.int_links26.src_net_bridge
src_node=system.ruby.network.routers08
[system.ruby.network.int_links26.credit_link]
type=CreditLink
link_id=58
link_latency=1
power_state=system.ruby.network.int_links26.credit_link.power_state
[system.ruby.network.int_links26.credit_link.power_state]
[system.ruby.network.int_links26.dst_cred_bridge]
type=NetworkBridge
link=system.ruby.network.int_links26.credit_link
link_id=58
link_latency=1
power_state=system.ruby.network.int_links26.dst_cred_bridge.power_state
vtype=OBJECT_LINK
[system.ruby.network.int_links26.dst_cred_bridge.power_state]
[system.ruby.network.int_links26.dst_net_bridge]
type=NetworkBridge
link=system.ruby.network.int_links26.network_link
link_id=58
link_latency=1
power_state=system.ruby.network.int_links26.dst_net_bridge.power_state
vtype=LINK_OBJECT
[system.ruby.network.int_links26.dst_net_bridge.power_state]
[system.ruby.network.int_links26.network_link]
type=NetworkLink
link_id=58
link_latency=1
power_state=system.ruby.network.int_links26.network_link.power_state
[system.ruby.network.int_links26.network_link.power_state]
[system.ruby.network.int_links26.src_cred_bridge]
type=NetworkBridge
link=system.ruby.network.int_links26.credit_link
link_id=58
link_latency=1
power_state=system.ruby.network.int_links26.src_cred_bridge.power_state
vtype=LINK_OBJECT
[system.ruby.network.int_links26.src_cred_bridge.power_state]
[system.ruby.network.int_links26.src_net_bridge]
type=NetworkBridge
link=system.ruby.network.int_links26.network_link
link_id=58
link_latency=1
power_state=system.ruby.network.int_links26.src_net_bridge.power_state
vtype=OBJECT_LINK
[system.ruby.network.int_links26.src_net_bridge.power_state]
[system.ruby.network.int_links27]
type=GarnetIntLink
children=credit_link dst_cred_bridge dst_net_bridge network_link src_cred_bridge src_net_bridge
credit_link=system.ruby.network.int_links27.credit_link
dst_cred_bridge=system.ruby.network.int_links27.dst_cred_bridge
dst_net_bridge=system.ruby.network.int_links27.dst_net_bridge
dst_node=system.ruby.network.routers05
link_id=59
network_link=system.ruby.network.int_links27.network_link
src_cred_bridge=system.ruby.network.int_links27.src_cred_bridge
src_net_bridge=system.ruby.network.int_links27.src_net_bridge
src_node=system.ruby.network.routers01
[system.ruby.network.int_links27.credit_link]
type=CreditLink
link_id=59
link_latency=1
power_state=system.ruby.network.int_links27.credit_link.power_state
[system.ruby.network.int_links27.credit_link.power_state]
[system.ruby.network.int_links27.dst_cred_bridge]
type=NetworkBridge
link=system.ruby.network.int_links27.credit_link
link_id=59
link_latency=1
power_state=system.ruby.network.int_links27.dst_cred_bridge.power_state
vtype=OBJECT_LINK
[system.ruby.network.int_links27.dst_cred_bridge.power_state]
[system.ruby.network.int_links27.dst_net_bridge]
type=NetworkBridge
link=system.ruby.network.int_links27.network_link
link_id=59
link_latency=1
power_state=system.ruby.network.int_links27.dst_net_bridge.power_state
vtype=LINK_OBJECT
[system.ruby.network.int_links27.dst_net_bridge.power_state]
[system.ruby.network.int_links27.network_link]
type=NetworkLink
link_id=59
link_latency=1
power_state=system.ruby.network.int_links27.network_link.power_state
[system.ruby.network.int_links27.network_link.power_state]
[system.ruby.network.int_links27.src_cred_bridge]
type=NetworkBridge
link=system.ruby.network.int_links27.credit_link
link_id=59
link_latency=1
power_state=system.ruby.network.int_links27.src_cred_bridge.power_state
vtype=LINK_OBJECT
[system.ruby.network.int_links27.src_cred_bridge.power_state]
[system.ruby.network.int_links27.src_net_bridge]
type=NetworkBridge
link=system.ruby.network.int_links27.network_link
link_id=59
link_latency=1
power_state=system.ruby.network.int_links27.src_net_bridge.power_state
vtype=OBJECT_LINK
[system.ruby.network.int_links27.src_net_bridge.power_state]
[system.ruby.network.int_links28]
type=GarnetIntLink
children=credit_link dst_cred_bridge dst_net_bridge network_link src_cred_bridge src_net_bridge
credit_link=system.ruby.network.int_links28.credit_link
dst_cred_bridge=system.ruby.network.int_links28.dst_cred_bridge
dst_net_bridge=system.ruby.network.int_links28.dst_net_bridge
dst_node=system.ruby.network.routers09
link_id=60
network_link=system.ruby.network.int_links28.network_link
src_cred_bridge=system.ruby.network.int_links28.src_cred_bridge
src_net_bridge=system.ruby.network.int_links28.src_net_bridge
src_node=system.ruby.network.routers05
[system.ruby.network.int_links28.credit_link]
type=CreditLink
link_id=60
link_latency=1
power_state=system.ruby.network.int_links28.credit_link.power_state
[system.ruby.network.int_links28.credit_link.power_state]
[system.ruby.network.int_links28.dst_cred_bridge]
type=NetworkBridge
link=system.ruby.network.int_links28.credit_link
link_id=60
link_latency=1
power_state=system.ruby.network.int_links28.dst_cred_bridge.power_state
vtype=OBJECT_LINK
[system.ruby.network.int_links28.dst_cred_bridge.power_state]
[system.ruby.network.int_links28.dst_net_bridge]
type=NetworkBridge
link=system.ruby.network.int_links28.network_link
link_id=60
link_latency=1
power_state=system.ruby.network.int_links28.dst_net_bridge.power_state
vtype=LINK_OBJECT
[system.ruby.network.int_links28.dst_net_bridge.power_state]
[system.ruby.network.int_links28.network_link]
type=NetworkLink
link_id=60
link_latency=1
power_state=system.ruby.network.int_links28.network_link.power_state
[system.ruby.network.int_links28.network_link.power_state]
[system.ruby.network.int_links28.src_cred_bridge]
type=NetworkBridge
link=system.ruby.network.int_links28.credit_link
link_id=60
link_latency=1
power_state=system.ruby.network.int_links28.src_cred_bridge.power_state
vtype=LINK_OBJECT
[system.ruby.network.int_links28.src_cred_bridge.power_state]
[system.ruby.network.int_links28.src_net_bridge]
type=NetworkBridge
link=system.ruby.network.int_links28.network_link
link_id=60
link_latency=1
power_state=system.ruby.network.int_links28.src_net_bridge.power_state
vtype=OBJECT_LINK
[system.ruby.network.int_links28.src_net_bridge.power_state]
[system.ruby.network.int_links29]
type=GarnetIntLink
children=credit_link dst_cred_bridge dst_net_bridge network_link src_cred_bridge src_net_bridge
credit_link=system.ruby.network.int_links29.credit_link
dst_cred_bridge=system.ruby.network.int_links29.dst_cred_bridge
dst_net_bridge=system.ruby.network.int_links29.dst_net_bridge
dst_node=system.ruby.network.routers13
link_id=61
network_link=system.ruby.network.int_links29.network_link
src_cred_bridge=system.ruby.network.int_links29.src_cred_bridge
src_net_bridge=system.ruby.network.int_links29.src_net_bridge
src_node=system.ruby.network.routers09
[system.ruby.network.int_links29.credit_link]
type=CreditLink
link_id=61
link_latency=1
power_state=system.ruby.network.int_links29.credit_link.power_state
[system.ruby.network.int_links29.credit_link.power_state]
[system.ruby.network.int_links29.dst_cred_bridge]
type=NetworkBridge
link=system.ruby.network.int_links29.credit_link
link_id=61
link_latency=1
power_state=system.ruby.network.int_links29.dst_cred_bridge.power_state
vtype=OBJECT_LINK
[system.ruby.network.int_links29.dst_cred_bridge.power_state]
[system.ruby.network.int_links29.dst_net_bridge]
type=NetworkBridge
link=system.ruby.network.int_links29.network_link
link_id=61
link_latency=1
power_state=system.ruby.network.int_links29.dst_net_bridge.power_state
vtype=LINK_OBJECT
[system.ruby.network.int_links29.dst_net_bridge.power_state]
[system.ruby.network.int_links29.network_link]
type=NetworkLink
link_id=61
link_latency=1
power_state=system.ruby.network.int_links29.network_link.power_state
[system.ruby.network.int_links29.network_link.power_state]
[system.ruby.network.int_links29.src_cred_bridge]
type=NetworkBridge
link=system.ruby.network.int_links29.credit_link
link_id=61
link_latency=1
power_state=system.ruby.network.int_links29.src_cred_bridge.power_state
vtype=LINK_OBJECT
[system.ruby.network.int_links29.src_cred_bridge.power_state]
[system.ruby.network.int_links29.src_net_bridge]
type=NetworkBridge
link=system.ruby.network.int_links29.network_link
link_id=61
link_latency=1
power_state=system.ruby.network.int_links29.src_net_bridge.power_state
vtype=OBJECT_LINK
[system.ruby.network.int_links29.src_net_bridge.power_state]
[system.ruby.network.int_links30]
type=GarnetIntLink
children=credit_link dst_cred_bridge dst_net_bridge network_link src_cred_bridge src_net_bridge
credit_link=system.ruby.network.int_links30.credit_link
dst_cred_bridge=system.ruby.network.int_links30.dst_cred_bridge
dst_net_bridge=system.ruby.network.int_links30.dst_net_bridge
dst_node=system.ruby.network.routers06
link_id=62
network_link=system.ruby.network.int_links30.network_link
src_cred_bridge=system.ruby.network.int_links30.src_cred_bridge
src_net_bridge=system.ruby.network.int_links30.src_net_bridge
src_node=system.ruby.network.routers02
[system.ruby.network.int_links30.credit_link]
type=CreditLink
link_id=62
link_latency=1
power_state=system.ruby.network.int_links30.credit_link.power_state
[system.ruby.network.int_links30.credit_link.power_state]
[system.ruby.network.int_links30.dst_cred_bridge]
type=NetworkBridge
link=system.ruby.network.int_links30.credit_link
link_id=62
link_latency=1
power_state=system.ruby.network.int_links30.dst_cred_bridge.power_state
vtype=OBJECT_LINK
[system.ruby.network.int_links30.dst_cred_bridge.power_state]
[system.ruby.network.int_links30.dst_net_bridge]
type=NetworkBridge
link=system.ruby.network.int_links30.network_link
link_id=62
link_latency=1
power_state=system.ruby.network.int_links30.dst_net_bridge.power_state
vtype=LINK_OBJECT
[system.ruby.network.int_links30.dst_net_bridge.power_state]
[system.ruby.network.int_links30.network_link]
type=NetworkLink
link_id=62
link_latency=1
power_state=system.ruby.network.int_links30.network_link.power_state
[system.ruby.network.int_links30.network_link.power_state]
[system.ruby.network.int_links30.src_cred_bridge]
type=NetworkBridge
link=system.ruby.network.int_links30.credit_link
link_id=62
link_latency=1
power_state=system.ruby.network.int_links30.src_cred_bridge.power_state
vtype=LINK_OBJECT
[system.ruby.network.int_links30.src_cred_bridge.power_state]
[system.ruby.network.int_links30.src_net_bridge]
type=NetworkBridge
link=system.ruby.network.int_links30.network_link
link_id=62
link_latency=1
power_state=system.ruby.network.int_links30.src_net_bridge.power_state
vtype=OBJECT_LINK
[system.ruby.network.int_links30.src_net_bridge.power_state]
[system.ruby.network.int_links31]
type=GarnetIntLink
children=credit_link dst_cred_bridge dst_net_bridge network_link src_cred_bridge src_net_bridge
credit_link=system.ruby.network.int_links31.credit_link
dst_cred_bridge=system.ruby.network.int_links31.dst_cred_bridge
dst_net_bridge=system.ruby.network.int_links31.dst_net_bridge
dst_node=system.ruby.network.routers10
link_id=63
network_link=system.ruby.network.int_links31.network_link
src_cred_bridge=system.ruby.network.int_links31.src_cred_bridge
src_net_bridge=system.ruby.network.int_links31.src_net_bridge
src_node=system.ruby.network.routers06
[system.ruby.network.int_links31.credit_link]
type=CreditLink
link_id=63
link_latency=1
power_state=system.ruby.network.int_links31.credit_link.power_state
[system.ruby.network.int_links31.credit_link.power_state]
[system.ruby.network.int_links31.dst_cred_bridge]
type=NetworkBridge
link=system.ruby.network.int_links31.credit_link
link_id=63
link_latency=1
power_state=system.ruby.network.int_links31.dst_cred_bridge.power_state
vtype=OBJECT_LINK
[system.ruby.network.int_links31.dst_cred_bridge.power_state]
[system.ruby.network.int_links31.dst_net_bridge]
type=NetworkBridge
link=system.ruby.network.int_links31.network_link
link_id=63
link_latency=1
power_state=system.ruby.network.int_links31.dst_net_bridge.power_state
vtype=LINK_OBJECT
[system.ruby.network.int_links31.dst_net_bridge.power_state]
[system.ruby.network.int_links31.network_link]
type=NetworkLink
link_id=63
link_latency=1
power_state=system.ruby.network.int_links31.network_link.power_state
[system.ruby.network.int_links31.network_link.power_state]
[system.ruby.network.int_links31.src_cred_bridge]
type=NetworkBridge
link=system.ruby.network.int_links31.credit_link
link_id=63
link_latency=1
power_state=system.ruby.network.int_links31.src_cred_bridge.power_state
vtype=LINK_OBJECT
[system.ruby.network.int_links31.src_cred_bridge.power_state]
[system.ruby.network.int_links31.src_net_bridge]
type=NetworkBridge
link=system.ruby.network.int_links31.network_link
link_id=63
link_latency=1
power_state=system.ruby.network.int_links31.src_net_bridge.power_state
vtype=OBJECT_LINK
[system.ruby.network.int_links31.src_net_bridge.power_state]
[system.ruby.network.int_links32]
type=GarnetIntLink
children=credit_link dst_cred_bridge dst_net_bridge network_link src_cred_bridge src_net_bridge
credit_link=system.ruby.network.int_links32.credit_link
dst_cred_bridge=system.ruby.network.int_links32.dst_cred_bridge
dst_net_bridge=system.ruby.network.int_links32.dst_net_bridge
dst_node=system.ruby.network.routers14
link_id=64
network_link=system.ruby.network.int_links32.network_link
src_cred_bridge=system.ruby.network.int_links32.src_cred_bridge
src_net_bridge=system.ruby.network.int_links32.src_net_bridge
src_node=system.ruby.network.routers10
[system.ruby.network.int_links32.credit_link]
type=CreditLink
link_id=64
link_latency=1
power_state=system.ruby.network.int_links32.credit_link.power_state
[system.ruby.network.int_links32.credit_link.power_state]
[system.ruby.network.int_links32.dst_cred_bridge]
type=NetworkBridge
link=system.ruby.network.int_links32.credit_link
link_id=64
link_latency=1
power_state=system.ruby.network.int_links32.dst_cred_bridge.power_state
vtype=OBJECT_LINK
[system.ruby.network.int_links32.dst_cred_bridge.power_state]
[system.ruby.network.int_links32.dst_net_bridge]
type=NetworkBridge
link=system.ruby.network.int_links32.network_link
link_id=64
link_latency=1
power_state=system.ruby.network.int_links32.dst_net_bridge.power_state
vtype=LINK_OBJECT
[system.ruby.network.int_links32.dst_net_bridge.power_state]
[system.ruby.network.int_links32.network_link]
type=NetworkLink
link_id=64
link_latency=1
power_state=system.ruby.network.int_links32.network_link.power_state
[system.ruby.network.int_links32.network_link.power_state]
[system.ruby.network.int_links32.src_cred_bridge]
type=NetworkBridge
link=system.ruby.network.int_links32.credit_link
link_id=64
link_latency=1
power_state=system.ruby.network.int_links32.src_cred_bridge.power_state
vtype=LINK_OBJECT
[system.ruby.network.int_links32.src_cred_bridge.power_state]
[system.ruby.network.int_links32.src_net_bridge]
type=NetworkBridge
link=system.ruby.network.int_links32.network_link
link_id=64
link_latency=1
power_state=system.ruby.network.int_links32.src_net_bridge.power_state
vtype=OBJECT_LINK
[system.ruby.network.int_links32.src_net_bridge.power_state]
[system.ruby.network.int_links33]
type=GarnetIntLink
children=credit_link dst_cred_bridge dst_net_bridge network_link src_cred_bridge src_net_bridge
credit_link=system.ruby.network.int_links33.credit_link
dst_cred_bridge=system.ruby.network.int_links33.dst_cred_bridge
dst_net_bridge=system.ruby.network.int_links33.dst_net_bridge
dst_node=system.ruby.network.routers07
link_id=65
network_link=system.ruby.network.int_links33.network_link
src_cred_bridge=system.ruby.network.int_links33.src_cred_bridge
src_net_bridge=system.ruby.network.int_links33.src_net_bridge
src_node=system.ruby.network.routers03
[system.ruby.network.int_links33.credit_link]
type=CreditLink
link_id=65
link_latency=1
power_state=system.ruby.network.int_links33.credit_link.power_state
[system.ruby.network.int_links33.credit_link.power_state]
[system.ruby.network.int_links33.dst_cred_bridge]
type=NetworkBridge
link=system.ruby.network.int_links33.credit_link
link_id=65
link_latency=1
power_state=system.ruby.network.int_links33.dst_cred_bridge.power_state
vtype=OBJECT_LINK
[system.ruby.network.int_links33.dst_cred_bridge.power_state]
[system.ruby.network.int_links33.dst_net_bridge]
type=NetworkBridge
link=system.ruby.network.int_links33.network_link
link_id=65
link_latency=1
power_state=system.ruby.network.int_links33.dst_net_bridge.power_state
vtype=LINK_OBJECT
[system.ruby.network.int_links33.dst_net_bridge.power_state]
[system.ruby.network.int_links33.network_link]
type=NetworkLink
link_id=65
link_latency=1
power_state=system.ruby.network.int_links33.network_link.power_state
[system.ruby.network.int_links33.network_link.power_state]
[system.ruby.network.int_links33.src_cred_bridge]
type=NetworkBridge
link=system.ruby.network.int_links33.credit_link
link_id=65
link_latency=1
power_state=system.ruby.network.int_links33.src_cred_bridge.power_state
vtype=LINK_OBJECT
[system.ruby.network.int_links33.src_cred_bridge.power_state]
[system.ruby.network.int_links33.src_net_bridge]
type=NetworkBridge
link=system.ruby.network.int_links33.network_link
link_id=65
link_latency=1
power_state=system.ruby.network.int_links33.src_net_bridge.power_state
vtype=OBJECT_LINK
[system.ruby.network.int_links33.src_net_bridge.power_state]
[system.ruby.network.int_links34]
type=GarnetIntLink
children=credit_link dst_cred_bridge dst_net_bridge network_link src_cred_bridge src_net_bridge
credit_link=system.ruby.network.int_links34.credit_link
dst_cred_bridge=system.ruby.network.int_links34.dst_cred_bridge
dst_net_bridge=system.ruby.network.int_links34.dst_net_bridge
dst_node=system.ruby.network.routers11
link_id=66
network_link=system.ruby.network.int_links34.network_link
src_cred_bridge=system.ruby.network.int_links34.src_cred_bridge
src_net_bridge=system.ruby.network.int_links34.src_net_bridge
src_node=system.ruby.network.routers07
[system.ruby.network.int_links34.credit_link]
type=CreditLink
link_id=66
link_latency=1
power_state=system.ruby.network.int_links34.credit_link.power_state
[system.ruby.network.int_links34.credit_link.power_state]
[system.ruby.network.int_links34.dst_cred_bridge]
type=NetworkBridge
link=system.ruby.network.int_links34.credit_link
link_id=66
link_latency=1
power_state=system.ruby.network.int_links34.dst_cred_bridge.power_state
vtype=OBJECT_LINK
[system.ruby.network.int_links34.dst_cred_bridge.power_state]
[system.ruby.network.int_links34.dst_net_bridge]
type=NetworkBridge
link=system.ruby.network.int_links34.network_link
link_id=66
link_latency=1
power_state=system.ruby.network.int_links34.dst_net_bridge.power_state
vtype=LINK_OBJECT
[system.ruby.network.int_links34.dst_net_bridge.power_state]
[system.ruby.network.int_links34.network_link]
type=NetworkLink
link_id=66
link_latency=1
power_state=system.ruby.network.int_links34.network_link.power_state
[system.ruby.network.int_links34.network_link.power_state]
[system.ruby.network.int_links34.src_cred_bridge]
type=NetworkBridge
link=system.ruby.network.int_links34.credit_link
link_id=66
link_latency=1
power_state=system.ruby.network.int_links34.src_cred_bridge.power_state
vtype=LINK_OBJECT
[system.ruby.network.int_links34.src_cred_bridge.power_state]
[system.ruby.network.int_links34.src_net_bridge]
type=NetworkBridge
link=system.ruby.network.int_links34.network_link
link_id=66
link_latency=1
power_state=system.ruby.network.int_links34.src_net_bridge.power_state
vtype=OBJECT_LINK
[system.ruby.network.int_links34.src_net_bridge.power_state]
[system.ruby.network.int_links35]
type=GarnetIntLink
children=credit_link dst_cred_bridge dst_net_bridge network_link src_cred_bridge src_net_bridge
credit_link=system.ruby.network.int_links35.credit_link
dst_cred_bridge=system.ruby.network.int_links35.dst_cred_bridge
dst_net_bridge=system.ruby.network.int_links35.dst_net_bridge
dst_node=system.ruby.network.routers15
link_id=67
network_link=system.ruby.network.int_links35.network_link
src_cred_bridge=system.ruby.network.int_links35.src_cred_bridge
src_net_bridge=system.ruby.network.int_links35.src_net_bridge
src_node=system.ruby.network.routers11
[system.ruby.network.int_links35.credit_link]
type=CreditLink
link_id=67
link_latency=1
power_state=system.ruby.network.int_links35.credit_link.power_state
[system.ruby.network.int_links35.credit_link.power_state]
[system.ruby.network.int_links35.dst_cred_bridge]
type=NetworkBridge
link=system.ruby.network.int_links35.credit_link
link_id=67
link_latency=1
power_state=system.ruby.network.int_links35.dst_cred_bridge.power_state
vtype=OBJECT_LINK
[system.ruby.network.int_links35.dst_cred_bridge.power_state]
[system.ruby.network.int_links35.dst_net_bridge]
type=NetworkBridge
link=system.ruby.network.int_links35.network_link
link_id=67
link_latency=1
power_state=system.ruby.network.int_links35.dst_net_bridge.power_state
vtype=LINK_OBJECT
[system.ruby.network.int_links35.dst_net_bridge.power_state]
[system.ruby.network.int_links35.network_link]
type=NetworkLink
link_id=67
link_latency=1
power_state=system.ruby.network.int_links35.network_link.power_state
[system.ruby.network.int_links35.network_link.power_state]
[system.ruby.network.int_links35.src_cred_bridge]
type=NetworkBridge
link=system.ruby.network.int_links35.credit_link
link_id=67
link_latency=1
power_state=system.ruby.network.int_links35.src_cred_bridge.power_state
vtype=LINK_OBJECT
[system.ruby.network.int_links35.src_cred_bridge.power_state]
[system.ruby.network.int_links35.src_net_bridge]
type=NetworkBridge
link=system.ruby.network.int_links35.network_link
link_id=67
link_latency=1
power_state=system.ruby.network.int_links35.src_net_bridge.power_state
vtype=OBJECT_LINK
[system.ruby.network.int_links35.src_net_bridge.power_state]
[system.ruby.network.int_links36]
type=GarnetIntLink
children=credit_link dst_cred_bridge dst_net_bridge network_link src_cred_bridge src_net_bridge
credit_link=system.ruby.network.int_links36.credit_link
dst_cred_bridge=system.ruby.network.int_links36.dst_cred_bridge
dst_net_bridge=system.ruby.network.int_links36.dst_net_bridge
dst_node=system.ruby.network.routers00
link_id=68
network_link=system.ruby.network.int_links36.network_link
src_cred_bridge=system.ruby.network.int_links36.src_cred_bridge
src_net_bridge=system.ruby.network.int_links36.src_net_bridge
src_node=system.ruby.network.routers04
[system.ruby.network.int_links36.credit_link]
type=CreditLink
link_id=68
link_latency=1
power_state=system.ruby.network.int_links36.credit_link.power_state
[system.ruby.network.int_links36.credit_link.power_state]
[system.ruby.network.int_links36.dst_cred_bridge]
type=NetworkBridge
link=system.ruby.network.int_links36.credit_link
link_id=68
link_latency=1
power_state=system.ruby.network.int_links36.dst_cred_bridge.power_state
vtype=OBJECT_LINK
[system.ruby.network.int_links36.dst_cred_bridge.power_state]
[system.ruby.network.int_links36.dst_net_bridge]
type=NetworkBridge
link=system.ruby.network.int_links36.network_link
link_id=68
link_latency=1
power_state=system.ruby.network.int_links36.dst_net_bridge.power_state
vtype=LINK_OBJECT
[system.ruby.network.int_links36.dst_net_bridge.power_state]
[system.ruby.network.int_links36.network_link]
type=NetworkLink
link_id=68
link_latency=1
power_state=system.ruby.network.int_links36.network_link.power_state
[system.ruby.network.int_links36.network_link.power_state]
[system.ruby.network.int_links36.src_cred_bridge]
type=NetworkBridge
link=system.ruby.network.int_links36.credit_link
link_id=68
link_latency=1
power_state=system.ruby.network.int_links36.src_cred_bridge.power_state
vtype=LINK_OBJECT
[system.ruby.network.int_links36.src_cred_bridge.power_state]
[system.ruby.network.int_links36.src_net_bridge]
type=NetworkBridge
link=system.ruby.network.int_links36.network_link
link_id=68
link_latency=1
power_state=system.ruby.network.int_links36.src_net_bridge.power_state
vtype=OBJECT_LINK
[system.ruby.network.int_links36.src_net_bridge.power_state]
[system.ruby.network.int_links37]
type=GarnetIntLink
children=credit_link dst_cred_bridge dst_net_bridge network_link src_cred_bridge src_net_bridge
credit_link=system.ruby.network.int_links37.credit_link
dst_cred_bridge=system.ruby.network.int_links37.dst_cred_bridge
dst_net_bridge=system.ruby.network.int_links37.dst_net_bridge
dst_node=system.ruby.network.routers04
link_id=69
network_link=system.ruby.network.int_links37.network_link
src_cred_bridge=system.ruby.network.int_links37.src_cred_bridge
src_net_bridge=system.ruby.network.int_links37.src_net_bridge
src_node=system.ruby.network.routers08
[system.ruby.network.int_links37.credit_link]
type=CreditLink
link_id=69
link_latency=1
power_state=system.ruby.network.int_links37.credit_link.power_state
[system.ruby.network.int_links37.credit_link.power_state]
[system.ruby.network.int_links37.dst_cred_bridge]
type=NetworkBridge
link=system.ruby.network.int_links37.credit_link
link_id=69
link_latency=1
power_state=system.ruby.network.int_links37.dst_cred_bridge.power_state
vtype=OBJECT_LINK
[system.ruby.network.int_links37.dst_cred_bridge.power_state]
[system.ruby.network.int_links37.dst_net_bridge]
type=NetworkBridge
link=system.ruby.network.int_links37.network_link
link_id=69
link_latency=1
power_state=system.ruby.network.int_links37.dst_net_bridge.power_state
vtype=LINK_OBJECT
[system.ruby.network.int_links37.dst_net_bridge.power_state]
[system.ruby.network.int_links37.network_link]
type=NetworkLink
link_id=69
link_latency=1
power_state=system.ruby.network.int_links37.network_link.power_state
[system.ruby.network.int_links37.network_link.power_state]
[system.ruby.network.int_links37.src_cred_bridge]
type=NetworkBridge
link=system.ruby.network.int_links37.credit_link
link_id=69
link_latency=1
power_state=system.ruby.network.int_links37.src_cred_bridge.power_state
vtype=LINK_OBJECT
[system.ruby.network.int_links37.src_cred_bridge.power_state]
[system.ruby.network.int_links37.src_net_bridge]
type=NetworkBridge
link=system.ruby.network.int_links37.network_link
link_id=69
link_latency=1
power_state=system.ruby.network.int_links37.src_net_bridge.power_state
vtype=OBJECT_LINK
[system.ruby.network.int_links37.src_net_bridge.power_state]
[system.ruby.network.int_links38]
type=GarnetIntLink
children=credit_link dst_cred_bridge dst_net_bridge network_link src_cred_bridge src_net_bridge
credit_link=system.ruby.network.int_links38.credit_link
dst_cred_bridge=system.ruby.network.int_links38.dst_cred_bridge
dst_net_bridge=system.ruby.network.int_links38.dst_net_bridge
dst_node=system.ruby.network.routers08
link_id=70
network_link=system.ruby.network.int_links38.network_link
src_cred_bridge=system.ruby.network.int_links38.src_cred_bridge
src_net_bridge=system.ruby.network.int_links38.src_net_bridge
src_node=system.ruby.network.routers12
[system.ruby.network.int_links38.credit_link]
type=CreditLink
link_id=70
link_latency=1
power_state=system.ruby.network.int_links38.credit_link.power_state
[system.ruby.network.int_links38.credit_link.power_state]
[system.ruby.network.int_links38.dst_cred_bridge]
type=NetworkBridge
link=system.ruby.network.int_links38.credit_link
link_id=70
link_latency=1
power_state=system.ruby.network.int_links38.dst_cred_bridge.power_state
vtype=OBJECT_LINK
[system.ruby.network.int_links38.dst_cred_bridge.power_state]
[system.ruby.network.int_links38.dst_net_bridge]
type=NetworkBridge
link=system.ruby.network.int_links38.network_link
link_id=70
link_latency=1
power_state=system.ruby.network.int_links38.dst_net_bridge.power_state
vtype=LINK_OBJECT
[system.ruby.network.int_links38.dst_net_bridge.power_state]
[system.ruby.network.int_links38.network_link]
type=NetworkLink
link_id=70
link_latency=1
power_state=system.ruby.network.int_links38.network_link.power_state
[system.ruby.network.int_links38.network_link.power_state]
[system.ruby.network.int_links38.src_cred_bridge]
type=NetworkBridge
link=system.ruby.network.int_links38.credit_link
link_id=70
link_latency=1
power_state=system.ruby.network.int_links38.src_cred_bridge.power_state
vtype=LINK_OBJECT
[system.ruby.network.int_links38.src_cred_bridge.power_state]
[system.ruby.network.int_links38.src_net_bridge]
type=NetworkBridge
link=system.ruby.network.int_links38.network_link
link_id=70
link_latency=1
power_state=system.ruby.network.int_links38.src_net_bridge.power_state
vtype=OBJECT_LINK
[system.ruby.network.int_links38.src_net_bridge.power_state]
[system.ruby.network.int_links39]
type=GarnetIntLink
children=credit_link dst_cred_bridge dst_net_bridge network_link src_cred_bridge src_net_bridge
credit_link=system.ruby.network.int_links39.credit_link
dst_cred_bridge=system.ruby.network.int_links39.dst_cred_bridge
dst_net_bridge=system.ruby.network.int_links39.dst_net_bridge
dst_node=system.ruby.network.routers01
link_id=71
network_link=system.ruby.network.int_links39.network_link
src_cred_bridge=system.ruby.network.int_links39.src_cred_bridge
src_net_bridge=system.ruby.network.int_links39.src_net_bridge
src_node=system.ruby.network.routers05
[system.ruby.network.int_links39.credit_link]
type=CreditLink
link_id=71
link_latency=1
power_state=system.ruby.network.int_links39.credit_link.power_state
[system.ruby.network.int_links39.credit_link.power_state]
[system.ruby.network.int_links39.dst_cred_bridge]
type=NetworkBridge
link=system.ruby.network.int_links39.credit_link
link_id=71
link_latency=1
power_state=system.ruby.network.int_links39.dst_cred_bridge.power_state
vtype=OBJECT_LINK
[system.ruby.network.int_links39.dst_cred_bridge.power_state]
[system.ruby.network.int_links39.dst_net_bridge]
type=NetworkBridge
link=system.ruby.network.int_links39.network_link
link_id=71
link_latency=1
power_state=system.ruby.network.int_links39.dst_net_bridge.power_state
vtype=LINK_OBJECT
[system.ruby.network.int_links39.dst_net_bridge.power_state]
[system.ruby.network.int_links39.network_link]
type=NetworkLink
link_id=71
link_latency=1
power_state=system.ruby.network.int_links39.network_link.power_state
[system.ruby.network.int_links39.network_link.power_state]
[system.ruby.network.int_links39.src_cred_bridge]
type=NetworkBridge
link=system.ruby.network.int_links39.credit_link
link_id=71
link_latency=1
power_state=system.ruby.network.int_links39.src_cred_bridge.power_state
vtype=LINK_OBJECT
[system.ruby.network.int_links39.src_cred_bridge.power_state]
[system.ruby.network.int_links39.src_net_bridge]
type=NetworkBridge
link=system.ruby.network.int_links39.network_link
link_id=71
link_latency=1
power_state=system.ruby.network.int_links39.src_net_bridge.power_state
vtype=OBJECT_LINK
[system.ruby.network.int_links39.src_net_bridge.power_state]
[system.ruby.network.int_links40]
type=GarnetIntLink
children=credit_link dst_cred_bridge dst_net_bridge network_link src_cred_bridge src_net_bridge
credit_link=system.ruby.network.int_links40.credit_link
dst_cred_bridge=system.ruby.network.int_links40.dst_cred_bridge
dst_net_bridge=system.ruby.network.int_links40.dst_net_bridge
dst_node=system.ruby.network.routers05
link_id=72
network_link=system.ruby.network.int_links40.network_link
src_cred_bridge=system.ruby.network.int_links40.src_cred_bridge
src_net_bridge=system.ruby.network.int_links40.src_net_bridge
src_node=system.ruby.network.routers09
[system.ruby.network.int_links40.credit_link]
type=CreditLink
link_id=72
link_latency=1
power_state=system.ruby.network.int_links40.credit_link.power_state
[system.ruby.network.int_links40.credit_link.power_state]
[system.ruby.network.int_links40.dst_cred_bridge]
type=NetworkBridge
link=system.ruby.network.int_links40.credit_link
link_id=72
link_latency=1
power_state=system.ruby.network.int_links40.dst_cred_bridge.power_state
vtype=OBJECT_LINK
[system.ruby.network.int_links40.dst_cred_bridge.power_state]
[system.ruby.network.int_links40.dst_net_bridge]
type=NetworkBridge
link=system.ruby.network.int_links40.network_link
link_id=72
link_latency=1
power_state=system.ruby.network.int_links40.dst_net_bridge.power_state
vtype=LINK_OBJECT
[system.ruby.network.int_links40.dst_net_bridge.power_state]
[system.ruby.network.int_links40.network_link]
type=NetworkLink
link_id=72
link_latency=1
power_state=system.ruby.network.int_links40.network_link.power_state
[system.ruby.network.int_links40.network_link.power_state]
[system.ruby.network.int_links40.src_cred_bridge]
type=NetworkBridge
link=system.ruby.network.int_links40.credit_link
link_id=72
link_latency=1
power_state=system.ruby.network.int_links40.src_cred_bridge.power_state
vtype=LINK_OBJECT
[system.ruby.network.int_links40.src_cred_bridge.power_state]
[system.ruby.network.int_links40.src_net_bridge]
type=NetworkBridge
link=system.ruby.network.int_links40.network_link
link_id=72
link_latency=1
power_state=system.ruby.network.int_links40.src_net_bridge.power_state
vtype=OBJECT_LINK
[system.ruby.network.int_links40.src_net_bridge.power_state]
[system.ruby.network.int_links41]
type=GarnetIntLink
children=credit_link dst_cred_bridge dst_net_bridge network_link src_cred_bridge src_net_bridge
credit_link=system.ruby.network.int_links41.credit_link
dst_cred_bridge=system.ruby.network.int_links41.dst_cred_bridge
dst_net_bridge=system.ruby.network.int_links41.dst_net_bridge
dst_node=system.ruby.network.routers09
link_id=73
network_link=system.ruby.network.int_links41.network_link
src_cred_bridge=system.ruby.network.int_links41.src_cred_bridge
src_net_bridge=system.ruby.network.int_links41.src_net_bridge
src_node=system.ruby.network.routers13
[system.ruby.network.int_links41.credit_link]
type=CreditLink
link_id=73
link_latency=1
power_state=system.ruby.network.int_links41.credit_link.power_state
[system.ruby.network.int_links41.credit_link.power_state]
[system.ruby.network.int_links41.dst_cred_bridge]
type=NetworkBridge
link=system.ruby.network.int_links41.credit_link
link_id=73
link_latency=1
power_state=system.ruby.network.int_links41.dst_cred_bridge.power_state
vtype=OBJECT_LINK
[system.ruby.network.int_links41.dst_cred_bridge.power_state]
[system.ruby.network.int_links41.dst_net_bridge]
type=NetworkBridge
link=system.ruby.network.int_links41.network_link
link_id=73
link_latency=1
power_state=system.ruby.network.int_links41.dst_net_bridge.power_state
vtype=LINK_OBJECT
[system.ruby.network.int_links41.dst_net_bridge.power_state]
[system.ruby.network.int_links41.network_link]
type=NetworkLink
link_id=73
link_latency=1
power_state=system.ruby.network.int_links41.network_link.power_state
[system.ruby.network.int_links41.network_link.power_state]
[system.ruby.network.int_links41.src_cred_bridge]
type=NetworkBridge
link=system.ruby.network.int_links41.credit_link
link_id=73
link_latency=1
power_state=system.ruby.network.int_links41.src_cred_bridge.power_state
vtype=LINK_OBJECT
[system.ruby.network.int_links41.src_cred_bridge.power_state]
[system.ruby.network.int_links41.src_net_bridge]
type=NetworkBridge
link=system.ruby.network.int_links41.network_link
link_id=73
link_latency=1
power_state=system.ruby.network.int_links41.src_net_bridge.power_state
vtype=OBJECT_LINK
[system.ruby.network.int_links41.src_net_bridge.power_state]
[system.ruby.network.int_links42]
type=GarnetIntLink
children=credit_link dst_cred_bridge dst_net_bridge network_link src_cred_bridge src_net_bridge
credit_link=system.ruby.network.int_links42.credit_link
dst_cred_bridge=system.ruby.network.int_links42.dst_cred_bridge
dst_net_bridge=system.ruby.network.int_links42.dst_net_bridge
dst_node=system.ruby.network.routers02
link_id=74
network_link=system.ruby.network.int_links42.network_link
src_cred_bridge=system.ruby.network.int_links42.src_cred_bridge
src_net_bridge=system.ruby.network.int_links42.src_net_bridge
src_node=system.ruby.network.routers06
[system.ruby.network.int_links42.credit_link]
type=CreditLink
link_id=74
link_latency=1
power_state=system.ruby.network.int_links42.credit_link.power_state
[system.ruby.network.int_links42.credit_link.power_state]
[system.ruby.network.int_links42.dst_cred_bridge]
type=NetworkBridge
link=system.ruby.network.int_links42.credit_link
link_id=74
link_latency=1
power_state=system.ruby.network.int_links42.dst_cred_bridge.power_state
vtype=OBJECT_LINK
[system.ruby.network.int_links42.dst_cred_bridge.power_state]
[system.ruby.network.int_links42.dst_net_bridge]
type=NetworkBridge
link=system.ruby.network.int_links42.network_link
link_id=74
link_latency=1
power_state=system.ruby.network.int_links42.dst_net_bridge.power_state
vtype=LINK_OBJECT
[system.ruby.network.int_links42.dst_net_bridge.power_state]
[system.ruby.network.int_links42.network_link]
type=NetworkLink
link_id=74
link_latency=1
power_state=system.ruby.network.int_links42.network_link.power_state
[system.ruby.network.int_links42.network_link.power_state]
[system.ruby.network.int_links42.src_cred_bridge]
type=NetworkBridge
link=system.ruby.network.int_links42.credit_link
link_id=74
link_latency=1
power_state=system.ruby.network.int_links42.src_cred_bridge.power_state
vtype=LINK_OBJECT
[system.ruby.network.int_links42.src_cred_bridge.power_state]
[system.ruby.network.int_links42.src_net_bridge]
type=NetworkBridge
link=system.ruby.network.int_links42.network_link
link_id=74
link_latency=1
power_state=system.ruby.network.int_links42.src_net_bridge.power_state
vtype=OBJECT_LINK
[system.ruby.network.int_links42.src_net_bridge.power_state]
[system.ruby.network.int_links43]
type=GarnetIntLink
children=credit_link dst_cred_bridge dst_net_bridge network_link src_cred_bridge src_net_bridge
credit_link=system.ruby.network.int_links43.credit_link
dst_cred_bridge=system.ruby.network.int_links43.dst_cred_bridge
dst_net_bridge=system.ruby.network.int_links43.dst_net_bridge
dst_node=system.ruby.network.routers06
link_id=75
network_link=system.ruby.network.int_links43.network_link
src_cred_bridge=system.ruby.network.int_links43.src_cred_bridge
src_net_bridge=system.ruby.network.int_links43.src_net_bridge
src_node=system.ruby.network.routers10
[system.ruby.network.int_links43.credit_link]
type=CreditLink
link_id=75
link_latency=1
power_state=system.ruby.network.int_links43.credit_link.power_state
[system.ruby.network.int_links43.credit_link.power_state]
[system.ruby.network.int_links43.dst_cred_bridge]
type=NetworkBridge
link=system.ruby.network.int_links43.credit_link
link_id=75
link_latency=1
power_state=system.ruby.network.int_links43.dst_cred_bridge.power_state
vtype=OBJECT_LINK
[system.ruby.network.int_links43.dst_cred_bridge.power_state]
[system.ruby.network.int_links43.dst_net_bridge]
type=NetworkBridge
link=system.ruby.network.int_links43.network_link
link_id=75
link_latency=1
power_state=system.ruby.network.int_links43.dst_net_bridge.power_state
vtype=LINK_OBJECT
[system.ruby.network.int_links43.dst_net_bridge.power_state]
[system.ruby.network.int_links43.network_link]
type=NetworkLink
link_id=75
link_latency=1
power_state=system.ruby.network.int_links43.network_link.power_state
[system.ruby.network.int_links43.network_link.power_state]
[system.ruby.network.int_links43.src_cred_bridge]
type=NetworkBridge
link=system.ruby.network.int_links43.credit_link
link_id=75
link_latency=1
power_state=system.ruby.network.int_links43.src_cred_bridge.power_state
vtype=LINK_OBJECT
[system.ruby.network.int_links43.src_cred_bridge.power_state]
[system.ruby.network.int_links43.src_net_bridge]
type=NetworkBridge
link=system.ruby.network.int_links43.network_link
link_id=75
link_latency=1
power_state=system.ruby.network.int_links43.src_net_bridge.power_state
vtype=OBJECT_LINK
[system.ruby.network.int_links43.src_net_bridge.power_state]
[system.ruby.network.int_links44]
type=GarnetIntLink
children=credit_link dst_cred_bridge dst_net_bridge network_link src_cred_bridge src_net_bridge
credit_link=system.ruby.network.int_links44.credit_link
dst_cred_bridge=system.ruby.network.int_links44.dst_cred_bridge
dst_net_bridge=system.ruby.network.int_links44.dst_net_bridge
dst_node=system.ruby.network.routers10
link_id=76
network_link=system.ruby.network.int_links44.network_link
src_cred_bridge=system.ruby.network.int_links44.src_cred_bridge
src_net_bridge=system.ruby.network.int_links44.src_net_bridge
src_node=system.ruby.network.routers14
[system.ruby.network.int_links44.credit_link]
type=CreditLink
link_id=76
link_latency=1
power_state=system.ruby.network.int_links44.credit_link.power_state
[system.ruby.network.int_links44.credit_link.power_state]
[system.ruby.network.int_links44.dst_cred_bridge]
type=NetworkBridge
link=system.ruby.network.int_links44.credit_link
link_id=76
link_latency=1
power_state=system.ruby.network.int_links44.dst_cred_bridge.power_state
vtype=OBJECT_LINK
[system.ruby.network.int_links44.dst_cred_bridge.power_state]
[system.ruby.network.int_links44.dst_net_bridge]
type=NetworkBridge
link=system.ruby.network.int_links44.network_link
link_id=76
link_latency=1
power_state=system.ruby.network.int_links44.dst_net_bridge.power_state
vtype=LINK_OBJECT
[system.ruby.network.int_links44.dst_net_bridge.power_state]
[system.ruby.network.int_links44.network_link]
type=NetworkLink
link_id=76
link_latency=1
power_state=system.ruby.network.int_links44.network_link.power_state
[system.ruby.network.int_links44.network_link.power_state]
[system.ruby.network.int_links44.src_cred_bridge]
type=NetworkBridge
link=system.ruby.network.int_links44.credit_link
link_id=76
link_latency=1
power_state=system.ruby.network.int_links44.src_cred_bridge.power_state
vtype=LINK_OBJECT
[system.ruby.network.int_links44.src_cred_bridge.power_state]
[system.ruby.network.int_links44.src_net_bridge]
type=NetworkBridge
link=system.ruby.network.int_links44.network_link
link_id=76
link_latency=1
power_state=system.ruby.network.int_links44.src_net_bridge.power_state
vtype=OBJECT_LINK
[system.ruby.network.int_links44.src_net_bridge.power_state]
[system.ruby.network.int_links45]
type=GarnetIntLink
children=credit_link dst_cred_bridge dst_net_bridge network_link src_cred_bridge src_net_bridge
credit_link=system.ruby.network.int_links45.credit_link
dst_cred_bridge=system.ruby.network.int_links45.dst_cred_bridge
dst_net_bridge=system.ruby.network.int_links45.dst_net_bridge
dst_node=system.ruby.network.routers03
link_id=77
network_link=system.ruby.network.int_links45.network_link
src_cred_bridge=system.ruby.network.int_links45.src_cred_bridge
src_net_bridge=system.ruby.network.int_links45.src_net_bridge
src_node=system.ruby.network.routers07
[system.ruby.network.int_links45.credit_link]
type=CreditLink
link_id=77
link_latency=1
power_state=system.ruby.network.int_links45.credit_link.power_state
[system.ruby.network.int_links45.credit_link.power_state]
[system.ruby.network.int_links45.dst_cred_bridge]
type=NetworkBridge
link=system.ruby.network.int_links45.credit_link
link_id=77
link_latency=1
power_state=system.ruby.network.int_links45.dst_cred_bridge.power_state
vtype=OBJECT_LINK
[system.ruby.network.int_links45.dst_cred_bridge.power_state]
[system.ruby.network.int_links45.dst_net_bridge]
type=NetworkBridge
link=system.ruby.network.int_links45.network_link
link_id=77
link_latency=1
power_state=system.ruby.network.int_links45.dst_net_bridge.power_state
vtype=LINK_OBJECT
[system.ruby.network.int_links45.dst_net_bridge.power_state]
[system.ruby.network.int_links45.network_link]
type=NetworkLink
link_id=77
link_latency=1
power_state=system.ruby.network.int_links45.network_link.power_state
[system.ruby.network.int_links45.network_link.power_state]
[system.ruby.network.int_links45.src_cred_bridge]
type=NetworkBridge
link=system.ruby.network.int_links45.credit_link
link_id=77
link_latency=1
power_state=system.ruby.network.int_links45.src_cred_bridge.power_state
vtype=LINK_OBJECT
[system.ruby.network.int_links45.src_cred_bridge.power_state]
[system.ruby.network.int_links45.src_net_bridge]
type=NetworkBridge
link=system.ruby.network.int_links45.network_link
link_id=77
link_latency=1
power_state=system.ruby.network.int_links45.src_net_bridge.power_state
vtype=OBJECT_LINK
[system.ruby.network.int_links45.src_net_bridge.power_state]
[system.ruby.network.int_links46]
type=GarnetIntLink
children=credit_link dst_cred_bridge dst_net_bridge network_link src_cred_bridge src_net_bridge
credit_link=system.ruby.network.int_links46.credit_link
dst_cred_bridge=system.ruby.network.int_links46.dst_cred_bridge
dst_net_bridge=system.ruby.network.int_links46.dst_net_bridge
dst_node=system.ruby.network.routers07
link_id=78
network_link=system.ruby.network.int_links46.network_link
src_cred_bridge=system.ruby.network.int_links46.src_cred_bridge
src_net_bridge=system.ruby.network.int_links46.src_net_bridge
src_node=system.ruby.network.routers11
[system.ruby.network.int_links46.credit_link]
type=CreditLink
link_id=78
link_latency=1
power_state=system.ruby.network.int_links46.credit_link.power_state
[system.ruby.network.int_links46.credit_link.power_state]
[system.ruby.network.int_links46.dst_cred_bridge]
type=NetworkBridge
link=system.ruby.network.int_links46.credit_link
link_id=78
link_latency=1
power_state=system.ruby.network.int_links46.dst_cred_bridge.power_state
vtype=OBJECT_LINK
[system.ruby.network.int_links46.dst_cred_bridge.power_state]
[system.ruby.network.int_links46.dst_net_bridge]
type=NetworkBridge
link=system.ruby.network.int_links46.network_link
link_id=78
link_latency=1
power_state=system.ruby.network.int_links46.dst_net_bridge.power_state
vtype=LINK_OBJECT
[system.ruby.network.int_links46.dst_net_bridge.power_state]
[system.ruby.network.int_links46.network_link]
type=NetworkLink
link_id=78
link_latency=1
power_state=system.ruby.network.int_links46.network_link.power_state
[system.ruby.network.int_links46.network_link.power_state]
[system.ruby.network.int_links46.src_cred_bridge]
type=NetworkBridge
link=system.ruby.network.int_links46.credit_link
link_id=78
link_latency=1
power_state=system.ruby.network.int_links46.src_cred_bridge.power_state
vtype=LINK_OBJECT
[system.ruby.network.int_links46.src_cred_bridge.power_state]
[system.ruby.network.int_links46.src_net_bridge]
type=NetworkBridge
link=system.ruby.network.int_links46.network_link
link_id=78
link_latency=1
power_state=system.ruby.network.int_links46.src_net_bridge.power_state
vtype=OBJECT_LINK
[system.ruby.network.int_links46.src_net_bridge.power_state]
[system.ruby.network.int_links47]
type=GarnetIntLink
children=credit_link dst_cred_bridge dst_net_bridge network_link src_cred_bridge src_net_bridge
credit_link=system.ruby.network.int_links47.credit_link
dst_cred_bridge=system.ruby.network.int_links47.dst_cred_bridge
dst_net_bridge=system.ruby.network.int_links47.dst_net_bridge
dst_node=system.ruby.network.routers11
link_id=79
network_link=system.ruby.network.int_links47.network_link
src_cred_bridge=system.ruby.network.int_links47.src_cred_bridge
src_net_bridge=system.ruby.network.int_links47.src_net_bridge
src_node=system.ruby.network.routers15
[system.ruby.network.int_links47.credit_link]
type=CreditLink
link_id=79
link_latency=1
power_state=system.ruby.network.int_links47.credit_link.power_state
[system.ruby.network.int_links47.credit_link.power_state]
[system.ruby.network.int_links47.dst_cred_bridge]
type=NetworkBridge
link=system.ruby.network.int_links47.credit_link
link_id=79
link_latency=1
power_state=system.ruby.network.int_links47.dst_cred_bridge.power_state
vtype=OBJECT_LINK
[system.ruby.network.int_links47.dst_cred_bridge.power_state]
[system.ruby.network.int_links47.dst_net_bridge]
type=NetworkBridge
link=system.ruby.network.int_links47.network_link
link_id=79
link_latency=1
power_state=system.ruby.network.int_links47.dst_net_bridge.power_state
vtype=LINK_OBJECT
[system.ruby.network.int_links47.dst_net_bridge.power_state]
[system.ruby.network.int_links47.network_link]
type=NetworkLink
link_id=79
link_latency=1
power_state=system.ruby.network.int_links47.network_link.power_state
[system.ruby.network.int_links47.network_link.power_state]
[system.ruby.network.int_links47.src_cred_bridge]
type=NetworkBridge
link=system.ruby.network.int_links47.credit_link
link_id=79
link_latency=1
power_state=system.ruby.network.int_links47.src_cred_bridge.power_state
vtype=LINK_OBJECT
[system.ruby.network.int_links47.src_cred_bridge.power_state]
[system.ruby.network.int_links47.src_net_bridge]
type=NetworkBridge
link=system.ruby.network.int_links47.network_link
link_id=79
link_latency=1
power_state=system.ruby.network.int_links47.src_net_bridge.power_state
vtype=OBJECT_LINK
[system.ruby.network.int_links47.src_net_bridge.power_state]
[system.ruby.network.netifs00]
type=GarnetNetworkInterface
power_state=system.ruby.network.netifs00.power_state
[system.ruby.network.netifs00.power_state]
[system.ruby.network.netifs01]
type=GarnetNetworkInterface
power_state=system.ruby.network.netifs01.power_state
[system.ruby.network.netifs01.power_state]
[system.ruby.network.netifs02]
type=GarnetNetworkInterface
power_state=system.ruby.network.netifs02.power_state
[system.ruby.network.netifs02.power_state]
[system.ruby.network.netifs03]
type=GarnetNetworkInterface
power_state=system.ruby.network.netifs03.power_state
[system.ruby.network.netifs03.power_state]
[system.ruby.network.netifs04]
type=GarnetNetworkInterface
power_state=system.ruby.network.netifs04.power_state
[system.ruby.network.netifs04.power_state]
[system.ruby.network.netifs05]
type=GarnetNetworkInterface
power_state=system.ruby.network.netifs05.power_state
[system.ruby.network.netifs05.power_state]
[system.ruby.network.netifs06]
type=GarnetNetworkInterface
power_state=system.ruby.network.netifs06.power_state
[system.ruby.network.netifs06.power_state]
[system.ruby.network.netifs07]
type=GarnetNetworkInterface
power_state=system.ruby.network.netifs07.power_state
[system.ruby.network.netifs07.power_state]
[system.ruby.network.netifs08]
type=GarnetNetworkInterface
power_state=system.ruby.network.netifs08.power_state
[system.ruby.network.netifs08.power_state]
[system.ruby.network.netifs09]
type=GarnetNetworkInterface
power_state=system.ruby.network.netifs09.power_state
[system.ruby.network.netifs09.power_state]
[system.ruby.network.netifs10]
type=GarnetNetworkInterface
power_state=system.ruby.network.netifs10.power_state
[system.ruby.network.netifs10.power_state]
[system.ruby.network.netifs11]
type=GarnetNetworkInterface
power_state=system.ruby.network.netifs11.power_state
[system.ruby.network.netifs11.power_state]
[system.ruby.network.netifs12]
type=GarnetNetworkInterface
power_state=system.ruby.network.netifs12.power_state
[system.ruby.network.netifs12.power_state]
[system.ruby.network.netifs13]
type=GarnetNetworkInterface
power_state=system.ruby.network.netifs13.power_state
[system.ruby.network.netifs13.power_state]
[system.ruby.network.netifs14]
type=GarnetNetworkInterface
power_state=system.ruby.network.netifs14.power_state
[system.ruby.network.netifs14.power_state]
[system.ruby.network.netifs15]
type=GarnetNetworkInterface
power_state=system.ruby.network.netifs15.power_state
[system.ruby.network.netifs15.power_state]
[system.ruby.network.netifs16]
type=GarnetNetworkInterface
power_state=system.ruby.network.netifs16.power_state
[system.ruby.network.netifs16.power_state]
[system.ruby.network.netifs17]
type=GarnetNetworkInterface
power_state=system.ruby.network.netifs17.power_state
[system.ruby.network.netifs17.power_state]
[system.ruby.network.netifs18]
type=GarnetNetworkInterface
power_state=system.ruby.network.netifs18.power_state
[system.ruby.network.netifs18.power_state]
[system.ruby.network.netifs19]
type=GarnetNetworkInterface
power_state=system.ruby.network.netifs19.power_state
[system.ruby.network.netifs19.power_state]
[system.ruby.network.netifs20]
type=GarnetNetworkInterface
power_state=system.ruby.network.netifs20.power_state
[system.ruby.network.netifs20.power_state]
[system.ruby.network.netifs21]
type=GarnetNetworkInterface
power_state=system.ruby.network.netifs21.power_state
[system.ruby.network.netifs21.power_state]
[system.ruby.network.netifs22]
type=GarnetNetworkInterface
power_state=system.ruby.network.netifs22.power_state
[system.ruby.network.netifs22.power_state]
[system.ruby.network.netifs23]
type=GarnetNetworkInterface
power_state=system.ruby.network.netifs23.power_state
[system.ruby.network.netifs23.power_state]
[system.ruby.network.netifs24]
type=GarnetNetworkInterface
power_state=system.ruby.network.netifs24.power_state
[system.ruby.network.netifs24.power_state]
[system.ruby.network.netifs25]
type=GarnetNetworkInterface
power_state=system.ruby.network.netifs25.power_state
[system.ruby.network.netifs25.power_state]
[system.ruby.network.netifs26]
type=GarnetNetworkInterface
power_state=system.ruby.network.netifs26.power_state
[system.ruby.network.netifs26.power_state]
[system.ruby.network.netifs27]
type=GarnetNetworkInterface
power_state=system.ruby.network.netifs27.power_state
[system.ruby.network.netifs27.power_state]
[system.ruby.network.netifs28]
type=GarnetNetworkInterface
power_state=system.ruby.network.netifs28.power_state
[system.ruby.network.netifs28.power_state]
[system.ruby.network.netifs29]
type=GarnetNetworkInterface
power_state=system.ruby.network.netifs29.power_state
[system.ruby.network.netifs29.power_state]
[system.ruby.network.netifs30]
type=GarnetNetworkInterface
power_state=system.ruby.network.netifs30.power_state
[system.ruby.network.netifs30.power_state]
[system.ruby.network.netifs31]
type=GarnetNetworkInterface
power_state=system.ruby.network.netifs31.power_state
[system.ruby.network.netifs31.power_state]
[system.ruby.network.power_state]
[system.ruby.network.routers00]
type=GarnetRouter
power_state=system.ruby.network.routers00.power_state
router_id=0
[system.ruby.network.routers00.power_state]
[system.ruby.network.routers01]
type=GarnetRouter
power_state=system.ruby.network.routers01.power_state
router_id=1
[system.ruby.network.routers01.power_state]
[system.ruby.network.routers02]
type=GarnetRouter
power_state=system.ruby.network.routers02.power_state
router_id=2
[system.ruby.network.routers02.power_state]
[system.ruby.network.routers03]
type=GarnetRouter
power_state=system.ruby.network.routers03.power_state
router_id=3
[system.ruby.network.routers03.power_state]
[system.ruby.network.routers04]
type=GarnetRouter
power_state=system.ruby.network.routers04.power_state
router_id=4
[system.ruby.network.routers04.power_state]
[system.ruby.network.routers05]
type=GarnetRouter
power_state=system.ruby.network.routers05.power_state
router_id=5
[system.ruby.network.routers05.power_state]
[system.ruby.network.routers06]
type=GarnetRouter
power_state=system.ruby.network.routers06.power_state
router_id=6
[system.ruby.network.routers06.power_state]
[system.ruby.network.routers07]
type=GarnetRouter
power_state=system.ruby.network.routers07.power_state
router_id=7
[system.ruby.network.routers07.power_state]
[system.ruby.network.routers08]
type=GarnetRouter
power_state=system.ruby.network.routers08.power_state
router_id=8
[system.ruby.network.routers08.power_state]
[system.ruby.network.routers09]
type=GarnetRouter
power_state=system.ruby.network.routers09.power_state
router_id=9
[system.ruby.network.routers09.power_state]
[system.ruby.network.routers10]
type=GarnetRouter
power_state=system.ruby.network.routers10.power_state
router_id=10
[system.ruby.network.routers10.power_state]
[system.ruby.network.routers11]
type=GarnetRouter
power_state=system.ruby.network.routers11.power_state
router_id=11
[system.ruby.network.routers11.power_state]
[system.ruby.network.routers12]
type=GarnetRouter
power_state=system.ruby.network.routers12.power_state
router_id=12
[system.ruby.network.routers12.power_state]
[system.ruby.network.routers13]
type=GarnetRouter
power_state=system.ruby.network.routers13.power_state
router_id=13
[system.ruby.network.routers13.power_state]
[system.ruby.network.routers14]
type=GarnetRouter
power_state=system.ruby.network.routers14.power_state
router_id=14
[system.ruby.network.routers14.power_state]
[system.ruby.network.routers15]
type=GarnetRouter
power_state=system.ruby.network.routers15.power_state
router_id=15
[system.ruby.network.routers15.power_state]
